0,2024-08-07 12:24:00+02,8.6154633
1,2024-08-07 12:27:00+02,8.5984039
2,2024-08-07 14:00:00+02,8.5594254
3,2024-08-07 14:30:00+02,8.5340118
4,2024-08-07 15:00:00+02,8.520256
5,2024-08-07 15:30:00+02,8.5119705
6,2024-08-07 16:00:00+02,8.5042496
7,2024-08-07 16:30:00+02,8.496376
8,2024-08-07 17:00:00+02,8.4907379
9,2024-08-07 17:30:00+02,8.4840698
10,2024-08-07 18:00:00+02,8.4805908
11,2024-08-07 18:30:00+02,8.4751968
12,2024-08-07 19:00:00+02,8.4723663
13,2024-08-07 19:30:00+02,8.4667053
14,2024-08-07 20:00:00+02,8.4630356
15,2024-08-07 20:30:00+02,8.4584885
16,2024-08-07 21:00:00+02,8.4567871
17,2024-08-07 21:30:00+02,8.4526596
18,2024-08-07 22:00:00+02,8.4498978
19,2024-08-07 22:30:00+02,8.4459534
20,2024-08-07 23:00:00+02,8.4447403
21,2024-08-07 23:30:00+02,8.4429932
22,2024-08-08 00:00:00+02,8.4394302
23,2024-08-08 00:30:00+02,8.4373703
24,2024-08-08 01:00:00+02,8.4346008
25,2024-08-08 01:30:00+02,8.4320908
26,2024-08-08 02:00:00+02,8.4322433
27,2024-08-08 02:30:00+02,8.4317093
28,2024-08-08 03:00:00+02,8.4311142
29,2024-08-08 03:30:00+02,8.4279327
30,2024-08-08 04:00:00+02,8.4266815
31,2024-08-08 04:30:00+02,8.4244308
32,2024-08-08 05:00:00+02,8.4267426
33,2024-08-08 05:30:00+02,8.4273987
34,2024-08-08 06:00:00+02,8.4215622
35,2024-08-08 06:30:00+02,8.4212494
36,2024-08-08 07:00:00+02,8.4171753
37,2024-08-08 07:30:00+02,8.4158707
38,2024-08-08 08:00:00+02,8.4142609
39,2024-08-08 08:30:00+02,8.4114151
40,2024-08-08 09:00:00+02,8.4104919
41,2024-08-08 09:30:00+02,8.4065628
42,2024-08-08 10:00:00+02,8.4058533
43,2024-08-08 10:30:00+02,8.407196
44,2024-08-08 11:00:00+02,8.40625
45,2024-08-08 11:30:00+02,8.4020386
46,2024-08-08 12:00:00+02,8.4027939
47,2024-08-08 12:30:00+02,8.4006882
48,2024-08-08 13:00:00+02,8.4018173
49,2024-08-08 13:30:00+02,8.39991
50,2024-08-08 14:00:00+02,8.395668
51,2024-08-08 14:30:00+02,8.3947372
52,2024-08-08 15:00:00+02,8.3962708
53,2024-08-08 15:30:00+02,8.3956757
54,2024-08-08 16:00:00+02,8.3976288
55,2024-08-08 16:30:00+02,8.3934555
56,2024-08-08 17:00:00+02,8.3942719
57,2024-08-08 17:30:00+02,8.3898773
58,2024-08-08 18:00:00+02,8.3900146
59,2024-08-08 18:30:00+02,8.3313522
60,2024-08-08 19:00:00+02,8.3894577
61,2024-08-08 19:30:00+02,8.3895493
62,2024-08-08 20:00:00+02,8.3875885
63,2024-08-08 20:30:00+02,8.3294067
64,2024-08-08 21:00:00+02,8.3857956
65,2024-08-08 21:30:00+02,8.3836975
66,2024-08-08 22:00:00+02,8.3839645
67,2024-08-08 22:30:00+02,8.3839417
68,2024-08-08 23:00:00+02,8.3855286
69,2024-08-08 23:30:00+02,8.3824005
70,2024-08-09 00:00:00+02,8.3806534
71,2024-08-09 00:30:00+02,8.3835678
72,2024-08-09 01:00:00+02,8.381134
73,2024-08-09 01:30:00+02,8.3804016
74,2024-08-09 02:00:00+02,8.3750763
75,2024-08-09 02:30:00+02,8.3744431
76,2024-08-09 03:00:00+02,8.3748093
77,2024-08-09 03:30:00+02,8.3738403
78,2024-08-09 04:00:00+02,8.3766708
79,2024-08-09 04:30:00+02,8.373848
80,2024-08-09 05:00:00+02,8.3726044
81,2024-08-09 05:30:00+02,8.3726959
82,2024-08-09 06:00:00+02,8.3700943
83,2024-08-09 06:30:00+02,8.3696136
84,2024-08-09 07:00:00+02,8.3701096
85,2024-08-09 07:30:00+02,8.373703
86,2024-08-09 08:00:00+02,8.3732224
87,2024-08-09 08:30:00+02,8.3676987
88,2024-08-09 09:00:00+02,8.3706665
89,2024-08-09 09:30:00+02,8.3673096
90,2024-08-09 10:00:00+02,8.3667297
91,2024-08-09 10:30:00+02,8.3632507
92,2024-08-09 11:30:00+02,8.3620453
93,2024-08-09 12:00:00+02,8.3590469
94,2024-08-09 12:30:00+02,8.359436
95,2024-08-09 13:00:00+02,8.3603897
96,2024-08-09 13:30:00+02,8.3602219
97,2024-08-09 14:00:00+02,8.3581314
98,2024-08-09 14:30:00+02,8.3582916
99,2024-08-09 15:00:00+02,8.3571091
100,2024-08-09 15:30:00+02,8.3571396
101,2024-08-09 16:00:00+02,8.3565674
102,2024-08-09 16:30:00+02,8.3569641
103,2024-08-09 17:00:00+02,8.3568802
104,2024-08-09 17:30:00+02,8.3560944
105,2024-08-09 18:00:00+02,8.3556442
106,2024-08-09 18:30:00+02,8.3556061
107,2024-08-09 19:00:00+02,8.3540115
108,2024-08-09 19:30:00+02,8.3534698
109,2024-08-09 20:00:00+02,8.3525391
110,2024-08-09 20:30:00+02,8.3510208
111,2024-08-09 21:00:00+02,8.352623
112,2024-08-09 21:30:00+02,8.351387
113,2024-08-09 22:00:00+02,8.3530884
114,2024-08-09 22:30:00+02,8.3478851
115,2024-08-09 23:00:00+02,8.3488617
116,2024-08-09 23:30:00+02,8.3489151
117,2024-08-10 00:00:00+02,8.3483658
118,2024-08-10 00:30:00+02,8.3428497
119,2024-08-10 01:00:00+02,8.3432465
120,2024-08-10 01:30:00+02,8.3436279
121,2024-08-10 02:00:00+02,8.3443069
122,2024-08-10 02:30:00+02,8.3445053
123,2024-08-10 03:00:00+02,8.3444519
124,2024-08-10 03:30:00+02,8.3424225
125,2024-08-10 04:00:00+02,8.3400726
126,2024-08-10 04:30:00+02,8.3407135
127,2024-08-10 05:00:00+02,8.3412857
128,2024-08-10 05:30:00+02,8.3387146
129,2024-08-10 06:00:00+02,8.3403091
130,2024-08-10 06:30:00+02,8.3388519
131,2024-08-10 07:00:00+02,8.3398819
132,2024-08-10 07:30:00+02,8.3381805
133,2024-08-10 08:00:00+02,8.3366318
134,2024-08-10 08:30:00+02,8.3381958
135,2024-08-10 09:00:00+02,8.3386002
136,2024-08-10 09:30:00+02,8.3384018
137,2024-08-10 10:00:00+02,8.336113
138,2024-08-10 10:30:00+02,8.3345337
139,2024-08-10 11:00:00+02,8.3312225
140,2024-08-10 11:30:00+02,8.333847
141,2024-08-10 12:00:00+02,8.3340912
142,2024-08-10 12:30:00+02,8.2760315
143,2024-08-10 13:00:00+02,8.3338547
144,2024-08-10 13:30:00+02,8.3322601
145,2024-08-10 14:00:00+02,8.3337402
146,2024-08-10 14:30:00+02,8.3307953
147,2024-08-10 15:00:00+02,8.3329544
148,2024-08-10 15:30:00+02,8.3328857
149,2024-08-10 16:00:00+02,8.3295364
150,2024-08-10 16:30:00+02,8.3316879
151,2024-08-10 17:00:00+02,8.3304062
152,2024-08-10 17:30:00+02,8.3320465
153,2024-08-10 18:00:00+02,8.3315353
154,2024-08-10 18:30:00+02,8.3288269
155,2024-08-10 19:00:00+02,8.328331
156,2024-08-10 19:30:00+02,8.3297348
157,2024-08-10 20:00:00+02,8.3298721
158,2024-08-10 20:30:00+02,8.3310699
159,2024-08-10 21:00:00+02,8.331871
160,2024-08-10 21:30:00+02,8.3306503
161,2024-08-10 22:00:00+02,8.3322601
162,2024-08-10 22:30:00+02,8.3285065
163,2024-08-10 23:00:00+02,8.3296127
164,2024-08-10 23:30:00+02,8.3266602
165,2024-08-11 00:00:00+02,8.3248596
166,2024-08-11 00:30:00+02,8.3283615
167,2024-08-11 01:00:00+02,8.3269882
168,2024-08-11 01:30:00+02,8.3259201
169,2024-08-11 02:00:00+02,8.3260574
170,2024-08-11 02:30:00+02,8.3239059
171,2024-08-11 03:00:00+02,8.323082
172,2024-08-11 03:30:00+02,8.323616
173,2024-08-11 04:00:00+02,8.3220062
174,2024-08-11 04:30:00+02,8.3217697
175,2024-08-11 05:00:00+02,8.3235703
176,2024-08-11 05:30:00+02,8.3213272
177,2024-08-11 06:00:00+02,8.3213654
178,2024-08-11 06:30:00+02,8.3236694
179,2024-08-11 07:00:00+02,8.32341
180,2024-08-11 07:30:00+02,8.3235626
181,2024-08-11 08:00:00+02,8.3198395
182,2024-08-11 08:30:00+02,8.2630157
183,2024-08-11 09:00:00+02,8.3200684
184,2024-08-11 09:30:00+02,8.3242569
185,2024-08-11 10:00:00+02,8.3271332
186,2024-08-11 10:30:00+02,8.3233185
187,2024-08-11 11:00:00+02,8.3245392
188,2024-08-11 11:30:00+02,8.3214493
189,2024-08-11 12:00:00+02,8.3203049
190,2024-08-11 12:30:00+02,8.3202744
191,2024-08-11 13:00:00+02,8.3184204
192,2024-08-11 13:30:00+02,8.3184357
193,2024-08-11 14:00:00+02,8.3192749
194,2024-08-11 14:30:00+02,8.3190613
195,2024-08-11 15:00:00+02,8.3151855
196,2024-08-11 15:30:00+02,8.3162308
197,2024-08-11 16:00:00+02,8.3153305
198,2024-08-11 16:30:00+02,8.2613602
199,2024-08-11 17:00:00+02,8.3162918
200,2024-08-11 17:30:00+02,8.3146286
201,2024-08-11 18:00:00+02,8.3133698
202,2024-08-11 18:30:00+02,8.3107681
203,2024-08-11 19:00:00+02,8.3128357
204,2024-08-11 19:30:00+02,8.3125687
205,2024-08-11 20:00:00+02,8.3104019
206,2024-08-11 20:30:00+02,8.3119049
207,2024-08-11 21:00:00+02,8.308403
208,2024-08-11 21:30:00+02,8.3116302
209,2024-08-11 22:00:00+02,8.3119965
210,2024-08-11 22:30:00+02,8.3097839
211,2024-08-11 23:00:00+02,8.3090134
212,2024-08-11 23:30:00+02,8.3060379
213,2024-08-12 00:00:00+02,8.3102722
214,2024-08-12 00:30:00+02,8.3090591
215,2024-08-12 01:00:00+02,8.3089218
216,2024-08-12 01:30:00+02,8.3098907
217,2024-08-12 02:00:00+02,8.3123016
218,2024-08-12 02:30:00+02,8.3092422
219,2024-08-12 03:00:00+02,8.3081818
220,2024-08-12 03:30:00+02,8.3095245
221,2024-08-12 04:00:00+02,8.3088608
222,2024-08-12 04:30:00+02,8.3089447
223,2024-08-12 05:00:00+02,8.3057632
224,2024-08-12 05:30:00+02,8.3087997
225,2024-08-12 06:00:00+02,8.3035355
226,2024-08-12 06:30:00+02,8.3046188
227,2024-08-12 07:00:00+02,8.3044968
228,2024-08-12 07:30:00+02,8.3041382
229,2024-08-12 08:00:00+02,8.3048706
230,2024-08-12 08:30:00+02,8.302536
231,2024-08-12 09:00:00+02,8.303215
232,2024-08-12 09:30:00+02,8.3024292
233,2024-08-12 10:00:00+02,8.3010788
234,2024-08-12 10:30:00+02,8.3031845
235,2024-08-12 11:00:00+02,8.302887
236,2024-08-12 11:30:00+02,8.3047256
237,2024-08-12 12:00:00+02,8.3004761
238,2024-08-12 12:30:00+02,8.2997589
239,2024-08-12 13:00:00+02,8.3041382
240,2024-08-12 13:30:00+02,8.3003311
241,2024-08-12 14:00:00+02,8.2988358
242,2024-08-12 14:30:00+02,8.3007584
243,2024-08-12 15:00:00+02,8.3002243
244,2024-08-12 15:30:00+02,8.3000565
245,2024-08-12 16:00:00+02,8.2985382
246,2024-08-12 16:30:00+02,8.2972412
247,2024-08-12 17:00:00+02,8.2988663
248,2024-08-12 17:30:00+02,8.2992935
249,2024-08-12 18:00:00+02,8.299057
250,2024-08-12 18:30:00+02,8.2987213
251,2024-08-12 19:00:00+02,8.29599
252,2024-08-12 19:30:00+02,8.2965698
253,2024-08-12 20:00:00+02,8.2988663
254,2024-08-12 20:30:00+02,8.2975922
255,2024-08-12 21:00:00+02,8.2938309
256,2024-08-12 21:30:00+02,8.2965622
257,2024-08-12 22:00:00+02,8.2927017
258,2024-08-12 22:30:00+02,8.293129
259,2024-08-12 23:00:00+02,8.2939682
260,2024-08-12 23:30:00+02,8.2954559
261,2024-08-13 00:00:00+02,8.2940063
262,2024-08-13 00:30:00+02,8.2932892
263,2024-08-13 01:00:00+02,8.2944641
264,2024-08-13 01:30:00+02,8.2924881
265,2024-08-13 02:00:00+02,8.2933502
266,2024-08-13 02:30:00+02,8.2932281
267,2024-08-13 03:00:00+02,8.2953415
268,2024-08-13 03:30:00+02,8.2921066
269,2024-08-13 04:00:00+02,8.2953186
270,2024-08-13 04:30:00+02,8.2918243
271,2024-08-13 05:00:00+02,8.2914734
272,2024-08-13 05:30:00+02,8.2922821
273,2024-08-13 06:00:00+02,8.2917709
274,2024-08-13 06:30:00+02,8.2904663
275,2024-08-13 07:00:00+02,8.2906952
276,2024-08-13 07:30:00+02,8.2901611
277,2024-08-13 08:00:00+02,8.2906494
278,2024-08-13 08:30:00+02,8.2896805
279,2024-08-13 09:00:00+02,8.2892456
280,2024-08-13 09:30:00+02,8.2884445
281,2024-08-13 10:00:00+02,8.2903519
282,2024-08-13 10:30:00+02,8.2894287
283,2024-08-13 11:00:00+02,8.2921448
284,2024-08-13 11:30:00+02,8.2889862
285,2024-08-13 12:00:00+02,8.2903366
286,2024-08-13 12:30:00+02,8.2891312
287,2024-08-13 13:00:00+02,8.2894821
288,2024-08-13 13:30:00+02,8.2882538
289,2024-08-13 14:00:00+02,8.2895889
290,2024-08-13 14:30:00+02,8.2879791
291,2024-08-13 15:00:00+02,8.2867432
292,2024-08-13 15:30:00+02,8.2877884
293,2024-08-13 16:00:00+02,8.2838669
294,2024-08-13 16:30:00+02,8.2854233
295,2024-08-13 17:00:00+02,8.2869873
296,2024-08-13 17:30:00+02,8.2860718
297,2024-08-13 18:00:00+02,8.2867126
298,2024-08-13 18:30:00+02,8.286026
299,2024-08-13 19:00:00+02,8.284111
300,2024-08-13 19:30:00+02,8.284111
301,2024-08-13 20:00:00+02,8.2854919
302,2024-08-13 20:30:00+02,8.2849121
303,2024-08-13 21:00:00+02,8.2845917
304,2024-08-13 21:30:00+02,8.2840729
305,2024-08-13 22:00:00+02,8.2867279
306,2024-08-13 22:30:00+02,8.2887268
307,2024-08-13 23:00:00+02,8.2879181
308,2024-08-13 23:30:00+02,8.2885818
309,2024-08-14 00:00:00+02,8.285408
310,2024-08-14 00:30:00+02,8.286087
311,2024-08-14 01:00:00+02,8.2858124
312,2024-08-14 01:30:00+02,8.2859268
313,2024-08-14 02:00:00+02,8.287941
314,2024-08-14 02:30:00+02,8.2870483
315,2024-08-14 03:00:00+02,8.2872009
316,2024-08-14 03:30:00+02,8.2851715
317,2024-08-14 04:00:00+02,8.2837219
318,2024-08-14 04:30:00+02,8.2848206
319,2024-08-14 05:00:00+02,8.2838821
320,2024-08-14 05:30:00+02,8.2842102
321,2024-08-14 06:00:00+02,8.2823181
322,2024-08-14 06:30:00+02,8.2817001
323,2024-08-14 07:00:00+02,8.2814484
324,2024-08-14 07:30:00+02,8.2827988
325,2024-08-14 08:00:00+02,8.2840958
326,2024-08-14 08:30:00+02,8.2838516
327,2024-08-14 09:00:00+02,8.2846985
328,2024-08-14 09:30:00+02,8.2829742
329,2024-08-14 10:00:00+02,8.2832413
330,2024-08-14 10:30:00+02,8.2868042
331,2024-08-14 11:00:00+02,8.2832642
332,2024-08-14 11:30:00+02,8.2865677
333,2024-08-14 12:00:00+02,8.2861176
334,2024-08-14 12:30:00+02,8.286705
335,2024-08-14 13:00:00+02,8.2893066
336,2024-08-14 13:30:00+02,8.2844696
337,2024-08-14 14:00:00+02,8.2844543
338,2024-08-14 14:30:00+02,8.2837448
339,2024-08-14 15:00:00+02,8.2833481
340,2024-08-14 15:30:00+02,8.2815399
341,2024-08-14 16:00:00+02,8.2823944
342,2024-08-14 16:30:00+02,8.2809525
343,2024-08-14 17:00:00+02,8.2786179
344,2024-08-14 17:30:00+02,8.2788315
345,2024-08-14 18:00:00+02,8.2786255
346,2024-08-14 18:30:00+02,8.2792435
347,2024-08-14 19:00:00+02,8.2775192
348,2024-08-14 19:30:00+02,8.2779694
349,2024-08-14 20:00:00+02,8.2795181
350,2024-08-14 20:30:00+02,8.2793121
351,2024-08-14 21:00:00+02,8.279335
352,2024-08-14 21:30:00+02,8.2768631
353,2024-08-14 22:00:00+02,8.2771378
354,2024-08-14 22:30:00+02,8.2778625
355,2024-08-14 23:00:00+02,8.2790985
356,2024-08-14 23:30:00+02,8.2773743
357,2024-08-15 00:00:00+02,8.2792358
358,2024-08-15 00:30:00+02,8.2797394
359,2024-08-15 01:00:00+02,8.2818375
360,2024-08-15 01:30:00+02,8.280899
361,2024-08-15 02:00:00+02,8.2783508
362,2024-08-15 02:30:00+02,8.2786179
363,2024-08-15 03:00:00+02,8.2780685
364,2024-08-15 03:30:00+02,8.2737732
365,2024-08-15 04:00:00+02,8.2755661
366,2024-08-15 04:30:00+02,8.2753296
367,2024-08-15 05:00:00+02,8.27491
368,2024-08-15 05:30:00+02,8.2752838
369,2024-08-15 06:00:00+02,8.2754364
370,2024-08-15 06:30:00+02,8.2783127
371,2024-08-15 07:00:00+02,8.2746811
372,2024-08-15 07:30:00+02,8.2744064
373,2024-08-15 08:00:00+02,8.2772141
374,2024-08-15 08:30:00+02,8.2742462
375,2024-08-15 09:00:00+02,8.2739716
376,2024-08-15 09:30:00+02,8.2743683
377,2024-08-15 10:00:00+02,8.2760849
378,2024-08-15 10:30:00+02,8.2736588
379,2024-08-15 11:00:00+02,8.2728653
380,2024-08-15 11:30:00+02,8.272377
381,2024-08-15 12:00:00+02,8.2725906
382,2024-08-15 12:30:00+02,8.2729797
383,2024-08-15 13:00:00+02,8.2721939
384,2024-08-15 13:30:00+02,8.2726135
385,2024-08-15 14:00:00+02,8.2698975
386,2024-08-15 14:30:00+02,8.2758942
387,2024-08-15 15:00:00+02,8.274086
388,2024-08-15 15:30:00+02,8.2736053
389,2024-08-15 16:00:00+02,8.2747574
390,2024-08-15 16:30:00+02,8.2754669
391,2024-08-15 17:00:00+02,8.2733612
392,2024-08-15 17:30:00+02,8.2758713
393,2024-08-15 18:00:00+02,8.2743912
394,2024-08-15 18:30:00+02,8.2731094
395,2024-08-15 19:00:00+02,8.2707367
396,2024-08-15 19:30:00+02,8.2715225
397,2024-08-15 20:00:00+02,8.2671814
398,2024-08-15 20:30:00+02,8.2686996
399,2024-08-15 21:00:00+02,8.2723389
400,2024-08-15 21:30:00+02,8.2730637
401,2024-08-15 22:00:00+02,8.2699127
402,2024-08-15 22:30:00+02,8.2741241
403,2024-08-15 23:00:00+02,8.2736893
404,2024-08-15 23:30:00+02,8.2726593
405,2024-08-16 00:00:00+02,8.2729492
406,2024-08-16 00:30:00+02,8.2721863
407,2024-08-16 01:00:00+02,8.2734528
408,2024-08-16 01:30:00+02,8.278801
409,2024-08-16 02:00:00+02,8.2714233
410,2024-08-16 02:30:00+02,8.2744751
411,2024-08-16 03:00:00+02,8.2763596
412,2024-08-16 03:30:00+02,8.2772827
413,2024-08-16 04:00:00+02,8.2712021
414,2024-08-16 04:30:00+02,8.2733688
415,2024-08-16 05:00:00+02,8.2729797
416,2024-08-16 05:30:00+02,8.2709579
417,2024-08-16 06:00:00+02,8.2732544
418,2024-08-16 06:30:00+02,8.2719345
419,2024-08-16 07:00:00+02,8.2687454
420,2024-08-16 07:30:00+02,8.2651825
421,2024-08-16 08:00:00+02,8.2671127
422,2024-08-16 08:30:00+02,8.2663956
423,2024-08-16 09:00:00+02,8.2650452
424,2024-08-16 09:30:00+02,8.2663651
425,2024-08-16 10:00:00+02,8.2647247
426,2024-08-16 10:30:00+02,8.2665024
427,2024-08-16 11:00:00+02,8.265007
428,2024-08-16 11:30:00+02,8.2626114
429,2024-08-16 12:00:00+02,8.2653656
430,2024-08-16 12:30:00+02,8.267868
431,2024-08-16 13:00:00+02,8.2713699
432,2024-08-16 13:30:00+02,8.2751541
433,2024-08-16 14:00:00+02,8.2741547
434,2024-08-16 14:30:00+02,8.276207
435,2024-08-16 15:00:00+02,8.2738953
436,2024-08-16 15:30:00+02,8.2758942
437,2024-08-16 16:00:00+02,8.2721024
438,2024-08-16 16:30:00+02,8.273201
439,2024-08-16 17:00:00+02,8.2709503
440,2024-08-16 17:30:00+02,8.2735748
441,2024-08-16 18:00:00+02,8.2717819
442,2024-08-16 18:30:00+02,8.2689133
443,2024-08-16 19:00:00+02,8.2693787
444,2024-08-16 19:30:00+02,8.2707977
445,2024-08-16 20:00:00+02,8.2719803
446,2024-08-16 20:30:00+02,8.2722549
447,2024-08-16 21:00:00+02,8.2712097
448,2024-08-16 21:30:00+02,8.2700424
449,2024-08-16 22:00:00+02,8.2711182
450,2024-08-16 22:30:00+02,8.2676697
451,2024-08-16 23:00:00+02,8.2698593
452,2024-08-16 23:30:00+02,8.2704086
453,2024-08-17 00:00:00+02,8.2732544
454,2024-08-17 00:30:00+02,8.2730026
455,2024-08-17 01:00:00+02,8.274231
456,2024-08-17 01:30:00+02,8.2730865
457,2024-08-17 02:00:00+02,8.2756042
458,2024-08-17 02:30:00+02,8.2732544
459,2024-08-17 03:00:00+02,8.2759628
460,2024-08-17 03:30:00+02,8.2763596
461,2024-08-17 04:00:00+02,8.279129
462,2024-08-17 04:30:00+02,8.2811584
463,2024-08-17 05:00:00+02,8.2803497
464,2024-08-17 05:30:00+02,8.2852859
465,2024-08-17 06:00:00+02,8.2845383
466,2024-08-17 06:30:00+02,8.2807922
467,2024-08-17 07:00:00+02,8.2781067
468,2024-08-17 07:30:00+02,8.2745743
469,2024-08-17 08:00:00+02,8.2767487
470,2024-08-17 08:30:00+02,8.2738342
471,2024-08-17 09:00:00+02,8.2720413
472,2024-08-17 09:30:00+02,8.2691727
473,2024-08-17 10:00:00+02,8.2724838
474,2024-08-17 10:30:00+02,8.2737122
475,2024-08-17 11:00:00+02,8.2735062
476,2024-08-17 11:30:00+02,8.2735748
477,2024-08-17 12:00:00+02,8.2757492
478,2024-08-17 12:30:00+02,8.2777863
479,2024-08-17 13:00:00+02,8.2767487
480,2024-08-17 13:30:00+02,8.2795563
481,2024-08-17 14:00:00+02,8.2767868
482,2024-08-17 14:30:00+02,8.2815399
483,2024-08-17 15:00:00+02,8.2795334
484,2024-08-17 15:30:00+02,8.2819595
485,2024-08-17 16:00:00+02,8.2827148
486,2024-08-17 16:30:00+02,8.2842178
487,2024-08-17 17:00:00+02,8.2793503
488,2024-08-17 17:30:00+02,8.2805099
489,2024-08-17 18:00:00+02,8.2784042
490,2024-08-17 18:30:00+02,8.2770386
491,2024-08-17 19:00:00+02,8.2781296
492,2024-08-17 19:30:00+02,8.2797623
493,2024-08-17 20:00:00+02,8.2784958
494,2024-08-17 20:30:00+02,8.2690201
495,2024-08-17 21:00:00+02,8.2698288
496,2024-08-17 21:30:00+02,8.2700195
497,2024-08-17 22:00:00+02,8.2718277
498,2024-08-17 22:30:00+02,8.2717972
499,2024-08-17 23:00:00+02,8.2733765
500,2024-08-17 23:30:00+02,8.2728119
501,2024-08-18 00:00:00+02,8.2714157
502,2024-08-18 00:30:00+02,8.2757568
503,2024-08-18 01:00:00+02,8.2779312
504,2024-08-18 01:30:00+02,8.2810516
505,2024-08-18 02:00:00+02,8.2825089
506,2024-08-18 02:30:00+02,8.2907867
507,2024-08-18 03:00:00+02,8.2952423
508,2024-08-18 03:30:00+02,8.2971344
509,2024-08-18 04:00:00+02,8.2955933
510,2024-08-18 04:30:00+02,8.2920074
511,2024-08-18 05:00:00+02,8.290863
512,2024-08-18 05:30:00+02,8.2918167
513,2024-08-18 06:00:00+02,8.2948532
514,2024-08-18 06:30:00+02,8.288002
515,2024-08-18 07:00:00+02,8.2873001
516,2024-08-18 07:30:00+02,8.2849884
517,2024-08-18 08:00:00+02,8.2861938
518,2024-08-18 08:30:00+02,8.2880249
519,2024-08-18 09:00:00+02,8.2849197
520,2024-08-18 09:30:00+02,8.2836456
521,2024-08-18 10:00:00+02,8.2842102
522,2024-08-18 10:30:00+02,8.2817459
523,2024-08-18 11:00:00+02,8.2782745
524,2024-08-18 11:30:00+02,8.2812653
525,2024-08-18 12:00:00+02,8.2782516
526,2024-08-18 12:30:00+02,8.2807159
527,2024-08-18 13:00:00+02,8.2827148
528,2024-08-18 13:30:00+02,8.2802277
529,2024-08-18 14:00:00+02,8.2859879
530,2024-08-18 14:30:00+02,8.2845993
531,2024-08-18 15:00:00+02,8.2830505
532,2024-08-18 15:30:00+02,8.2865524
533,2024-08-18 16:00:00+02,8.2860184
534,2024-08-18 16:30:00+02,8.2840271
535,2024-08-18 17:00:00+02,8.2828674
536,2024-08-18 17:30:00+02,8.2808685
537,2024-08-18 18:00:00+02,8.2777405
538,2024-08-18 18:30:00+02,8.276535
539,2024-08-18 19:00:00+02,8.2767105
540,2024-08-18 19:30:00+02,8.27565
541,2024-08-18 20:00:00+02,8.2760696
542,2024-08-18 20:30:00+02,8.2741852
543,2024-08-18 21:00:00+02,8.2749329
544,2024-08-18 21:30:00+02,8.2736206
545,2024-08-18 22:00:00+02,8.2736664
546,2024-08-18 22:30:00+02,8.2751007
547,2024-08-18 23:00:00+02,8.2758636
548,2024-08-18 23:30:00+02,8.2735596
549,2024-08-19 00:00:00+02,8.2747345
550,2024-08-19 00:30:00+02,8.2762222
551,2024-08-19 01:00:00+02,8.2758713
552,2024-08-19 01:30:00+02,8.2777557
553,2024-08-19 02:00:00+02,8.2831879
554,2024-08-19 02:30:00+02,8.2914886
555,2024-08-19 03:00:00+02,8.2930527
556,2024-08-19 03:30:00+02,8.2849808
557,2024-08-19 04:00:00+02,8.2805023
558,2024-08-19 04:30:00+02,8.2762756
559,2024-08-19 05:00:00+02,8.2760086
560,2024-08-19 05:30:00+02,8.2728043
561,2024-08-19 06:00:00+02,8.2700348
562,2024-08-19 06:30:00+02,8.2701035
563,2024-08-19 07:00:00+02,8.2693405
564,2024-08-19 07:30:00+02,8.269249
565,2024-08-19 08:00:00+02,8.2693176
566,2024-08-19 08:30:00+02,8.2702026
567,2024-08-19 09:00:00+02,8.270813
568,2024-08-19 09:30:00+02,8.2725449
569,2024-08-19 10:00:00+02,8.2694855
570,2024-08-19 10:30:00+02,8.2680664
571,2024-08-19 11:00:00+02,8.2670898
572,2024-08-19 11:30:00+02,8.2648392
573,2024-08-19 12:00:00+02,8.2668076
574,2024-08-19 12:30:00+02,8.2671051
575,2024-08-19 13:00:00+02,8.2656326
576,2024-08-19 13:30:00+02,8.264328
577,2024-08-19 14:00:00+02,8.2679977
578,2024-08-19 14:30:00+02,8.2731323
579,2024-08-19 15:00:00+02,8.2718658
580,2024-08-19 15:30:00+02,8.2729874
581,2024-08-19 16:00:00+02,8.2730255
582,2024-08-19 16:30:00+02,8.2741547
583,2024-08-19 17:00:00+02,8.2687454
584,2024-08-19 17:30:00+02,8.2680511
585,2024-08-19 18:00:00+02,8.2687225
586,2024-08-19 18:30:00+02,8.2696075
587,2024-08-19 19:00:00+02,8.2644577
588,2024-08-19 19:30:00+02,8.264473
589,2024-08-19 20:00:00+02,8.2683563
590,2024-08-19 20:30:00+02,8.2667923
591,2024-08-19 21:00:00+02,8.2630005
592,2024-08-19 21:30:00+02,8.2625656
593,2024-08-19 22:00:00+02,8.2637329
594,2024-08-19 22:30:00+02,8.2620621
595,2024-08-19 23:00:00+02,8.2612228
596,2024-08-19 23:30:00+02,8.2606888
597,2024-08-20 00:00:00+02,8.2602997
598,2024-08-20 00:30:00+02,8.2608643
599,2024-08-20 01:00:00+02,8.2603226
600,2024-08-20 01:30:00+02,8.2596588
601,2024-08-20 02:00:00+02,8.2592621
602,2024-08-20 02:30:00+02,8.2581177
603,2024-08-20 03:00:00+02,8.262352
604,2024-08-20 03:30:00+02,8.2623749
605,2024-08-20 04:00:00+02,8.2651978
606,2024-08-20 04:30:00+02,8.2608566
607,2024-08-20 05:00:00+02,8.2644958
608,2024-08-20 05:30:00+02,8.2678223
609,2024-08-20 06:00:00+02,8.2683105
610,2024-08-20 06:30:00+02,8.2723618
611,2024-08-20 07:00:00+02,8.270195
612,2024-08-20 07:30:00+02,8.2693787
613,2024-08-20 08:00:00+02,8.2650986
614,2024-08-20 08:30:00+02,8.2713699
615,2024-08-20 09:00:00+02,8.2646713
616,2024-08-20 09:30:00+02,8.2629776
617,2024-08-20 10:00:00+02,8.2629929
618,2024-08-20 10:30:00+02,8.263031
619,2024-08-20 11:00:00+02,8.2618484
620,2024-08-20 11:30:00+02,8.2603302
621,2024-08-20 12:00:00+02,8.261673
622,2024-08-20 12:30:00+02,8.2590179
623,2024-08-20 13:00:00+02,8.2611542
624,2024-08-20 13:30:00+02,8.2659531
625,2024-08-20 14:00:00+02,8.2668228
626,2024-08-20 14:30:00+02,8.2732315
627,2024-08-20 15:00:00+02,8.2835236
628,2024-08-20 15:30:00+02,8.2869873
629,2024-08-20 16:00:00+02,8.2914276
630,2024-08-20 16:30:00+02,8.2853928
631,2024-08-20 17:00:00+02,8.2822266
632,2024-08-20 17:30:00+02,8.2799072
633,2024-08-20 18:00:00+02,8.2780151
634,2024-08-20 18:30:00+02,8.2790527
635,2024-08-20 19:00:00+02,8.2813034
636,2024-08-20 19:30:00+02,8.2788925
637,2024-08-20 20:00:00+02,8.2776337
638,2024-08-20 20:30:00+02,8.2735825
639,2024-08-20 21:00:00+02,8.2664719
640,2024-08-20 21:30:00+02,8.2675171
641,2024-08-20 22:00:00+02,8.262764
642,2024-08-20 22:30:00+02,8.2618179
643,2024-08-20 23:00:00+02,8.2596817
644,2024-08-20 23:30:00+02,8.2623825
645,2024-08-21 00:00:00+02,8.2612228
646,2024-08-21 00:30:00+02,8.2593765
647,2024-08-21 01:00:00+02,8.2616653
648,2024-08-21 01:30:00+02,8.2631073
649,2024-08-21 02:00:00+02,8.26754
650,2024-08-21 02:30:00+02,8.2726288
651,2024-08-21 03:00:00+02,8.2741623
652,2024-08-21 03:30:00+02,8.272583
653,2024-08-21 04:00:00+02,8.2751541
654,2024-08-21 04:30:00+02,8.2775879
655,2024-08-21 05:00:00+02,8.275444
656,2024-08-21 05:30:00+02,8.272171
657,2024-08-21 06:00:00+02,8.2717361
658,2024-08-21 06:30:00+02,8.2730942
659,2024-08-21 07:00:00+02,8.2715912
660,2024-08-21 07:30:00+02,8.2714767
661,2024-08-21 08:00:00+02,8.2722244
662,2024-08-21 08:30:00+02,8.2720566
663,2024-08-21 09:00:00+02,8.2675705
664,2024-08-21 09:30:00+02,8.2595901
665,2024-08-21 10:00:00+02,8.2580109
666,2024-08-21 10:30:00+02,8.2592087
667,2024-08-21 11:00:00+02,8.2598648
668,2024-08-21 11:30:00+02,8.2623749
669,2024-08-21 12:00:00+02,8.2622375
670,2024-08-21 12:30:00+02,8.258606
671,2024-08-21 13:00:00+02,8.2593384
672,2024-08-21 13:30:00+02,8.2608261
673,2024-08-21 14:00:00+02,8.2602234
674,2024-08-21 14:30:00+02,8.2647018
675,2024-08-21 15:00:00+02,8.2643738
676,2024-08-21 15:30:00+02,8.262352
677,2024-08-21 16:00:00+02,8.2682419
678,2024-08-21 16:30:00+02,8.2653046
679,2024-08-21 17:00:00+02,8.2634125
680,2024-08-21 17:30:00+02,8.2675476
681,2024-08-21 18:00:00+02,8.2647247
682,2024-08-21 18:30:00+02,8.2659836
683,2024-08-21 19:00:00+02,8.2651825
684,2024-08-21 19:30:00+02,8.2643433
685,2024-08-21 20:00:00+02,8.2567596
686,2024-08-21 20:30:00+02,8.2570267
687,2024-08-21 21:00:00+02,8.25457
688,2024-08-21 21:30:00+02,8.2539978
689,2024-08-21 22:00:00+02,8.2537079
690,2024-08-21 22:30:00+02,8.2533493
691,2024-08-21 23:00:00+02,8.2542343
692,2024-08-21 23:30:00+02,8.2548141
693,2024-08-22 00:00:00+02,8.2548523
694,2024-08-22 00:30:00+02,8.2507019
695,2024-08-22 01:00:00+02,8.2513275
696,2024-08-22 01:30:00+02,8.2516403
697,2024-08-22 02:00:00+02,8.2508774
698,2024-08-22 02:30:00+02,8.2504501
699,2024-08-22 03:00:00+02,8.2537842
700,2024-08-22 03:30:00+02,8.2539749
701,2024-08-22 04:00:00+02,8.2541656
702,2024-08-22 04:30:00+02,8.2512589
703,2024-08-22 05:00:00+02,8.2562714
704,2024-08-22 05:30:00+02,8.2558365
705,2024-08-22 06:00:00+02,8.2558441
706,2024-08-22 06:30:00+02,8.25811
707,2024-08-22 07:00:00+02,8.2575989
708,2024-08-22 07:30:00+02,8.2620621
709,2024-08-22 08:00:00+02,8.2598495
710,2024-08-22 08:30:00+02,8.2553101
711,2024-08-22 09:00:00+02,8.2578583
712,2024-08-22 09:30:00+02,8.2584763
713,2024-08-22 10:00:00+02,8.2555161
714,2024-08-22 10:30:00+02,8.2544861
715,2024-08-22 11:00:00+02,8.2561188
716,2024-08-22 11:30:00+02,8.2576828
717,2024-08-22 12:00:00+02,8.2560806
718,2024-08-22 12:30:00+02,8.2561035
719,2024-08-22 13:00:00+02,8.257843
720,2024-08-22 13:30:00+02,8.2549438
721,2024-08-22 14:00:00+02,8.2551727
722,2024-08-22 14:30:00+02,8.2549133
723,2024-08-22 15:00:00+02,8.2566757
724,2024-08-22 15:30:00+02,8.2581329
725,2024-08-22 16:00:00+02,8.2594223
726,2024-08-22 16:30:00+02,8.2572708
727,2024-08-22 17:00:00+02,8.2580109
728,2024-08-22 17:30:00+02,8.2570496
729,2024-08-22 18:30:00+02,8.2600021
730,2024-08-22 19:00:00+02,8.2607422
731,2024-08-22 19:30:00+02,8.2602844
732,2024-08-22 20:00:00+02,8.263237
733,2024-08-22 20:30:00+02,8.260849
734,2024-08-22 21:00:00+02,8.2568741
735,2024-08-22 21:30:00+02,8.2595062
736,2024-08-22 22:00:00+02,8.2621307
737,2024-08-22 22:30:00+02,8.2578278
738,2024-08-22 23:00:00+02,8.2618408
739,2024-08-22 23:30:00+02,8.2597809
740,2024-08-23 00:00:00+02,8.260788
741,2024-08-23 00:30:00+02,8.2585449
742,2024-08-23 01:00:00+02,8.2577667
743,2024-08-23 01:30:00+02,8.2578125
744,2024-08-23 02:00:00+02,8.2593918
745,2024-08-23 02:30:00+02,8.2632294
746,2024-08-23 03:00:00+02,8.2620392
747,2024-08-23 03:30:00+02,8.2595139
748,2024-08-23 04:00:00+02,8.2621841
749,2024-08-23 04:30:00+02,8.2577362
750,2024-08-23 05:00:00+02,8.2661209
751,2024-08-23 05:30:00+02,8.2631454
752,2024-08-23 06:00:00+02,8.2640076
753,2024-08-23 06:30:00+02,8.2632523
754,2024-08-23 07:00:00+02,8.2655487
755,2024-08-23 07:30:00+02,8.2660141
756,2024-08-23 08:00:00+02,8.2731857
757,2024-08-23 08:30:00+02,8.2711945
758,2024-08-23 09:00:00+02,8.27388
759,2024-08-23 09:30:00+02,8.2660065
760,2024-08-23 10:00:00+02,8.2696991
761,2024-08-23 10:30:00+02,8.2620544
762,2024-08-23 11:00:00+02,8.2657318
763,2024-08-23 11:30:00+02,8.2690277
764,2024-08-23 12:00:00+02,8.2692337
765,2024-08-23 12:30:00+02,8.2645416
766,2024-08-23 13:00:00+02,8.2661667
767,2024-08-23 13:30:00+02,8.2654343
768,2024-08-23 14:00:00+02,8.2650146
769,2024-08-23 14:30:00+02,8.261734
770,2024-08-23 15:00:00+02,8.2569427
771,2024-08-23 15:30:00+02,8.2624207
772,2024-08-23 16:00:00+02,8.2615585
773,2024-08-23 16:30:00+02,8.2625351
774,2024-08-23 17:00:00+02,8.256546
775,2024-08-23 17:30:00+02,8.2558594
776,2024-08-23 18:00:00+02,8.2564163
777,2024-08-23 18:30:00+02,8.2495422
778,2024-08-23 19:00:00+02,8.254776
779,2024-08-23 19:30:00+02,8.2574234
780,2024-08-23 20:00:00+02,8.2559509
781,2024-08-23 20:30:00+02,8.2536774
782,2024-08-23 21:00:00+02,8.2511444
783,2024-08-23 21:30:00+02,8.2524338
784,2024-08-23 22:00:00+02,8.2531891
785,2024-08-23 22:30:00+02,8.2512207
786,2024-08-23 23:00:00+02,8.2518768
787,2024-08-23 23:30:00+02,8.2481918
788,2024-08-24 00:00:00+02,8.2493668
789,2024-08-24 00:30:00+02,8.2487106
790,2024-08-24 01:00:00+02,8.2492828
791,2024-08-24 01:30:00+02,8.2483063
792,2024-08-24 02:00:00+02,8.2475967
793,2024-08-24 02:30:00+02,8.2461472
794,2024-08-24 03:00:00+02,8.2508087
795,2024-08-24 03:30:00+02,8.2515793
796,2024-08-24 04:00:00+02,8.2464523
797,2024-08-24 04:30:00+02,8.2544479
798,2024-08-24 05:00:00+02,8.2550964
799,2024-08-24 05:30:00+02,8.2561188
800,2024-08-24 06:00:00+02,8.2559509
801,2024-08-24 06:30:00+02,8.2589264
802,2024-08-24 07:00:00+02,8.2549591
803,2024-08-24 07:30:00+02,8.2546844
804,2024-08-24 08:00:00+02,8.2499847
805,2024-08-24 08:30:00+02,8.2491531
806,2024-08-24 09:00:00+02,8.2451401
807,2024-08-24 09:30:00+02,8.2426682
808,2024-08-24 10:00:00+02,8.2460785
809,2024-08-24 10:30:00+02,8.245575
810,2024-08-24 11:00:00+02,8.2455139
811,2024-08-24 11:30:00+02,8.2436142
812,2024-08-24 12:00:00+02,8.2456741
813,2024-08-24 12:30:00+02,8.245285
814,2024-08-24 13:00:00+02,8.2460403
815,2024-08-24 13:30:00+02,8.2456818
816,2024-08-24 14:00:00+02,8.244751
817,2024-08-24 14:30:00+02,8.2475739
818,2024-08-24 15:00:00+02,8.2481537
819,2024-08-24 15:30:00+02,8.2510223
820,2024-08-24 16:00:00+02,8.2526855
821,2024-08-24 16:30:00+02,8.2547836
822,2024-08-24 17:00:00+02,8.2577286
823,2024-08-24 17:30:00+02,8.2564087
824,2024-08-24 18:00:00+02,8.2525787
825,2024-08-24 18:30:00+02,8.2570114
826,2024-08-24 19:00:00+02,8.2519302
827,2024-08-24 19:30:00+02,8.255249
828,2024-08-24 20:00:00+02,8.2607269
829,2024-08-24 20:30:00+02,8.2569733
830,2024-08-24 21:00:00+02,8.2568512
831,2024-08-24 21:30:00+02,8.2514267
832,2024-08-24 22:00:00+02,8.2517548
833,2024-08-24 22:30:00+02,8.2496643
834,2024-08-24 23:00:00+02,8.2482147
835,2024-08-24 23:30:00+02,8.2495804
836,2024-08-25 00:00:00+02,8.2458267
837,2024-08-25 00:30:00+02,8.2463226
838,2024-08-25 01:00:00+02,8.2482605
839,2024-08-25 01:30:00+02,8.2471008
840,2024-08-25 02:00:00+02,8.2447891
841,2024-08-25 02:30:00+02,8.2443314
842,2024-08-25 03:00:00+02,8.240715
843,2024-08-25 03:30:00+02,8.2420578
844,2024-08-25 04:00:00+02,8.2424164
845,2024-08-25 04:30:00+02,8.2413864
846,2024-08-25 05:00:00+02,8.2440033
847,2024-08-25 05:30:00+02,8.2453918
848,2024-08-25 06:00:00+02,8.2433243
849,2024-08-25 06:30:00+02,8.259697
850,2024-08-25 07:00:00+02,8.2619247
851,2024-08-25 07:30:00+02,8.2657013
852,2024-08-25 08:00:00+02,8.2677155
853,2024-08-25 08:30:00+02,8.2675858
854,2024-08-25 09:00:00+02,8.2659149
855,2024-08-25 09:30:00+02,8.2670898
856,2024-08-25 10:00:00+02,8.2668991
857,2024-08-25 10:30:00+02,8.2607803
858,2024-08-25 11:00:00+02,8.2649841
859,2024-08-25 11:30:00+02,8.2653046
860,2024-08-25 12:00:00+02,8.2625046
861,2024-08-25 12:30:00+02,8.2665558
862,2024-08-25 13:00:00+02,8.2591629
863,2024-08-25 13:30:00+02,8.2560959
864,2024-08-25 14:00:00+02,8.2531433
865,2024-08-25 14:30:00+02,8.2511139
866,2024-08-25 15:00:00+02,8.249649
867,2024-08-25 15:30:00+02,8.2479477
868,2024-08-25 16:00:00+02,8.2438354
869,2024-08-25 16:30:00+02,8.2438736
870,2024-08-25 17:00:00+02,8.2439651
871,2024-08-25 17:30:00+02,8.242775
872,2024-08-25 18:00:00+02,8.2463989
873,2024-08-25 18:30:00+02,8.2544327
874,2024-08-25 19:00:00+02,8.2621155
875,2024-08-25 19:30:00+02,8.2788773
876,2024-08-25 20:00:00+02,8.2745209
877,2024-08-25 20:30:00+02,8.2781067
878,2024-08-25 21:00:00+02,8.2771835
879,2024-08-25 21:30:00+02,8.2724075
880,2024-08-25 22:00:00+02,8.2733994
881,2024-08-25 22:30:00+02,8.2625961
882,2024-08-25 23:00:00+02,8.258049
883,2024-08-25 23:30:00+02,8.2576981
884,2024-08-26 00:00:00+02,8.2594757
885,2024-08-26 00:30:00+02,8.2548523
886,2024-08-26 01:00:00+02,8.2582397
887,2024-08-26 01:30:00+02,8.2569885
888,2024-08-26 02:00:00+02,8.2541122
889,2024-08-26 02:30:00+02,8.2522125
890,2024-08-26 03:00:00+02,8.2492599
891,2024-08-26 03:30:00+02,8.2495422
892,2024-08-26 04:00:00+02,8.2502975
893,2024-08-26 04:30:00+02,8.2495575
894,2024-08-26 05:00:00+02,8.2500458
895,2024-08-26 05:30:00+02,8.2524567
896,2024-08-26 06:00:00+02,8.2546844
897,2024-08-26 06:30:00+02,8.2564774
898,2024-08-26 07:00:00+02,8.2600479
899,2024-08-26 07:30:00+02,8.258873
900,2024-08-26 08:00:00+02,8.2785568
901,2024-08-26 08:30:00+02,8.2817001
902,2024-08-26 09:00:00+02,8.2867584
903,2024-08-26 09:30:00+02,8.3054962
904,2024-08-26 10:00:00+02,8.3076248
905,2024-08-26 10:30:00+02,8.3135605
906,2024-08-26 11:00:00+02,8.2942123
907,2024-08-26 11:30:00+02,8.2819595
908,2024-08-26 12:00:00+02,8.2857056
909,2024-08-26 12:30:00+02,8.2824326
910,2024-08-26 13:00:00+02,8.2791901
911,2024-08-26 13:30:00+02,8.2700958
912,2024-08-26 14:00:00+02,8.2647629
913,2024-08-26 14:30:00+02,8.2617722
914,2024-08-26 15:00:00+02,8.2602158
915,2024-08-26 15:30:00+02,8.2580032
916,2024-08-26 16:00:00+02,8.2583084
917,2024-08-26 16:30:00+02,8.2578278
918,2024-08-26 17:00:00+02,8.2564621
919,2024-08-26 17:30:00+02,8.2552719
920,2024-08-26 18:00:00+02,8.2573395
921,2024-08-26 18:30:00+02,8.2548065
922,2024-08-26 19:00:00+02,8.2549286
923,2024-08-26 19:30:00+02,8.2544327
924,2024-08-26 20:00:00+02,8.2574921
925,2024-08-26 20:30:00+02,8.2625732
926,2024-08-26 21:00:00+02,8.2612152
927,2024-08-26 21:30:00+02,8.2649384
928,2024-08-26 22:00:00+02,8.266983
929,2024-08-26 22:30:00+02,8.2660751
930,2024-08-26 23:00:00+02,8.265976
931,2024-08-26 23:30:00+02,8.2657242
932,2024-08-27 00:00:00+02,8.2683258
933,2024-08-27 00:30:00+02,8.2645493
934,2024-08-27 01:00:00+02,8.2613678
935,2024-08-27 01:30:00+02,8.2601852
936,2024-08-27 02:00:00+02,8.2587509
937,2024-08-27 02:30:00+02,8.2569351
938,2024-08-27 03:00:00+02,8.2608109
939,2024-08-27 03:30:00+02,8.2590561
940,2024-08-27 04:00:00+02,8.2486343
941,2024-08-27 04:30:00+02,8.2473907
942,2024-08-27 05:00:00+02,8.2478485
943,2024-08-27 05:30:00+02,8.2483444
944,2024-08-27 06:00:00+02,8.2469254
945,2024-08-27 06:30:00+02,8.2454224
946,2024-08-27 07:00:00+02,8.2462921
947,2024-08-27 07:30:00+02,8.2455292
948,2024-08-27 08:00:00+02,8.2454681
949,2024-08-27 08:30:00+02,8.2458115
950,2024-08-27 09:00:00+02,8.2465439
951,2024-08-27 09:30:00+02,8.2455292
952,2024-08-27 10:00:00+02,8.2490082
953,2024-08-27 10:30:00+02,8.2548065
954,2024-08-27 11:00:00+02,8.2564545
955,2024-08-27 11:30:00+02,8.2559509
956,2024-08-27 12:00:00+02,8.2599258
957,2024-08-27 12:30:00+02,8.251442
958,2024-08-27 13:00:00+02,8.2511902
959,2024-08-27 13:30:00+02,8.2483521
960,2024-08-27 14:00:00+02,8.240242
961,2024-08-27 14:30:00+02,8.2437592
962,2024-08-27 15:00:00+02,8.2416916
963,2024-08-27 15:30:00+02,8.2415161
964,2024-08-27 16:00:00+02,8.2416382
965,2024-08-27 16:30:00+02,8.2418823
966,2024-08-27 17:00:00+02,8.2410812
967,2024-08-27 17:30:00+02,8.2393265
968,2024-08-27 18:00:00+02,8.2399445
969,2024-08-27 18:30:00+02,8.2431335
970,2024-08-27 19:00:00+02,8.2416534
971,2024-08-27 19:30:00+02,8.2397385
972,2024-08-27 20:00:00+02,8.2380753
973,2024-08-27 20:30:00+02,8.2402496
974,2024-08-27 21:00:00+02,8.2452393
975,2024-08-27 21:30:00+02,8.242981
976,2024-08-27 22:00:00+02,8.2398605
977,2024-08-27 22:30:00+02,8.2447891
978,2024-08-27 23:00:00+02,8.2448349
979,2024-08-27 23:30:00+02,8.2463913
980,2024-08-28 00:00:00+02,8.2505798
981,2024-08-28 00:30:00+02,8.2587204
982,2024-08-28 01:00:00+02,8.2628403
983,2024-08-28 01:30:00+02,8.2587204
984,2024-08-28 02:00:00+02,8.259819
985,2024-08-28 02:30:00+02,8.2608871
986,2024-08-28 03:00:00+02,8.2613602
987,2024-08-28 03:30:00+02,8.2602081
988,2024-08-28 04:00:00+02,8.2647934
989,2024-08-28 04:30:00+02,8.2623367
990,2024-08-28 05:00:00+02,8.2507858
991,2024-08-28 05:30:00+02,8.2549286
992,2024-08-28 06:00:00+02,8.2493515
993,2024-08-28 06:30:00+02,8.2503281
994,2024-08-28 07:00:00+02,8.2487488
995,2024-08-28 07:30:00+02,8.2485657
996,2024-08-28 08:00:00+02,8.2476044
997,2024-08-28 08:30:00+02,8.2504349
998,2024-08-28 09:00:00+02,8.2492371
999,2024-08-28 09:30:00+02,8.2482986
1000,2024-08-28 10:00:00+02,8.2494812
1001,2024-08-28 10:30:00+02,8.2563553
1002,2024-08-28 11:00:00+02,8.2578659
1003,2024-08-28 11:30:00+02,8.2612228
1004,2024-08-28 12:00:00+02,8.2645111
1005,2024-08-28 12:30:00+02,8.2684784
1006,2024-08-28 13:00:00+02,8.281868
1007,2024-08-28 13:30:00+02,8.2918472
1008,2024-08-28 14:00:00+02,8.3187408
1009,2024-08-28 14:30:00+02,8.3184586
1010,2024-08-28 15:00:00+02,8.3032761
1011,2024-08-28 15:30:00+02,8.3070755
1012,2024-08-28 16:00:00+02,8.3014297
1013,2024-08-28 16:30:00+02,8.3001251
1014,2024-08-28 17:00:00+02,8.281517
1015,2024-08-28 17:30:00+02,8.2756882
1016,2024-08-28 18:00:00+02,8.2826843
1017,2024-08-28 18:30:00+02,8.2658615
1018,2024-08-28 19:00:00+02,8.2621002
1019,2024-08-28 19:30:00+02,8.2625656
1020,2024-08-28 20:00:00+02,8.2578659
1021,2024-08-28 20:30:00+02,8.2544174
1022,2024-08-28 21:00:00+02,8.253334
1023,2024-08-28 21:30:00+02,8.2486343
1024,2024-08-28 22:00:00+02,8.2554855
1025,2024-08-28 22:30:00+02,8.2520523
1026,2024-08-28 23:00:00+02,8.2541351
1027,2024-08-28 23:30:00+02,8.2557449
1028,2024-08-29 00:00:00+02,8.2591171
1029,2024-08-29 00:30:00+02,8.2672653
1030,2024-08-29 01:00:00+02,8.2666092
1031,2024-08-29 01:30:00+02,8.2661209
1032,2024-08-29 02:00:00+02,8.2880249
1033,2024-08-29 02:30:00+02,8.2771149
1034,2024-08-29 03:00:00+02,8.2716904
1035,2024-08-29 03:30:00+02,8.2637634
1036,2024-08-29 04:00:00+02,8.2602844
1037,2024-08-29 04:30:00+02,8.2684402
1038,2024-08-29 05:00:00+02,8.2836075
1039,2024-08-29 05:30:00+02,8.280365
1040,2024-08-29 06:00:00+02,8.2773056
1041,2024-08-29 06:30:00+02,8.2782745
1042,2024-08-29 07:00:00+02,8.267868
1043,2024-08-29 07:30:00+02,8.263092
1044,2024-08-29 08:00:00+02,8.2648392
1045,2024-08-29 08:30:00+02,8.2640152
1046,2024-08-29 09:00:00+02,8.2657166
1047,2024-08-29 09:30:00+02,8.2575836
1048,2024-08-29 10:00:00+02,8.2593994
1049,2024-08-29 10:30:00+02,8.2622833
1050,2024-08-29 11:00:00+02,8.2629471
1051,2024-08-29 11:30:00+02,8.2627182
1052,2024-08-29 12:00:00+02,8.2606812
1053,2024-08-29 12:30:00+02,8.2561417
1054,2024-08-29 13:00:00+02,8.2538452
1055,2024-08-29 13:30:00+02,8.2596359
1056,2024-08-29 14:00:00+02,8.2560272
1057,2024-08-29 14:30:00+02,8.2542725
1058,2024-08-29 15:00:00+02,8.25811
1059,2024-08-29 15:30:00+02,8.2565994
1060,2024-08-29 16:00:00+02,8.2570648
1061,2024-08-29 16:30:00+02,8.2526016
1062,2024-08-29 17:00:00+02,8.2552032
1063,2024-08-29 17:30:00+02,8.2537613
1064,2024-08-29 18:00:00+02,8.2478104
1065,2024-08-29 18:30:00+02,8.2497177
1066,2024-08-29 19:00:00+02,8.2456512
1067,2024-08-29 19:30:00+02,8.2479172
1068,2024-08-29 20:00:00+02,8.2502594
1069,2024-08-29 20:30:00+02,8.2521973
1070,2024-08-29 21:00:00+02,8.2508698
1071,2024-08-29 21:30:00+02,8.2496033
1072,2024-08-29 22:00:00+02,8.245224
1073,2024-08-29 22:30:00+02,8.2489548
1074,2024-08-29 23:00:00+02,8.2457809
1075,2024-08-29 23:30:00+02,8.2445526
1076,2024-08-30 00:00:00+02,8.2451172
1077,2024-08-30 00:30:00+02,8.2451401
1078,2024-08-30 01:00:00+02,8.2441101
1079,2024-08-30 01:30:00+02,8.243576
1080,2024-08-30 02:00:00+02,8.2470016
1081,2024-08-30 02:30:00+02,8.2473526
1082,2024-08-30 03:00:00+02,8.2497406
1083,2024-08-30 03:30:00+02,8.2492371
1084,2024-08-30 04:00:00+02,8.24823
1085,2024-08-30 04:30:00+02,8.2472382
1086,2024-08-30 05:00:00+02,8.2475357
1087,2024-08-30 05:30:00+02,8.2493057
1088,2024-08-30 06:00:00+02,8.2515564
1089,2024-08-30 06:30:00+02,8.2528305
1090,2024-08-30 07:00:00+02,8.2516937
1091,2024-08-30 07:30:00+02,8.251503
1092,2024-08-30 08:00:00+02,8.2484818
1093,2024-08-30 08:30:00+02,8.2519684
1094,2024-08-30 09:00:00+02,8.2493668
1095,2024-08-30 09:30:00+02,8.247879
1096,2024-08-30 10:00:00+02,8.2479782
1097,2024-08-30 10:30:00+02,8.2492828
1098,2024-08-30 11:00:00+02,8.2496338
1099,2024-08-30 11:30:00+02,8.2486191
1100,2024-08-30 12:00:00+02,8.2485886
1101,2024-08-30 12:30:00+02,8.2468491
1102,2024-08-30 13:00:00+02,8.2462387
1103,2024-08-30 13:30:00+02,8.2500534
1104,2024-08-30 14:00:00+02,8.2540207
1105,2024-08-30 14:30:00+02,8.253067
1106,2024-08-30 15:00:00+02,8.2522964
1107,2024-08-30 15:30:00+02,8.2518158
1108,2024-08-30 16:00:00+02,8.2511215
1109,2024-08-30 16:30:00+02,8.2463837
1110,2024-08-30 17:00:00+02,8.2468948
1111,2024-08-30 17:30:00+02,8.2459946
1112,2024-08-30 18:00:00+02,8.2472305
1113,2024-08-30 18:30:00+02,8.2457199
1114,2024-08-30 19:00:00+02,8.2484512
1115,2024-08-30 19:30:00+02,8.2460785
1116,2024-08-30 20:00:00+02,8.2462921
1117,2024-08-30 20:30:00+02,8.2455292
1118,2024-08-30 21:00:00+02,8.2502747
1119,2024-08-30 21:30:00+02,8.2516937
1120,2024-08-30 22:00:00+02,8.2541122
1121,2024-08-30 22:30:00+02,8.254097
1122,2024-08-30 23:00:00+02,8.2514954
1123,2024-08-30 23:30:00+02,8.2486267
1124,2024-08-31 00:00:00+02,8.2467117
1125,2024-08-31 00:30:00+02,8.2501144
1126,2024-08-31 01:00:00+02,8.2449036
1127,2024-08-31 01:30:00+02,8.243782
1128,2024-08-31 02:00:00+02,8.243721
1129,2024-08-31 02:30:00+02,8.2418823
1130,2024-08-31 03:00:00+02,8.2430496
1131,2024-08-31 03:30:00+02,8.243187
1132,2024-08-31 04:00:00+02,8.2440491
1133,2024-08-31 04:30:00+02,8.2467728
1134,2024-08-31 05:00:00+02,8.2442627
1135,2024-08-31 05:30:00+02,8.2438889
1136,2024-08-31 06:00:00+02,8.2431335
1137,2024-08-31 06:30:00+02,8.2453003
1138,2024-08-31 07:00:00+02,8.2430267
1139,2024-08-31 07:30:00+02,8.241272
1140,2024-08-31 08:00:00+02,8.2453232
1141,2024-08-31 08:30:00+02,8.2441025
1142,2024-08-31 09:00:00+02,8.2421646
1143,2024-08-31 09:30:00+02,8.2466354
1144,2024-08-31 10:00:00+02,8.2450256
1145,2024-08-31 10:30:00+02,8.2469711
1146,2024-08-31 11:00:00+02,8.2483444
1147,2024-08-31 11:30:00+02,8.2486191
1148,2024-08-31 12:00:00+02,8.2545624
1149,2024-08-31 12:30:00+02,8.2570572
1150,2024-08-31 13:00:00+02,8.2636185
1151,2024-08-31 13:30:00+02,8.2685471
1152,2024-08-31 14:00:00+02,8.2640305
1153,2024-08-31 14:30:00+02,8.2626038
1154,2024-08-31 15:00:00+02,8.2625656
1155,2024-08-31 15:30:00+02,8.2539749
1156,2024-08-31 16:00:00+02,8.2548981
1157,2024-08-31 16:30:00+02,8.2498779
1158,2024-08-31 17:00:00+02,8.251236
1159,2024-08-31 17:30:00+02,8.2492294
1160,2024-08-31 18:00:00+02,8.2499847
1161,2024-08-31 18:30:00+02,8.2441254
1162,2024-08-31 19:00:00+02,8.2444763
1163,2024-08-31 19:30:00+02,8.2490234
1164,2024-08-31 20:00:00+02,8.2457581
1165,2024-08-31 20:30:00+02,8.2450027
1166,2024-08-31 21:00:00+02,8.2478104
1167,2024-08-31 21:30:00+02,8.2464981
1168,2024-08-31 22:00:00+02,8.2463531
1169,2024-08-31 22:30:00+02,8.2431335
1170,2024-08-31 23:00:00+02,8.2433701
1171,2024-08-31 23:30:00+02,8.2427368
1172,2024-09-01 00:00:00+02,8.2508621
1173,2024-09-01 00:30:00+02,8.251236
1174,2024-09-01 01:00:00+02,8.2526169
1175,2024-09-01 01:30:00+02,8.259964
1176,2024-09-01 02:00:00+02,8.263176
1177,2024-09-01 02:30:00+02,8.2663803
1178,2024-09-01 03:00:00+02,8.2771835
1179,2024-09-01 03:30:00+02,8.2692184
1180,2024-09-01 04:00:00+02,8.2640839
1181,2024-09-01 04:30:00+02,8.2537231
1182,2024-09-01 05:00:00+02,8.2509689
1183,2024-09-01 05:30:00+02,8.2514114
1184,2024-09-01 06:00:00+02,8.2592468
1185,2024-09-01 06:30:00+02,8.2515564
1186,2024-09-01 07:00:00+02,8.2541122
1187,2024-09-01 07:30:00+02,8.2485123
1188,2024-09-01 08:00:00+02,8.2497177
1189,2024-09-01 08:30:00+02,8.250946
1190,2024-09-01 09:00:00+02,8.2581177
1191,2024-09-01 09:30:00+02,8.2494431
1192,2024-09-01 10:00:00+02,8.2490692
1193,2024-09-01 10:30:00+02,8.2498779
1194,2024-09-01 11:00:00+02,8.2475052
1195,2024-09-01 11:30:00+02,8.2468033
1196,2024-09-01 12:00:00+02,8.2505951
1197,2024-09-01 13:30:00+02,8.2673492
1198,2024-09-01 14:00:00+02,8.2687759
1199,2024-09-01 14:30:00+02,8.272171
1200,2024-09-01 15:00:00+02,8.2657547
1201,2024-09-01 15:30:00+02,8.2627106
1202,2024-09-01 16:00:00+02,8.2656555
1203,2024-09-01 16:30:00+02,8.2577972
1204,2024-09-01 17:00:00+02,8.2546997
1205,2024-09-01 17:30:00+02,8.2523193
1206,2024-09-01 18:00:00+02,8.2574158
1207,2024-09-01 18:30:00+02,8.2549438
1208,2024-09-01 19:00:00+02,8.2547455
1209,2024-09-01 19:30:00+02,8.2548447
1210,2024-09-01 20:00:00+02,8.2476959
1211,2024-09-01 20:30:00+02,8.2488022
1212,2024-09-01 21:00:00+02,8.2469254
1213,2024-09-01 21:30:00+02,8.2466431
1214,2024-09-01 22:00:00+02,8.2468872
1215,2024-09-01 22:30:00+02,8.2473221
1216,2024-09-01 23:00:00+02,8.2453232
1217,2024-09-02 00:30:00+02,8.2525101
1218,2024-09-02 01:00:00+02,8.2646027
1219,2024-09-02 01:30:00+02,8.2746277
1220,2024-09-02 02:00:00+02,8.2707062
1221,2024-09-02 02:30:00+02,8.3072128
1222,2024-09-02 03:00:00+02,8.3036575
1223,2024-09-02 03:30:00+02,8.2950211
1224,2024-09-02 04:00:00+02,8.2924957
1225,2024-09-02 04:30:00+02,8.2882538
1226,2024-09-02 05:00:00+02,8.2767563
1227,2024-09-02 05:30:00+02,8.2750473
1228,2024-09-02 06:00:00+02,8.2728348
1229,2024-09-02 06:30:00+02,8.2646713
1230,2024-09-02 07:00:00+02,8.261734
1231,2024-09-02 07:30:00+02,8.2605667
1232,2024-09-02 08:00:00+02,8.2641296
1233,2024-09-02 08:30:00+02,8.2590332
1234,2024-09-02 09:00:00+02,8.2629929
1235,2024-09-02 09:30:00+02,8.2593765
1236,2024-09-02 10:00:00+02,8.2579346
1237,2024-09-02 10:30:00+02,8.2594299
1238,2024-09-02 11:00:00+02,8.2605362
1239,2024-09-02 11:30:00+02,8.2628098
1240,2024-09-02 12:00:00+02,8.2611008
1241,2024-09-02 12:30:00+02,8.2570801
1242,2024-09-02 13:00:00+02,8.2593536
1243,2024-09-02 13:30:00+02,8.2698822
1244,2024-09-02 14:00:00+02,8.2762756
1245,2024-09-02 14:30:00+02,8.2891541
1246,2024-09-02 15:00:00+02,8.2884827
1247,2024-09-02 15:30:00+02,8.2940369
1248,2024-09-02 16:00:00+02,8.2884827
1249,2024-09-02 16:30:00+02,8.2716522
1250,2024-09-02 17:00:00+02,8.2686005
1251,2024-09-02 17:30:00+02,8.2665405
1252,2024-09-02 18:00:00+02,8.2619019
1253,2024-09-02 18:30:00+02,8.2651825
1254,2024-09-02 19:00:00+02,8.2579117
1255,2024-09-02 19:30:00+02,8.2563019
1256,2024-09-02 20:00:00+02,8.2555542
1257,2024-09-02 20:30:00+02,8.2547836
1258,2024-09-02 21:00:00+02,8.2508469
1259,2024-09-02 21:30:00+02,8.253746
1260,2024-09-02 22:00:00+02,8.2503815
1261,2024-09-02 22:30:00+02,8.2515182
1262,2024-09-02 23:00:00+02,8.2500076
1263,2024-09-02 23:30:00+02,8.2472763
1264,2024-09-03 00:00:00+02,8.2450485
1265,2024-09-03 00:30:00+02,8.2454681
1266,2024-09-03 01:00:00+02,8.2498016
1267,2024-09-03 01:30:00+02,8.2549896
1268,2024-09-03 02:00:00+02,8.2590561
1269,2024-09-03 02:30:00+02,8.2602234
1270,2024-09-03 03:00:00+02,8.2674789
1271,2024-09-03 03:30:00+02,8.2753525
1272,2024-09-03 04:00:00+02,8.2781067
1273,2024-09-03 04:30:00+02,8.2741165
1274,2024-09-03 05:00:00+02,8.2669678
1275,2024-09-03 05:30:00+02,8.2664032
1276,2024-09-03 06:00:00+02,8.2633133
1277,2024-09-03 06:30:00+02,8.2613297
1278,2024-09-03 07:00:00+02,8.2590485
1279,2024-09-03 07:30:00+02,8.2555313
1280,2024-09-03 08:00:00+02,8.2525024
1281,2024-09-03 08:30:00+02,8.2522202
1282,2024-09-03 09:00:00+02,8.252182
1283,2024-09-03 09:30:00+02,8.249054
1284,2024-09-03 10:00:00+02,8.2493439
1285,2024-09-03 10:30:00+02,8.247963
1286,2024-09-03 11:00:00+02,8.2508392
1287,2024-09-03 11:30:00+02,8.2488861
1288,2024-09-03 12:00:00+02,8.2503967
1289,2024-09-03 12:30:00+02,8.2539291
1290,2024-09-03 13:00:00+02,8.2523193
1291,2024-09-03 13:30:00+02,8.2559891
1292,2024-09-03 14:00:00+02,8.2622528
1293,2024-09-03 14:30:00+02,8.2629929
1294,2024-09-03 15:00:00+02,8.2700882
1295,2024-09-03 15:30:00+02,8.2705688
1296,2024-09-03 16:00:00+02,8.2704468
1297,2024-09-03 16:30:00+02,8.2667465
1298,2024-09-03 17:00:00+02,8.2641144
1299,2024-09-03 17:30:00+02,8.265419
1300,2024-09-03 18:00:00+02,8.279335
1301,2024-09-03 18:30:00+02,8.2782974
1302,2024-09-03 19:00:00+02,8.2769547
1303,2024-09-03 19:30:00+02,8.2791061
1304,2024-09-03 20:00:00+02,8.2752304
1305,2024-09-03 20:30:00+02,8.2705154
1306,2024-09-03 21:00:00+02,8.2696991
1307,2024-09-03 21:30:00+02,8.2552185
1308,2024-09-03 22:00:00+02,8.2492218
1309,2024-09-03 22:30:00+02,8.2496948
1310,2024-09-03 23:00:00+02,8.2490158
1311,2024-09-03 23:30:00+02,8.2500916
1312,2024-09-04 00:00:00+02,8.2488861
1313,2024-09-04 00:30:00+02,8.2486343
1314,2024-09-04 01:00:00+02,8.2478104
1315,2024-09-04 01:30:00+02,8.2507935
1316,2024-09-04 02:00:00+02,8.25457
1317,2024-09-04 02:30:00+02,8.2644119
1318,2024-09-04 03:00:00+02,8.2772827
1319,2024-09-04 03:30:00+02,8.2859955
1320,2024-09-04 04:00:00+02,8.2912979
1321,2024-09-04 04:30:00+02,8.2872391
1322,2024-09-04 05:00:00+02,8.2833328
1323,2024-09-04 05:30:00+02,8.2798386
1324,2024-09-04 06:00:00+02,8.2711411
1325,2024-09-04 06:30:00+02,8.2718353
1326,2024-09-04 07:00:00+02,8.271553
1327,2024-09-04 07:30:00+02,8.2667694
1328,2024-09-04 08:00:00+02,8.2626114
1329,2024-09-04 08:30:00+02,8.2524414
1330,2024-09-04 09:00:00+02,8.2517471
1331,2024-09-04 09:30:00+02,8.2521744
1332,2024-09-04 10:00:00+02,8.2501221
1333,2024-09-04 10:30:00+02,8.2506866
1334,2024-09-04 11:00:00+02,8.2501297
1335,2024-09-04 11:30:00+02,8.2461472
1336,2024-09-04 12:00:00+02,8.2499313
1337,2024-09-04 12:30:00+02,8.2500458
1338,2024-09-04 13:00:00+02,8.2509155
1339,2024-09-04 13:30:00+02,8.2493286
1340,2024-09-04 14:00:00+02,8.2509995
1341,2024-09-04 14:30:00+02,8.2519989
1342,2024-09-04 15:00:00+02,8.2533798
1343,2024-09-04 15:30:00+02,8.2540207
1344,2024-09-04 16:00:00+02,8.2581329
1345,2024-09-04 16:30:00+02,8.262001
1346,2024-09-04 17:00:00+02,8.2652359
1347,2024-09-04 17:30:00+02,8.2739716
1348,2024-09-04 18:00:00+02,8.2739258
1349,2024-09-04 18:30:00+02,8.2733917
1350,2024-09-04 19:00:00+02,8.2650909
1351,2024-09-04 19:30:00+02,8.2631989
1352,2024-09-04 20:00:00+02,8.2602844
1353,2024-09-04 20:30:00+02,8.2566376
1354,2024-09-04 21:00:00+02,8.2515106
1355,2024-09-04 21:30:00+02,8.2508011
1356,2024-09-04 22:00:00+02,8.2491302
1357,2024-09-04 22:30:00+02,8.2503738
1358,2024-09-04 23:00:00+02,8.247139
1359,2024-09-04 23:30:00+02,8.2499466
1360,2024-09-05 00:00:00+02,8.2520676
1361,2024-09-05 00:30:00+02,8.2507019
1362,2024-09-05 01:00:00+02,8.2510834
1363,2024-09-05 01:30:00+02,8.2559967
1364,2024-09-05 02:00:00+02,8.2571716
1365,2024-09-05 02:30:00+02,8.2544174
1366,2024-09-05 03:00:00+02,8.2586212
1367,2024-09-05 03:30:00+02,8.2576447
1368,2024-09-05 04:00:00+02,8.2623444
1369,2024-09-05 04:30:00+02,8.261261
1370,2024-09-05 05:00:00+02,8.2619324
1371,2024-09-05 05:30:00+02,8.2569809
1372,2024-09-05 06:00:00+02,8.2548447
1373,2024-09-05 06:30:00+02,8.2589035
1374,2024-09-05 07:00:00+02,8.262886
1375,2024-09-05 07:30:00+02,8.2618866
1376,2024-09-05 08:00:00+02,8.2600861
1377,2024-09-05 08:30:00+02,8.253067
1378,2024-09-05 09:00:00+02,8.2511978
1379,2024-09-05 09:30:00+02,8.2517853
1380,2024-09-05 10:00:00+02,8.248497
1381,2024-09-05 10:30:00+02,8.2466125
1382,2024-09-05 11:00:00+02,8.2439728
1383,2024-09-05 11:30:00+02,8.2453537
1384,2024-09-05 12:00:00+02,8.2430267
1385,2024-09-05 12:30:00+02,8.248024
1386,2024-09-05 13:00:00+02,8.2466125
1387,2024-09-05 13:30:00+02,8.2479477
1388,2024-09-05 14:00:00+02,8.2476425
1389,2024-09-05 14:30:00+02,8.2499847
1390,2024-09-05 15:00:00+02,8.2505875
1391,2024-09-05 15:30:00+02,8.2481995
1392,2024-09-05 16:00:00+02,8.2545319
1393,2024-09-05 16:30:00+02,8.2515488
1394,2024-09-05 17:00:00+02,8.2498856
1395,2024-09-05 17:30:00+02,8.2527084
1396,2024-09-05 18:00:00+02,8.2528992
1397,2024-09-05 18:30:00+02,8.2543411
1398,2024-09-05 19:00:00+02,8.2608261
1399,2024-09-05 19:30:00+02,8.2516174
1400,2024-09-05 20:00:00+02,8.2524719
1401,2024-09-05 20:30:00+02,8.2544479
1402,2024-09-05 21:00:00+02,8.249588
1403,2024-09-05 21:30:00+02,8.2482452
1404,2024-09-05 22:00:00+02,8.2505493
1405,2024-09-05 22:30:00+02,8.2450867
1406,2024-09-05 23:00:00+02,8.2410126
1407,2024-09-05 23:30:00+02,8.242218
1408,2024-09-06 00:00:00+02,8.2413177
1409,2024-09-06 00:30:00+02,8.2421265
1410,2024-09-06 01:00:00+02,8.2438583
1411,2024-09-06 01:30:00+02,8.2417679
1412,2024-09-06 02:00:00+02,8.2441254
1413,2024-09-06 02:30:00+02,8.2443161
1414,2024-09-06 03:00:00+02,8.242012
1415,2024-09-06 03:30:00+02,8.2480621
1416,2024-09-06 04:00:00+02,8.25811
1417,2024-09-06 04:30:00+02,8.2620239
1418,2024-09-06 05:00:00+02,8.2643738
1419,2024-09-06 05:30:00+02,8.2580948
1420,2024-09-06 06:00:00+02,8.2560501
1421,2024-09-06 06:30:00+02,8.2542801
1422,2024-09-06 07:00:00+02,8.2521515
1423,2024-09-06 07:30:00+02,8.2482452
1424,2024-09-06 08:00:00+02,8.2474899
1425,2024-09-06 08:30:00+02,8.2458649
1426,2024-09-06 09:00:00+02,8.2441025
1427,2024-09-06 09:30:00+02,8.242363
1428,2024-09-06 10:00:00+02,8.2421951
1429,2024-09-06 10:30:00+02,8.2430573
1430,2024-09-06 11:00:00+02,8.2388306
1431,2024-09-06 11:30:00+02,8.2383575
1432,2024-09-06 12:00:00+02,8.2389297
1433,2024-09-06 12:30:00+02,8.2389526
1434,2024-09-06 13:00:00+02,8.2384033
1435,2024-09-06 13:30:00+02,8.2397766
1436,2024-09-06 14:00:00+02,8.23629
1437,2024-09-06 14:30:00+02,8.2386475
1438,2024-09-06 15:00:00+02,8.2397537
1439,2024-09-06 15:30:00+02,8.241333
1440,2024-09-06 16:00:00+02,8.2420044
1441,2024-09-06 16:30:00+02,8.2493362
1442,2024-09-06 17:00:00+02,8.2547836
1443,2024-09-06 17:30:00+02,8.2591553
1444,2024-09-06 18:00:00+02,8.2527084
1445,2024-09-06 18:30:00+02,8.2476807
1446,2024-09-06 19:00:00+02,8.2452393
1447,2024-09-06 19:30:00+02,8.2414551
1448,2024-09-06 20:00:00+02,8.2427521
1449,2024-09-06 20:30:00+02,8.2388535
1450,2024-09-06 21:00:00+02,8.2361984
1451,2024-09-06 21:30:00+02,8.2375259
1452,2024-09-06 22:00:00+02,8.2362366
1453,2024-09-06 22:30:00+02,8.2362289
1454,2024-09-06 23:00:00+02,8.2374573
1455,2024-09-06 23:30:00+02,8.235054
1456,2024-09-07 00:00:00+02,8.2352982
1457,2024-09-07 00:30:00+02,8.236763
1458,2024-09-07 01:00:00+02,8.2350388
1459,2024-09-07 01:30:00+02,8.2390213
1460,2024-09-07 02:00:00+02,8.2384644
1461,2024-09-07 02:30:00+02,8.2417374
1462,2024-09-07 03:00:00+02,8.2396851
1463,2024-09-07 03:30:00+02,8.2418823
1464,2024-09-07 04:00:00+02,8.2416916
1465,2024-09-07 04:30:00+02,8.2453918
1466,2024-09-07 05:00:00+02,8.2486649
1467,2024-09-07 05:30:00+02,8.2502899
1468,2024-09-07 06:00:00+02,8.2478714
1469,2024-09-07 06:30:00+02,8.2420578
1470,2024-09-07 07:00:00+02,8.2412415
1471,2024-09-07 07:30:00+02,8.2377548
1472,2024-09-07 08:00:00+02,8.2360458
1473,2024-09-07 08:30:00+02,8.2351837
1474,2024-09-07 09:00:00+02,8.2337418
1475,2024-09-07 09:30:00+02,8.2332001
1476,2024-09-07 10:00:00+02,8.2312469
1477,2024-09-07 10:30:00+02,8.2333832
1478,2024-09-07 11:00:00+02,8.2340927
1479,2024-09-07 11:30:00+02,8.2328491
1480,2024-09-07 12:00:00+02,8.2328568
1481,2024-09-07 12:30:00+02,8.2313843
1482,2024-09-07 13:00:00+02,8.2343674
1483,2024-09-07 13:30:00+02,8.2363205
1484,2024-09-07 14:00:00+02,8.2341232
1485,2024-09-07 14:30:00+02,8.235939
1486,2024-09-07 15:00:00+02,8.2376404
1487,2024-09-07 15:30:00+02,8.2342987
1488,2024-09-07 16:00:00+02,8.2347794
1489,2024-09-07 16:30:00+02,8.2327805
1490,2024-09-07 17:00:00+02,8.2342377
1491,2024-09-07 17:30:00+02,8.2384567
1492,2024-09-07 18:00:00+02,8.2393875
1493,2024-09-07 18:30:00+02,8.2381439
1494,2024-09-07 19:00:00+02,8.2364273
1495,2024-09-07 19:30:00+02,8.234314
1496,2024-09-07 20:00:00+02,8.2311707
1497,2024-09-07 20:30:00+02,8.2313614
1498,2024-09-07 21:00:00+02,8.2331238
1499,2024-09-07 21:30:00+02,8.2314835
1500,2024-09-07 22:00:00+02,8.2327118
1501,2024-09-07 22:30:00+02,8.2312851
1502,2024-09-07 23:00:00+02,8.2341919
1503,2024-09-07 23:30:00+02,8.2308121
1504,2024-09-08 00:00:00+02,8.2306519
1505,2024-09-08 00:30:00+02,8.2304611
1506,2024-09-08 01:00:00+02,8.2301178
1507,2024-09-08 01:30:00+02,8.230545
1508,2024-09-08 02:00:00+02,8.2299347
1509,2024-09-08 02:30:00+02,8.2290802
1510,2024-09-08 03:00:00+02,8.2292862
1511,2024-09-08 03:30:00+02,8.2319107
1512,2024-09-08 04:00:00+02,8.2320938
1513,2024-09-08 04:30:00+02,8.2319183
1514,2024-09-08 05:00:00+02,8.2304077
1515,2024-09-08 05:30:00+02,8.2300339
1516,2024-09-08 06:00:00+02,8.2313309
1517,2024-09-08 06:30:00+02,8.2308884
1518,2024-09-08 07:00:00+02,8.2328873
1519,2024-09-08 07:30:00+02,8.2312469
1520,2024-09-08 08:00:00+02,8.23246
1521,2024-09-08 08:30:00+02,8.2325897
1522,2024-09-08 09:00:00+02,8.2310104
1523,2024-09-08 09:30:00+02,8.2317581
1524,2024-09-08 10:00:00+02,8.2308426
1525,2024-09-08 10:30:00+02,8.2298355
1526,2024-09-08 11:00:00+02,8.2323456
1527,2024-09-08 11:30:00+02,8.2306442
1528,2024-09-08 12:00:00+02,8.2299347
1529,2024-09-08 12:30:00+02,8.2286148
1530,2024-09-08 13:00:00+02,8.228569
1531,2024-09-08 13:30:00+02,8.2278824
1532,2024-09-08 14:00:00+02,8.2296143
1533,2024-09-08 14:30:00+02,8.2310333
1534,2024-09-08 15:00:00+02,8.2308273
1535,2024-09-08 15:30:00+02,8.2310715
1536,2024-09-08 16:00:00+02,8.2300034
1537,2024-09-08 16:30:00+02,8.224678
1538,2024-09-08 17:00:00+02,8.2282715
1539,2024-09-08 17:30:00+02,8.2278976
1540,2024-09-08 18:00:00+02,8.2290497
1541,2024-09-08 18:30:00+02,8.2303467
1542,2024-09-08 19:00:00+02,8.230217
1543,2024-09-08 19:30:00+02,8.2292328
1544,2024-09-08 20:00:00+02,8.2306213
1545,2024-09-08 20:30:00+02,8.2304535
1546,2024-09-08 21:00:00+02,8.2275467
1547,2024-09-08 21:30:00+02,8.2243576
1548,2024-09-08 22:00:00+02,8.2264938
1549,2024-09-08 22:30:00+02,8.2275085
1550,2024-09-08 23:00:00+02,8.2260666
1551,2024-09-08 23:30:00+02,8.2275467
1552,2024-09-09 00:00:00+02,8.2249146
1553,2024-09-09 00:30:00+02,8.2266541
1554,2024-09-09 01:00:00+02,8.2253952
1555,2024-09-09 01:30:00+02,8.2261276
1556,2024-09-09 02:00:00+02,8.22612
1557,2024-09-09 02:30:00+02,8.2253952
1558,2024-09-09 03:00:00+02,8.2262802
1559,2024-09-09 03:30:00+02,8.225029
1560,2024-09-09 04:00:00+02,8.2280426
1561,2024-09-09 04:30:00+02,8.2266159
1562,2024-09-09 05:00:00+02,8.2275085
1563,2024-09-09 05:30:00+02,8.2260971
1564,2024-09-09 06:00:00+02,8.2261505
1565,2024-09-09 06:30:00+02,8.2261887
1566,2024-09-09 07:00:00+02,8.2277527
1567,2024-09-09 07:30:00+02,8.2287521
1568,2024-09-09 08:00:00+02,8.2313309
1569,2024-09-09 08:30:00+02,8.2273788
1570,2024-09-09 09:00:00+02,8.225769
1571,2024-09-09 09:30:00+02,8.2233505
1572,2024-09-09 10:00:00+02,8.2253494
1573,2024-09-09 10:30:00+02,8.224144
1574,2024-09-09 11:00:00+02,8.2253571
1575,2024-09-09 11:30:00+02,8.2271652
1576,2024-09-09 12:00:00+02,8.2273788
1577,2024-09-09 12:30:00+02,8.2268066
1578,2024-09-09 13:00:00+02,8.2271576
1579,2024-09-09 13:30:00+02,8.2255325
1580,2024-09-09 14:00:00+02,8.2249603
1581,2024-09-09 14:30:00+02,8.2260513
1582,2024-09-09 15:00:00+02,8.2244873
1583,2024-09-09 15:30:00+02,8.2240372
1584,2024-09-09 16:00:00+02,8.2232361
1585,2024-09-09 16:30:00+02,8.222374
1586,2024-09-09 17:00:00+02,8.2246475
1587,2024-09-09 17:30:00+02,8.2244644
1588,2024-09-09 18:00:00+02,8.2268066
1589,2024-09-09 18:30:00+02,8.2260666
1590,2024-09-09 19:00:00+02,8.2245255
1591,2024-09-09 19:30:00+02,8.2222443
1592,2024-09-09 20:00:00+02,8.2252731
1593,2024-09-09 20:30:00+02,8.2231369
1594,2024-09-09 21:00:00+02,8.2209015
1595,2024-09-09 21:30:00+02,8.2238464
1596,2024-09-09 22:00:00+02,8.2222443
1597,2024-09-09 22:30:00+02,8.2235413
1598,2024-09-09 23:00:00+02,8.2270889
1599,2024-09-09 23:30:00+02,8.2239609
1600,2024-09-10 00:00:00+02,8.2219467
1601,2024-09-10 00:30:00+02,8.2248764
1602,2024-09-10 01:00:00+02,8.2240448
1603,2024-09-10 01:30:00+02,8.2246094
1604,2024-09-10 02:00:00+02,8.2224579
1605,2024-09-10 02:30:00+02,8.2216034
1606,2024-09-10 03:00:00+02,8.2228699
1607,2024-09-10 03:30:00+02,8.2220078
1608,2024-09-10 04:00:00+02,8.2213974
1609,2024-09-10 04:30:00+02,8.2228546
1610,2024-09-10 05:00:00+02,8.2226181
1611,2024-09-10 05:30:00+02,8.2229538
1612,2024-09-10 06:00:00+02,8.2215652
1613,2024-09-10 06:30:00+02,8.2222214
1614,2024-09-10 07:00:00+02,8.2240219
1615,2024-09-10 07:30:00+02,8.2238541
1616,2024-09-10 08:00:00+02,8.225235
1617,2024-09-10 08:30:00+02,8.2238312
1618,2024-09-10 09:00:00+02,8.2265778
1619,2024-09-10 09:30:00+02,8.2236862
1620,2024-09-10 10:00:00+02,8.2235336
1621,2024-09-10 10:30:00+02,8.2228928
1622,2024-09-10 11:00:00+02,8.2217789
1623,2024-09-10 11:30:00+02,8.2216034
1624,2024-09-10 12:00:00+02,8.2207642
1625,2024-09-10 12:30:00+02,8.2206955
1626,2024-09-10 13:00:00+02,8.2212982
1627,2024-09-10 13:30:00+02,8.2214279
1628,2024-09-10 14:00:00+02,8.2218857
1629,2024-09-10 14:30:00+02,8.2210541
1630,2024-09-10 15:00:00+02,8.2196274
1631,2024-09-10 15:30:00+02,8.2209015
1632,2024-09-10 16:00:00+02,8.2211609
1633,2024-09-10 16:30:00+02,8.219162
1634,2024-09-10 17:00:00+02,8.2204819
1635,2024-09-10 17:30:00+02,8.2192383
1636,2024-09-10 18:00:00+02,8.2220001
1637,2024-09-10 18:30:00+02,8.2210464
1638,2024-09-10 19:00:00+02,8.2231293
1639,2024-09-10 19:30:00+02,8.2234344
1640,2024-09-10 20:00:00+02,8.2236786
1641,2024-09-10 20:30:00+02,8.2210464
1642,2024-09-10 21:00:00+02,8.2231445
1643,2024-09-10 21:30:00+02,8.221405
1644,2024-09-10 22:00:00+02,8.2248154
1645,2024-09-10 22:30:00+02,8.2315598
1646,2024-09-10 23:00:00+02,8.2358246
1647,2024-09-10 23:30:00+02,8.2265244
1648,2024-09-11 00:00:00+02,8.227272
1649,2024-09-11 00:30:00+02,8.2346268
1650,2024-09-11 01:00:00+02,8.2322159
1651,2024-09-11 01:30:00+02,8.2294693
1652,2024-09-11 02:00:00+02,8.2309723
1653,2024-09-11 02:30:00+02,8.2326736
1654,2024-09-11 03:00:00+02,8.2297592
1655,2024-09-11 03:30:00+02,8.2322388
1656,2024-09-11 04:00:00+02,8.2291794
1657,2024-09-11 04:30:00+02,8.2317505
1658,2024-09-11 05:00:00+02,8.2302246
1659,2024-09-11 05:30:00+02,8.2273331
1660,2024-09-11 06:00:00+02,8.2230606
1661,2024-09-11 06:30:00+02,8.2236481
1662,2024-09-11 07:00:00+02,8.2233505
1663,2024-09-11 07:30:00+02,8.2280426
1664,2024-09-11 08:00:00+02,8.2280884
1665,2024-09-11 08:30:00+02,8.2332687
1666,2024-09-11 09:00:00+02,8.2326965
1667,2024-09-11 09:30:00+02,8.2360687
1668,2024-09-11 10:00:00+02,8.2305069
1669,2024-09-11 10:30:00+02,8.2287827
1670,2024-09-11 11:00:00+02,8.2293015
1671,2024-09-11 11:30:00+02,8.2322006
1672,2024-09-11 12:00:00+02,8.2303467
1673,2024-09-11 12:30:00+02,8.2433243
1674,2024-09-11 13:00:00+02,8.2363358
1675,2024-09-11 13:30:00+02,8.2378845
1676,2024-09-11 14:00:00+02,8.2333069
1677,2024-09-11 14:30:00+02,8.2352676
1678,2024-09-11 15:00:00+02,8.2320175
1679,2024-09-11 15:30:00+02,8.2325897
1680,2024-09-11 16:00:00+02,8.2360687
1681,2024-09-11 16:30:00+02,8.2446518
1682,2024-09-11 17:00:00+02,8.2380981
1683,2024-09-11 17:30:00+02,8.2333374
1684,2024-09-11 18:00:00+02,8.2366562
1685,2024-09-11 18:30:00+02,8.2394714
1686,2024-09-11 19:00:00+02,8.2379608
1687,2024-09-11 19:30:00+02,8.2362595
1688,2024-09-11 20:00:00+02,8.238121
1689,2024-09-11 20:30:00+02,8.2422791
1690,2024-09-11 21:00:00+02,8.2437973
1691,2024-09-11 21:30:00+02,8.2442474
1692,2024-09-11 22:00:00+02,8.2495804
1693,2024-09-11 22:30:00+02,8.2552872
1694,2024-09-11 23:00:00+02,8.2571335
1695,2024-09-11 23:30:00+02,8.2658234
1696,2024-09-12 00:00:00+02,8.2617798
1697,2024-09-12 00:30:00+02,8.2470245
1698,2024-09-12 01:00:00+02,8.250267
1699,2024-09-12 01:30:00+02,8.2485886
1700,2024-09-12 02:00:00+02,8.2526398
1701,2024-09-12 02:30:00+02,8.2593384
1702,2024-09-12 03:00:00+02,8.2582626
1703,2024-09-12 03:30:00+02,8.2524338
1704,2024-09-12 04:00:00+02,8.2562637
1705,2024-09-12 04:30:00+02,8.2491684
1706,2024-09-12 05:00:00+02,8.2462921
1707,2024-09-12 05:30:00+02,8.2510071
1708,2024-09-12 06:00:00+02,8.2514801
1709,2024-09-12 06:30:00+02,8.2449036
1710,2024-09-12 07:00:00+02,8.2389908
1711,2024-09-12 07:30:00+02,8.2413406
1712,2024-09-12 08:00:00+02,8.2440491
1713,2024-09-12 08:30:00+02,8.2565536
1714,2024-09-12 09:00:00+02,8.26548
1715,2024-09-12 09:30:00+02,8.2660751
1716,2024-09-12 10:00:00+02,8.2650986
1717,2024-09-12 10:30:00+02,8.2622757
1718,2024-09-12 11:00:00+02,8.2573395
1719,2024-09-12 11:30:00+02,8.2518768
1720,2024-09-12 12:00:00+02,8.2440109
1721,2024-09-12 12:30:00+02,8.241272
1722,2024-09-12 13:00:00+02,8.241188
1723,2024-09-12 13:30:00+02,8.2459717
1724,2024-09-12 14:00:00+02,8.2512512
1725,2024-09-12 14:30:00+02,8.2570496
1726,2024-09-12 15:00:00+02,8.2617798
1727,2024-09-12 15:30:00+02,8.2593689
1728,2024-09-12 16:00:00+02,8.2539597
1729,2024-09-12 16:30:00+02,8.2559586
1730,2024-09-12 17:00:00+02,8.2600021
1731,2024-09-12 17:30:00+02,8.2608795
1732,2024-09-12 18:00:00+02,8.2606735
1733,2024-09-12 18:30:00+02,8.2590561
1734,2024-09-12 19:00:00+02,8.2497177
1735,2024-09-12 19:30:00+02,8.2458191
1736,2024-09-12 20:00:00+02,8.242981
1737,2024-09-12 20:30:00+02,8.2414398
1738,2024-09-12 21:00:00+02,8.2431488
1739,2024-09-12 21:30:00+02,8.2432175
1740,2024-09-12 22:00:00+02,8.2450256
1741,2024-09-12 22:30:00+02,8.2434845
1742,2024-09-12 23:00:00+02,8.2462921
1743,2024-09-12 23:30:00+02,8.2458344
1744,2024-09-13 00:00:00+02,8.2457123
1745,2024-09-13 00:30:00+02,8.2470322
1746,2024-09-13 01:00:00+02,8.2441177
1747,2024-09-13 01:30:00+02,8.2435837
1748,2024-09-13 02:00:00+02,8.2394867
1749,2024-09-13 02:30:00+02,8.2413559
1750,2024-09-13 03:00:00+02,8.2377167
1751,2024-09-13 03:30:00+02,8.2405701
1752,2024-09-13 04:00:00+02,8.2402115
1753,2024-09-13 04:30:00+02,8.2401733
1754,2024-09-13 05:00:00+02,8.236969
1755,2024-09-13 05:30:00+02,8.2328186
1756,2024-09-13 06:00:00+02,8.2374573
1757,2024-09-13 06:30:00+02,8.2347794
1758,2024-09-13 07:00:00+02,8.2353668
1759,2024-09-13 07:30:00+02,8.236145
1760,2024-09-13 08:00:00+02,8.2366943
1761,2024-09-13 08:30:00+02,8.2366486
1762,2024-09-13 09:00:00+02,8.2384949
1763,2024-09-13 09:30:00+02,8.2386093
1764,2024-09-13 10:00:00+02,8.2353287
1765,2024-09-13 10:30:00+02,8.2338791
1766,2024-09-13 11:00:00+02,8.2360535
1767,2024-09-13 11:30:00+02,8.2322083
1768,2024-09-13 12:00:00+02,8.2337112
1769,2024-09-13 12:30:00+02,8.233902
1770,2024-09-13 13:00:00+02,8.2364273
1771,2024-09-13 13:30:00+02,8.2335663
1772,2024-09-13 14:00:00+02,8.2353363
1773,2024-09-13 14:30:00+02,8.2342606
1774,2024-09-13 15:00:00+02,8.2353668
1775,2024-09-13 15:30:00+02,8.2364655
1776,2024-09-13 16:00:00+02,8.2349854
1777,2024-09-13 16:30:00+02,8.2330322
1778,2024-09-13 17:00:00+02,8.2336426
1779,2024-09-13 17:30:00+02,8.2313156
1780,2024-09-13 18:00:00+02,8.2314529
1781,2024-09-13 18:30:00+02,8.2322388
1782,2024-09-13 19:00:00+02,8.2305069
1783,2024-09-13 19:30:00+02,8.2328873
1784,2024-09-13 20:00:00+02,8.2351456
1785,2024-09-13 20:30:00+02,8.2345657
1786,2024-09-13 21:00:00+02,8.2342911
1787,2024-09-13 21:30:00+02,8.2300262
1788,2024-09-13 22:00:00+02,8.2285233
1789,2024-09-13 22:30:00+02,8.2299423
1790,2024-09-13 23:00:00+02,8.2324677
1791,2024-09-13 23:30:00+02,8.2315445
1792,2024-09-14 00:00:00+02,8.2325134
1793,2024-09-14 00:30:00+02,8.2313538
1794,2024-09-14 01:00:00+02,8.2326279
1795,2024-09-14 01:30:00+02,8.232254
1796,2024-09-14 02:00:00+02,8.2368317
1797,2024-09-14 02:30:00+02,8.2350464
1798,2024-09-14 03:00:00+02,8.2355118
1799,2024-09-14 03:30:00+02,8.2335892
1800,2024-09-14 04:00:00+02,8.2355423
1801,2024-09-14 04:30:00+02,8.2335663
1802,2024-09-14 05:00:00+02,8.2340317
1803,2024-09-14 05:30:00+02,8.2343826
1804,2024-09-14 06:00:00+02,8.2316742
1805,2024-09-14 06:30:00+02,8.2335892
1806,2024-09-14 07:00:00+02,8.2320786
1807,2024-09-14 07:30:00+02,8.2323456
1808,2024-09-14 08:00:00+02,8.2340775
1809,2024-09-14 08:30:00+02,8.232811
1810,2024-09-14 09:00:00+02,8.2349472
1811,2024-09-14 09:30:00+02,8.2363968
1812,2024-09-14 10:00:00+02,8.2311172
1813,2024-09-14 10:30:00+02,8.2334595
1814,2024-09-14 11:00:00+02,8.2317886
1815,2024-09-14 11:30:00+02,8.2345963
1816,2024-09-14 12:00:00+02,8.235199
1817,2024-09-14 12:30:00+02,8.234726
1818,2024-09-14 13:00:00+02,8.2332993
1819,2024-09-14 15:00:00+02,8.2324219
1820,2024-09-14 15:30:00+02,8.2366562
1821,2024-09-14 16:00:00+02,8.2351685
1822,2024-09-14 16:30:00+02,8.2347946
1823,2024-09-14 17:00:00+02,8.2370453
1824,2024-09-14 17:30:00+02,8.2346573
1825,2024-09-14 18:00:00+02,8.2345963
1826,2024-09-14 18:30:00+02,8.2359009
1827,2024-09-14 19:00:00+02,8.2341919
1828,2024-09-14 19:30:00+02,8.2345276
1829,2024-09-14 20:00:00+02,8.2324905
1830,2024-09-14 20:30:00+02,8.2314377
1831,2024-09-14 21:00:00+02,8.2314529
1832,2024-09-14 21:30:00+02,8.2355347
1833,2024-09-14 22:00:00+02,8.2370148
1834,2024-09-14 22:30:00+02,8.234024
1835,2024-09-14 23:00:00+02,8.2336884
1836,2024-09-14 23:30:00+02,8.2340622
1837,2024-09-15 00:00:00+02,8.2325211
1838,2024-09-15 00:30:00+02,8.2352676
1839,2024-09-15 01:00:00+02,8.2414017
1840,2024-09-15 01:30:00+02,8.2419739
1841,2024-09-15 02:00:00+02,8.2408829
1842,2024-09-15 02:30:00+02,8.2431564
1843,2024-09-15 03:00:00+02,8.243782
1844,2024-09-15 03:30:00+02,8.2445831
1845,2024-09-15 04:00:00+02,8.2436142
1846,2024-09-15 04:30:00+02,8.2488556
1847,2024-09-15 05:00:00+02,8.2527313
1848,2024-09-15 05:30:00+02,8.2506332
1849,2024-09-15 06:00:00+02,8.2468185
1850,2024-09-15 06:30:00+02,8.2383347
1851,2024-09-15 07:00:00+02,8.2382431
1852,2024-09-15 07:30:00+02,8.2369308
1853,2024-09-15 08:00:00+02,8.2329865
1854,2024-09-15 08:30:00+02,8.2335663
1855,2024-09-15 09:00:00+02,8.2357864
1856,2024-09-15 09:30:00+02,8.233551
1857,2024-09-15 10:00:00+02,8.2349014
1858,2024-09-15 10:30:00+02,8.2383194
1859,2024-09-15 11:00:00+02,8.2361603
1860,2024-09-15 11:30:00+02,8.2375412
1861,2024-09-15 12:00:00+02,8.2423325
1862,2024-09-15 12:30:00+02,8.2419586
1863,2024-09-15 13:00:00+02,8.2380142
1864,2024-09-15 13:30:00+02,8.2376556
1865,2024-09-15 14:00:00+02,8.2401276
1866,2024-09-15 14:30:00+02,8.2375793
1867,2024-09-15 15:00:00+02,8.2373276
1868,2024-09-15 15:30:00+02,8.2385483
1869,2024-09-15 16:00:00+02,8.2381897
1870,2024-09-15 16:30:00+02,8.2381668
1871,2024-09-15 17:00:00+02,8.2392349
1872,2024-09-15 17:30:00+02,8.2389984
1873,2024-09-15 18:00:00+02,8.2353134
1874,2024-09-15 18:30:00+02,8.2377396
1875,2024-09-15 19:00:00+02,8.2362213
1876,2024-09-15 19:30:00+02,8.2350159
1877,2024-09-15 20:00:00+02,8.2377472
1878,2024-09-15 20:30:00+02,8.2369232
1879,2024-09-15 21:00:00+02,8.235466
1880,2024-09-15 21:30:00+02,8.2365112
1881,2024-09-15 22:00:00+02,8.2431564
1882,2024-09-15 22:30:00+02,8.2378006
1883,2024-09-15 23:00:00+02,8.2403183
1884,2024-09-15 23:30:00+02,8.2397385
1885,2024-09-16 00:00:00+02,8.239624
1886,2024-09-16 00:30:00+02,8.2382431
1887,2024-09-16 01:00:00+02,8.2395554
1888,2024-09-16 01:30:00+02,8.2427063
1889,2024-09-16 02:00:00+02,8.2348328
1890,2024-09-16 02:30:00+02,8.2346191
1891,2024-09-16 03:00:00+02,8.2363052
1892,2024-09-16 03:30:00+02,8.2359619
1893,2024-09-16 04:00:00+02,8.2370071
1894,2024-09-16 04:30:00+02,8.236969
1895,2024-09-16 05:00:00+02,8.2380295
1896,2024-09-16 05:30:00+02,8.2414093
1897,2024-09-16 06:00:00+02,8.2398758
1898,2024-09-16 06:30:00+02,8.2315369
1899,2024-09-16 07:00:00+02,8.2330322
1900,2024-09-16 07:30:00+02,8.2340317
1901,2024-09-16 08:00:00+02,8.2309723
1902,2024-09-16 08:30:00+02,8.2315369
1903,2024-09-16 09:00:00+02,8.2308884
1904,2024-09-16 09:30:00+02,8.227951
1905,2024-09-16 10:00:00+02,8.2303314
1906,2024-09-16 10:30:00+02,8.2262039
1907,2024-09-16 11:00:00+02,8.2281189
