0,2024-08-07 12:24:00+02,158.369
1,2024-08-07 12:27:00+02,158.59854
2,2024-08-07 14:00:00+02,525.35602
3,2024-08-07 14:30:00+02,524.22656
4,2024-08-07 15:00:00+02,521.24072
5,2024-08-07 15:30:00+02,518.22955
6,2024-08-07 16:00:00+02,516.97638
7,2024-08-07 16:30:00+02,517.12823
8,2024-08-07 17:00:00+02,514.224
9,2024-08-07 17:30:00+02,516.35876
10,2024-08-07 18:00:00+02,514.24329
11,2024-08-07 18:30:00+02,519.76276
12,2024-08-07 19:00:00+02,519.5108
13,2024-08-07 19:30:00+02,519.23505
14,2024-08-07 20:00:00+02,519.48541
15,2024-08-07 20:30:00+02,518.68018
16,2024-08-07 21:00:00+02,522.45886
17,2024-08-07 21:30:00+02,520.9563
18,2024-08-07 22:00:00+02,521.04797
19,2024-08-07 22:30:00+02,520.56195
20,2024-08-07 23:00:00+02,520.09222
21,2024-08-07 23:30:00+02,522.92584
22,2024-08-08 00:00:00+02,522.89417
23,2024-08-08 00:30:00+02,523.37903
24,2024-08-08 01:00:00+02,522.51434
25,2024-08-08 01:30:00+02,520.42743
26,2024-08-08 02:00:00+02,520.80957
27,2024-08-08 02:30:00+02,520.12939
28,2024-08-08 03:00:00+02,517.45807
29,2024-08-08 03:30:00+02,515.09045
30,2024-08-08 04:00:00+02,511.93527
31,2024-08-08 04:30:00+02,511.98935
32,2024-08-08 05:00:00+02,510.17505
33,2024-08-08 05:30:00+02,509.51926
34,2024-08-08 06:00:00+02,509.22479
35,2024-08-08 06:30:00+02,509.37686
36,2024-08-08 07:00:00+02,511.832
37,2024-08-08 07:30:00+02,512.39929
38,2024-08-08 08:00:00+02,514.79346
39,2024-08-08 08:30:00+02,515.74744
40,2024-08-08 09:00:00+02,515.98761
41,2024-08-08 09:30:00+02,517.94177
42,2024-08-08 10:00:00+02,516.67212
43,2024-08-08 10:30:00+02,515.83594
44,2024-08-08 11:00:00+02,516.34576
45,2024-08-08 11:30:00+02,515.54858
46,2024-08-08 12:00:00+02,513.8855
47,2024-08-08 12:30:00+02,511.32217
48,2024-08-08 13:00:00+02,511.05527
49,2024-08-08 13:30:00+02,510.90182
50,2024-08-08 14:00:00+02,517.3147
51,2024-08-08 14:30:00+02,519.17682
52,2024-08-08 15:00:00+02,512.97913
53,2024-08-08 15:30:00+02,510.4278
54,2024-08-08 16:00:00+02,513.26001
55,2024-08-08 16:30:00+02,515.38214
56,2024-08-08 17:00:00+02,512.83832
57,2024-08-08 17:30:00+02,515.68427
58,2024-08-08 18:00:00+02,515.49133
59,2024-08-08 18:30:00+02,514.78674
60,2024-08-08 19:00:00+02,510.50824
61,2024-08-08 19:30:00+02,508.85876
62,2024-08-08 20:00:00+02,508.21832
63,2024-08-08 20:30:00+02,506.32315
64,2024-08-08 21:00:00+02,512.17993
65,2024-08-08 21:30:00+02,511.52182
66,2024-08-08 22:00:00+02,510.89908
67,2024-08-08 22:30:00+02,507.42307
68,2024-08-08 23:00:00+02,505.12155
69,2024-08-08 23:30:00+02,509.45572
70,2024-08-09 00:00:00+02,509.54501
71,2024-08-09 00:30:00+02,507.23071
72,2024-08-09 01:00:00+02,507.18585
73,2024-08-09 01:30:00+02,509.5173
74,2024-08-09 02:00:00+02,516.75055
75,2024-08-09 02:30:00+02,516.64752
76,2024-08-09 03:00:00+02,511.01218
77,2024-08-09 03:30:00+02,510.91837
78,2024-08-09 04:00:00+02,508.12332
79,2024-08-09 04:30:00+02,514.08948
80,2024-08-09 05:00:00+02,509.27969
81,2024-08-09 05:30:00+02,511.48581
82,2024-08-09 06:00:00+02,510.88257
83,2024-08-09 06:30:00+02,511.76062
84,2024-08-09 07:00:00+02,509.61151
85,2024-08-09 07:30:00+02,506.20337
86,2024-08-09 08:00:00+02,502.87155
87,2024-08-09 08:30:00+02,505.78656
88,2024-08-09 09:00:00+02,504.87686
89,2024-08-09 09:30:00+02,507.91187
90,2024-08-09 10:00:00+02,512.48383
91,2024-08-09 10:30:00+02,517.10858
92,2024-08-09 11:30:00+02,516.94336
93,2024-08-09 12:00:00+02,519.02301
94,2024-08-09 12:30:00+02,515.34991
95,2024-08-09 13:00:00+02,518.93134
96,2024-08-09 13:30:00+02,513.72717
97,2024-08-09 14:00:00+02,514.987
98,2024-08-09 14:30:00+02,515.57495
99,2024-08-09 15:00:00+02,516.56787
100,2024-08-09 15:30:00+02,514.9939
101,2024-08-09 16:00:00+02,516.76886
102,2024-08-09 16:30:00+02,513.61761
103,2024-08-09 17:00:00+02,511.75864
104,2024-08-09 17:30:00+02,510.78757
105,2024-08-09 18:00:00+02,508.29779
106,2024-08-09 18:30:00+02,507.0462
107,2024-08-09 19:00:00+02,511.93585
108,2024-08-09 19:30:00+02,513.48285
109,2024-08-09 20:00:00+02,516.27734
110,2024-08-09 20:30:00+02,511.61563
111,2024-08-09 21:00:00+02,510.70709
112,2024-08-09 21:30:00+02,509.27771
113,2024-08-09 22:00:00+02,507.83337
114,2024-08-09 22:30:00+02,518.08179
115,2024-08-09 23:00:00+02,517.87311
116,2024-08-09 23:30:00+02,518.17444
117,2024-08-10 00:00:00+02,522.48718
118,2024-08-10 00:30:00+02,525.30878
119,2024-08-10 01:00:00+02,521.92487
120,2024-08-10 01:30:00+02,519.38062
121,2024-08-10 02:00:00+02,519.20886
122,2024-08-10 02:30:00+02,521.55444
123,2024-08-10 03:00:00+02,528.42169
124,2024-08-10 03:30:00+02,524.04877
125,2024-08-10 04:00:00+02,520.63416
126,2024-08-10 04:30:00+02,518.55603
127,2024-08-10 05:00:00+02,520.24628
128,2024-08-10 05:30:00+02,522.29541
129,2024-08-10 06:00:00+02,517.51849
130,2024-08-10 06:30:00+02,515.32294
131,2024-08-10 07:00:00+02,516.36169
132,2024-08-10 07:30:00+02,524.45416
133,2024-08-10 08:00:00+02,523.63159
134,2024-08-10 08:30:00+02,514.3501
135,2024-08-10 09:00:00+02,515.39557
136,2024-08-10 09:30:00+02,519.67328
137,2024-08-10 10:00:00+02,518.24451
138,2024-08-10 10:30:00+02,525.49805
139,2024-08-10 11:00:00+02,521.33453
140,2024-08-10 11:30:00+02,520.21283
141,2024-08-10 12:00:00+02,522.21204
142,2024-08-10 12:30:00+02,520.61523
143,2024-08-10 13:00:00+02,519.67188
144,2024-08-10 13:30:00+02,517.59735
145,2024-08-10 14:00:00+02,516.5694
146,2024-08-10 14:30:00+02,518.37115
147,2024-08-10 15:00:00+02,522.16656
148,2024-08-10 15:30:00+02,517.63745
149,2024-08-10 16:00:00+02,518.56586
150,2024-08-10 16:30:00+02,517.78107
151,2024-08-10 17:00:00+02,516.77887
152,2024-08-10 17:30:00+02,515.08203
153,2024-08-10 18:00:00+02,514.25433
154,2024-08-10 18:30:00+02,514.90283
155,2024-08-10 19:00:00+02,513.53656
156,2024-08-10 19:30:00+02,519.56567
157,2024-08-10 20:00:00+02,515.19293
158,2024-08-10 20:30:00+02,508.2482
159,2024-08-10 21:00:00+02,507.1312
160,2024-08-10 21:30:00+02,509.09106
161,2024-08-10 22:00:00+02,509.88138
162,2024-08-10 22:30:00+02,514.32239
163,2024-08-10 23:00:00+02,516.4917
164,2024-08-10 23:30:00+02,517.64124
165,2024-08-11 00:00:00+02,517.43231
166,2024-08-11 00:30:00+02,513.5401
167,2024-08-11 01:00:00+02,513.14832
168,2024-08-11 01:30:00+02,513.05585
169,2024-08-11 02:00:00+02,512.94019
170,2024-08-11 02:30:00+02,513.72321
171,2024-08-11 03:00:00+02,518.78381
172,2024-08-11 03:30:00+02,520.03699
173,2024-08-11 04:00:00+02,518.97479
174,2024-08-11 04:30:00+02,519.57001
175,2024-08-11 05:00:00+02,516.77124
176,2024-08-11 05:30:00+02,515.11328
177,2024-08-11 06:00:00+02,513.19568
178,2024-08-11 06:30:00+02,511.39081
179,2024-08-11 07:00:00+02,509.50726
180,2024-08-11 07:30:00+02,509.24585
181,2024-08-11 08:00:00+02,514.15674
182,2024-08-11 08:30:00+02,517.66302
183,2024-08-11 09:00:00+02,515.30133
184,2024-08-11 09:30:00+02,507.43231
185,2024-08-11 10:00:00+02,503.34814
186,2024-08-11 10:30:00+02,505.86053
187,2024-08-11 11:00:00+02,504.4158
188,2024-08-11 11:30:00+02,508.01965
189,2024-08-11 12:00:00+02,509.39572
190,2024-08-11 12:30:00+02,512.534
191,2024-08-11 13:00:00+02,513.79877
192,2024-08-11 13:30:00+02,514.27356
193,2024-08-11 14:00:00+02,510.57513
194,2024-08-11 14:30:00+02,513.68152
195,2024-08-11 15:00:00+02,515.40692
196,2024-08-11 15:30:00+02,517.18347
197,2024-08-11 16:00:00+02,511.34833
198,2024-08-11 16:30:00+02,509.00845
199,2024-08-11 17:00:00+02,512.05115
200,2024-08-11 17:30:00+02,516.57434
201,2024-08-11 18:00:00+02,515.98956
202,2024-08-11 18:30:00+02,514.9646
203,2024-08-11 19:00:00+02,518.32513
204,2024-08-11 19:30:00+02,518.5816
205,2024-08-11 20:00:00+02,516.19257
206,2024-08-11 20:30:00+02,524.76849
207,2024-08-11 21:00:00+02,521.09381
208,2024-08-11 21:30:00+02,519.4162
209,2024-08-11 22:00:00+02,519.67859
210,2024-08-11 22:30:00+02,520.77734
211,2024-08-11 23:00:00+02,521.5824
212,2024-08-11 23:30:00+02,523.2002
213,2024-08-12 00:00:00+02,522.90833
214,2024-08-12 00:30:00+02,521.94312
215,2024-08-12 01:00:00+02,513.80194
216,2024-08-12 01:30:00+02,513.40186
217,2024-08-12 02:00:00+02,512.42328
218,2024-08-12 02:30:00+02,512.64417
219,2024-08-12 03:00:00+02,514.3725
220,2024-08-12 03:30:00+02,513.44531
221,2024-08-12 04:00:00+02,512.82019
222,2024-08-12 04:30:00+02,514.06451
223,2024-08-12 05:00:00+02,515.93451
224,2024-08-12 05:30:00+02,515.65869
225,2024-08-12 06:00:00+02,517.29956
226,2024-08-12 06:30:00+02,520.04407
227,2024-08-12 07:00:00+02,519.09637
228,2024-08-12 07:30:00+02,520.01239
229,2024-08-12 08:00:00+02,520.43549
230,2024-08-12 08:30:00+02,520.42346
231,2024-08-12 09:00:00+02,520.6347
232,2024-08-12 09:30:00+02,520.08435
233,2024-08-12 10:00:00+02,520.5647
234,2024-08-12 10:30:00+02,519.3924
235,2024-08-12 11:00:00+02,519.89789
236,2024-08-12 11:30:00+02,522.12665
237,2024-08-12 12:00:00+02,524.94098
238,2024-08-12 12:30:00+02,521.25647
239,2024-08-12 13:00:00+02,518.68524
240,2024-08-12 13:30:00+02,522.04559
241,2024-08-12 14:00:00+02,523.16107
242,2024-08-12 14:30:00+02,522.94275
243,2024-08-12 15:00:00+02,523.41815
244,2024-08-12 15:30:00+02,523.2132
245,2024-08-12 16:00:00+02,524.3938
246,2024-08-12 16:30:00+02,526.92542
247,2024-08-12 17:00:00+02,526.26141
248,2024-08-12 17:30:00+02,525.61249
249,2024-08-12 18:00:00+02,525.58356
250,2024-08-12 18:30:00+02,525.02673
251,2024-08-12 19:00:00+02,525.29205
252,2024-08-12 19:30:00+02,525.41089
253,2024-08-12 20:00:00+02,525.56708
254,2024-08-12 20:30:00+02,527.3269
255,2024-08-12 21:00:00+02,528.23895
256,2024-08-12 21:30:00+02,527.02966
257,2024-08-12 22:00:00+02,527.84772
258,2024-08-12 22:30:00+02,527.43781
259,2024-08-12 23:00:00+02,526.89124
260,2024-08-12 23:30:00+02,525.20453
261,2024-08-13 00:00:00+02,525.27142
262,2024-08-13 00:30:00+02,526.72577
263,2024-08-13 01:00:00+02,524.46381
264,2024-08-13 01:30:00+02,526.45612
265,2024-08-13 02:00:00+02,525.93683
266,2024-08-13 02:30:00+02,522.97797
267,2024-08-13 03:00:00+02,523.46259
268,2024-08-13 03:30:00+02,523.97797
269,2024-08-13 04:00:00+02,523.14319
270,2024-08-13 04:30:00+02,524.30878
271,2024-08-13 05:00:00+02,523.69965
272,2024-08-13 05:30:00+02,521.31036
273,2024-08-13 06:00:00+02,523.33789
274,2024-08-13 06:30:00+02,523.71143
275,2024-08-13 07:00:00+02,524.01416
276,2024-08-13 07:30:00+02,524.1347
277,2024-08-13 08:00:00+02,522.51196
278,2024-08-13 08:30:00+02,523.64417
279,2024-08-13 09:00:00+02,525.49017
280,2024-08-13 09:30:00+02,526.1593
281,2024-08-13 10:00:00+02,522.93274
282,2024-08-13 10:30:00+02,522.70239
283,2024-08-13 11:00:00+02,522.38159
284,2024-08-13 11:30:00+02,521.87823
285,2024-08-13 12:00:00+02,521.15771
286,2024-08-13 12:30:00+02,518.77002
287,2024-08-13 13:00:00+02,520.55798
288,2024-08-13 13:30:00+02,520.7384
289,2024-08-13 14:00:00+02,523.85266
290,2024-08-13 14:30:00+02,524.38159
291,2024-08-13 15:00:00+02,526.23938
292,2024-08-13 15:30:00+02,526.28302
293,2024-08-13 16:00:00+02,526.51886
294,2024-08-13 16:30:00+02,527.75867
295,2024-08-13 17:00:00+02,527.45789
296,2024-08-13 17:30:00+02,527.17523
297,2024-08-13 18:00:00+02,523.54523
298,2024-08-13 18:30:00+02,525.30939
299,2024-08-13 19:00:00+02,523.82257
300,2024-08-13 19:30:00+02,522.56885
301,2024-08-13 20:00:00+02,528.64124
302,2024-08-13 20:30:00+02,527.81708
303,2024-08-13 21:00:00+02,527.4931
304,2024-08-13 21:30:00+02,523.65381
305,2024-08-13 22:00:00+02,521.0293
306,2024-08-13 22:30:00+02,519.38629
307,2024-08-13 23:00:00+02,517.54443
308,2024-08-13 23:30:00+02,519.26965
309,2024-08-14 00:00:00+02,516.43524
310,2024-08-14 00:30:00+02,515.13867
311,2024-08-14 01:00:00+02,514.1554
312,2024-08-14 01:30:00+02,517.42407
313,2024-08-14 02:00:00+02,514.71478
314,2024-08-14 02:30:00+02,515.52222
315,2024-08-14 03:00:00+02,515.58099
316,2024-08-14 03:30:00+02,516.36426
317,2024-08-14 04:00:00+02,517.61761
318,2024-08-14 04:30:00+02,519.65009
319,2024-08-14 05:00:00+02,521.51929
320,2024-08-14 05:30:00+02,520.25018
321,2024-08-14 06:00:00+02,524.04285
322,2024-08-14 06:30:00+02,524.43372
323,2024-08-14 07:00:00+02,522.35406
324,2024-08-14 07:30:00+02,521.25336
325,2024-08-14 08:00:00+02,519.92108
326,2024-08-14 08:30:00+02,520.49701
327,2024-08-14 09:00:00+02,518.35205
328,2024-08-14 09:30:00+02,518.15204
329,2024-08-14 10:00:00+02,516.85187
330,2024-08-14 10:30:00+02,514.86566
331,2024-08-14 11:00:00+02,512.83557
332,2024-08-14 11:30:00+02,509.82315
333,2024-08-14 12:00:00+02,510.4632
334,2024-08-14 12:30:00+02,509.06509
335,2024-08-14 13:00:00+02,510.33063
336,2024-08-14 13:30:00+02,513.57434
337,2024-08-14 14:00:00+02,512.22125
338,2024-08-14 14:30:00+02,514.95435
339,2024-08-14 15:00:00+02,513.5661
340,2024-08-14 15:30:00+02,514.84558
341,2024-08-14 16:00:00+02,517.95398
342,2024-08-14 16:30:00+02,518.54266
343,2024-08-14 17:00:00+02,519.87842
344,2024-08-14 17:30:00+02,520.92328
345,2024-08-14 18:00:00+02,519.84344
346,2024-08-14 18:30:00+02,517.42859
347,2024-08-14 19:00:00+02,522.35205
348,2024-08-14 19:30:00+02,517.79327
349,2024-08-14 20:00:00+02,518.97931
350,2024-08-14 20:30:00+02,521.0423
351,2024-08-14 21:00:00+02,521.2547
352,2024-08-14 21:30:00+02,521.82825
353,2024-08-14 22:00:00+02,519.29877
354,2024-08-14 22:30:00+02,517.58319
355,2024-08-14 23:00:00+02,519.17505
356,2024-08-14 23:30:00+02,518.29816
357,2024-08-15 00:00:00+02,515.32098
358,2024-08-15 00:30:00+02,511.24271
359,2024-08-15 01:00:00+02,509.53302
360,2024-08-15 01:30:00+02,511.29147
361,2024-08-15 02:00:00+02,510.25922
362,2024-08-15 02:30:00+02,514.4809
363,2024-08-15 03:00:00+02,515.39655
364,2024-08-15 03:30:00+02,522.22778
365,2024-08-15 04:00:00+02,520.83081
366,2024-08-15 04:30:00+02,519.48425
367,2024-08-15 05:00:00+02,516.77789
368,2024-08-15 05:30:00+02,516.99683
369,2024-08-15 06:00:00+02,518.34241
370,2024-08-15 06:30:00+02,515.48877
371,2024-08-15 07:00:00+02,518.46161
372,2024-08-15 07:30:00+02,518.39966
373,2024-08-15 08:00:00+02,519.95337
374,2024-08-15 08:30:00+02,521.89337
375,2024-08-15 09:00:00+02,519.05939
376,2024-08-15 09:30:00+02,522.90265
377,2024-08-15 10:00:00+02,518.29407
378,2024-08-15 10:30:00+02,522.66522
379,2024-08-15 11:00:00+02,523.66974
380,2024-08-15 11:30:00+02,519.20197
381,2024-08-15 12:00:00+02,519.96637
382,2024-08-15 12:30:00+02,518.14532
383,2024-08-15 13:00:00+02,518.15796
384,2024-08-15 13:30:00+02,518.78674
385,2024-08-15 14:00:00+02,520.75549
386,2024-08-15 14:30:00+02,513.70477
387,2024-08-15 15:00:00+02,511.64395
388,2024-08-15 15:30:00+02,513.16992
389,2024-08-15 16:00:00+02,512.87506
390,2024-08-15 16:30:00+02,513.91602
391,2024-08-15 17:00:00+02,514.41577
392,2024-08-15 17:30:00+02,515.28223
393,2024-08-15 18:00:00+02,516.54877
394,2024-08-15 18:30:00+02,517.40735
395,2024-08-15 19:00:00+02,520.37958
396,2024-08-15 19:30:00+02,524.25452
397,2024-08-15 20:00:00+02,524.81097
398,2024-08-15 20:30:00+02,518.3269
399,2024-08-15 21:00:00+02,517.29407
400,2024-08-15 21:30:00+02,510.90991
401,2024-08-15 22:00:00+02,515.59717
402,2024-08-15 22:30:00+02,512.0238
403,2024-08-15 23:00:00+02,508.66501
404,2024-08-15 23:30:00+02,510.27536
405,2024-08-16 00:00:00+02,509.14359
406,2024-08-16 00:30:00+02,510.2663
407,2024-08-16 01:00:00+02,509.58102
408,2024-08-16 01:30:00+02,508.34775
409,2024-08-16 02:00:00+02,509.70102
410,2024-08-16 02:30:00+02,506.71143
411,2024-08-16 03:00:00+02,504.66501
412,2024-08-16 03:30:00+02,502.1662
413,2024-08-16 04:00:00+02,508.65674
414,2024-08-16 04:30:00+02,515.69116
415,2024-08-16 05:00:00+02,512.53815
416,2024-08-16 05:30:00+02,511.42111
417,2024-08-16 06:00:00+02,510.59125
418,2024-08-16 06:30:00+02,511.44785
419,2024-08-16 07:00:00+02,517.75391
420,2024-08-16 07:30:00+02,522.88708
421,2024-08-16 08:00:00+02,522.84521
422,2024-08-16 08:30:00+02,523.38849
423,2024-08-16 09:00:00+02,525.24664
424,2024-08-16 09:30:00+02,523.83044
425,2024-08-16 10:00:00+02,520.50232
426,2024-08-16 10:30:00+02,519.13593
427,2024-08-16 11:00:00+02,518.95709
428,2024-08-16 11:30:00+02,523.42682
429,2024-08-16 12:00:00+02,518.90558
430,2024-08-16 12:30:00+02,513.25336
431,2024-08-16 13:00:00+02,507.04248
432,2024-08-16 13:30:00+02,503.3269
433,2024-08-16 14:00:00+02,502.86978
434,2024-08-16 14:30:00+02,499.65833
435,2024-08-16 15:00:00+02,500.37766
436,2024-08-16 15:30:00+02,502.45514
437,2024-08-16 16:00:00+02,501.7966
438,2024-08-16 16:30:00+02,501.69452
439,2024-08-16 17:00:00+02,502.73111
440,2024-08-16 17:30:00+02,503.52615
441,2024-08-16 18:00:00+02,504.78952
442,2024-08-16 18:30:00+02,512.94415
443,2024-08-16 19:00:00+02,508.16422
444,2024-08-16 19:30:00+02,504.87646
445,2024-08-16 20:00:00+02,504.53815
446,2024-08-16 20:30:00+02,504.72855
447,2024-08-16 21:00:00+02,505.1593
448,2024-08-16 21:30:00+02,505.48779
449,2024-08-16 22:00:00+02,505.50037
450,2024-08-16 22:30:00+02,504.61642
451,2024-08-16 23:00:00+02,502.60779
452,2024-08-16 23:30:00+02,502.13864
453,2024-08-17 00:00:00+02,501.77518
454,2024-08-17 00:30:00+02,501.15793
455,2024-08-17 01:00:00+02,500.4866
456,2024-08-17 01:30:00+02,499.2132
457,2024-08-17 02:00:00+02,498.04819
458,2024-08-17 02:30:00+02,498.61938
459,2024-08-17 03:00:00+02,497.19058
460,2024-08-17 03:30:00+02,495.08005
461,2024-08-17 04:00:00+02,491.79837
462,2024-08-17 04:30:00+02,488.70178
463,2024-08-17 05:00:00+02,489.34125
464,2024-08-17 05:30:00+02,484.72678
465,2024-08-17 06:00:00+02,482.90814
466,2024-08-17 06:30:00+02,487.31155
467,2024-08-17 07:00:00+02,493.76337
468,2024-08-17 07:30:00+02,500.05035
469,2024-08-17 08:00:00+02,495.12054
470,2024-08-17 08:30:00+02,498.17563
471,2024-08-17 09:00:00+02,507.17899
472,2024-08-17 09:30:00+02,500.022
473,2024-08-17 10:00:00+02,502.84637
474,2024-08-17 10:30:00+02,497.9101
475,2024-08-17 11:00:00+02,496.72815
476,2024-08-17 11:30:00+02,494.78323
477,2024-08-17 12:00:00+02,491.42465
478,2024-08-17 12:30:00+02,491.17014
479,2024-08-17 13:00:00+02,492.27261
480,2024-08-17 13:30:00+02,489.88531
481,2024-08-17 14:00:00+02,489.76178
482,2024-08-17 14:30:00+02,487.45178
483,2024-08-17 15:00:00+02,484.87173
484,2024-08-17 15:30:00+02,481.07944
485,2024-08-17 16:00:00+02,484.70319
486,2024-08-17 16:30:00+02,480.9805
487,2024-08-17 17:00:00+02,486.26651
488,2024-08-17 17:30:00+02,486.46771
489,2024-08-17 18:00:00+02,486.6593
490,2024-08-17 18:30:00+02,486.8623
491,2024-08-17 19:00:00+02,486.98819
492,2024-08-17 19:30:00+02,487.79581
493,2024-08-17 20:00:00+02,492.37076
494,2024-08-17 20:30:00+02,498.11151
495,2024-08-17 21:00:00+02,497.01553
496,2024-08-17 21:30:00+02,495.49979
497,2024-08-17 22:00:00+02,494.98917
498,2024-08-17 22:30:00+02,493.86447
499,2024-08-17 23:00:00+02,493.28616
500,2024-08-17 23:30:00+02,493.09204
501,2024-08-18 00:00:00+02,490.88138
502,2024-08-18 00:30:00+02,488.20041
503,2024-08-18 01:00:00+02,485.57257
504,2024-08-18 01:30:00+02,481.87195
505,2024-08-18 02:00:00+02,478.53226
506,2024-08-18 02:30:00+02,467.72736
507,2024-08-18 03:00:00+02,466.1601
508,2024-08-18 03:30:00+02,465.03461
509,2024-08-18 04:00:00+02,467.189
510,2024-08-18 04:30:00+02,469.95612
511,2024-08-18 05:00:00+02,469.79758
512,2024-08-18 05:30:00+02,469.22519
513,2024-08-18 06:00:00+02,471.56018
514,2024-08-18 06:30:00+02,471.41364
515,2024-08-18 07:00:00+02,473.27063
516,2024-08-18 07:30:00+02,475.90399
517,2024-08-18 08:00:00+02,471.73346
518,2024-08-18 08:30:00+02,474.70514
519,2024-08-18 09:00:00+02,476.59991
520,2024-08-18 09:30:00+02,477.88828
521,2024-08-18 10:00:00+02,479.58652
522,2024-08-18 10:30:00+02,480.5462
523,2024-08-18 11:00:00+02,483.0592
524,2024-08-18 11:30:00+02,482.13748
525,2024-08-18 12:00:00+02,481.36151
526,2024-08-18 12:30:00+02,480.19531
527,2024-08-18 13:00:00+02,479.30664
528,2024-08-18 13:30:00+02,477.42151
529,2024-08-18 14:00:00+02,472.74271
530,2024-08-18 14:30:00+02,475.2785
531,2024-08-18 15:00:00+02,474.23129
532,2024-08-18 15:30:00+02,472.92722
533,2024-08-18 16:00:00+02,468.97067
534,2024-08-18 16:30:00+02,469.68527
535,2024-08-18 17:00:00+02,475.51651
536,2024-08-18 17:30:00+02,480.68509
537,2024-08-18 18:00:00+02,481.4343
538,2024-08-18 18:30:00+02,485.44925
539,2024-08-18 19:00:00+02,483.35934
540,2024-08-18 19:30:00+02,483.66306
541,2024-08-18 20:00:00+02,483.31726
542,2024-08-18 20:30:00+02,484.07394
543,2024-08-18 21:00:00+02,486.4939
544,2024-08-18 21:30:00+02,485.73169
545,2024-08-18 22:00:00+02,486.54248
546,2024-08-18 22:30:00+02,484.70572
547,2024-08-18 23:00:00+02,485.41483
548,2024-08-18 23:30:00+02,486.24368
549,2024-08-19 00:00:00+02,486.18646
550,2024-08-19 00:30:00+02,481.74606
551,2024-08-19 01:00:00+02,478.64297
552,2024-08-19 01:30:00+02,480.87823
553,2024-08-19 02:00:00+02,472.07355
554,2024-08-19 02:30:00+02,463.16483
555,2024-08-19 03:00:00+02,463.68723
556,2024-08-19 03:30:00+02,468.03262
557,2024-08-19 04:00:00+02,473.18036
558,2024-08-19 04:30:00+02,481.51416
559,2024-08-19 05:00:00+02,488.3082
560,2024-08-19 05:30:00+02,488.78107
561,2024-08-19 06:00:00+02,489.49014
562,2024-08-19 06:30:00+02,489.15518
563,2024-08-19 07:00:00+02,488.2486
564,2024-08-19 07:30:00+02,488.4101
565,2024-08-19 08:00:00+02,486.00943
566,2024-08-19 08:30:00+02,486.83575
567,2024-08-19 09:00:00+02,486.14359
568,2024-08-19 09:30:00+02,486.41403
569,2024-08-19 10:00:00+02,488.83731
570,2024-08-19 10:30:00+02,490.86545
571,2024-08-19 11:00:00+02,492.96793
572,2024-08-19 11:30:00+02,491.3082
573,2024-08-19 12:00:00+02,491.38943
574,2024-08-19 12:30:00+02,491.29996
575,2024-08-19 13:00:00+02,488.35208
576,2024-08-19 13:30:00+02,488.90302
577,2024-08-19 14:00:00+02,485.01001
578,2024-08-19 14:30:00+02,480.56903
579,2024-08-19 15:00:00+02,480.48288
580,2024-08-19 15:30:00+02,475.68686
581,2024-08-19 16:00:00+02,477.81726
582,2024-08-19 16:30:00+02,479.17111
583,2024-08-19 17:00:00+02,481.58398
584,2024-08-19 17:30:00+02,485.60678
585,2024-08-19 18:00:00+02,485.80859
586,2024-08-19 18:30:00+02,486.46262
587,2024-08-19 19:00:00+02,488.60522
588,2024-08-19 19:30:00+02,489.28952
589,2024-08-19 20:00:00+02,490.42722
590,2024-08-19 20:30:00+02,492.53815
591,2024-08-19 21:00:00+02,491.42288
592,2024-08-19 21:30:00+02,494.69766
593,2024-08-19 22:00:00+02,497.86093
594,2024-08-19 22:30:00+02,499.49606
595,2024-08-19 23:00:00+02,500.62155
596,2024-08-19 23:30:00+02,498.82315
597,2024-08-20 00:00:00+02,498.07788
598,2024-08-20 00:30:00+02,497.01337
599,2024-08-20 01:00:00+02,496.53107
600,2024-08-20 01:30:00+02,496.85779
601,2024-08-20 02:00:00+02,496.52377
602,2024-08-20 02:30:00+02,494.6239
603,2024-08-20 03:00:00+02,488.98523
604,2024-08-20 03:30:00+02,489.17545
605,2024-08-20 04:00:00+02,485.87842
606,2024-08-20 04:30:00+02,490.30289
607,2024-08-20 05:00:00+02,483.83652
608,2024-08-20 05:30:00+02,480.65576
609,2024-08-20 06:00:00+02,479.33121
610,2024-08-20 06:30:00+02,482.17151
611,2024-08-20 07:00:00+02,479.78262
612,2024-08-20 07:30:00+02,477.81863
613,2024-08-20 08:00:00+02,482.67288
614,2024-08-20 08:30:00+02,480.85739
615,2024-08-20 09:00:00+02,484.6178
616,2024-08-20 09:30:00+02,489.77554
617,2024-08-20 10:00:00+02,492.04483
618,2024-08-20 10:30:00+02,490.91855
619,2024-08-20 11:00:00+02,490.61447
620,2024-08-20 11:30:00+02,492.59912
621,2024-08-20 12:00:00+02,492.42761
622,2024-08-20 12:30:00+02,489.38474
623,2024-08-20 13:00:00+02,489.17838
624,2024-08-20 13:30:00+02,481.86426
625,2024-08-20 14:00:00+02,479.88452
626,2024-08-20 14:30:00+02,472.65991
627,2024-08-20 15:00:00+02,464.54758
628,2024-08-20 15:30:00+02,459.19629
629,2024-08-20 16:00:00+02,460.19177
630,2024-08-20 16:30:00+02,462.75766
631,2024-08-20 17:00:00+02,465.64417
632,2024-08-20 17:30:00+02,467.89023
633,2024-08-20 18:00:00+02,469.03421
634,2024-08-20 18:30:00+02,468.87979
635,2024-08-20 19:00:00+02,463.77417
636,2024-08-20 19:30:00+02,466.96851
637,2024-08-20 20:00:00+02,468.08005
638,2024-08-20 20:30:00+02,477.25116
639,2024-08-20 21:00:00+02,482.04895
640,2024-08-20 21:30:00+02,484.28638
641,2024-08-20 22:00:00+02,491.95496
642,2024-08-20 22:30:00+02,491.29071
643,2024-08-20 23:00:00+02,487.53146
644,2024-08-20 23:30:00+02,485.9996
645,2024-08-21 00:00:00+02,487.81488
646,2024-08-21 00:30:00+02,485.69373
647,2024-08-21 01:00:00+02,486.39023
648,2024-08-21 01:30:00+02,481.56134
649,2024-08-21 02:00:00+02,477.01532
650,2024-08-21 02:30:00+02,471.67917
651,2024-08-21 03:00:00+02,470.87903
652,2024-08-21 03:30:00+02,468.71771
653,2024-08-21 04:00:00+02,468.79541
654,2024-08-21 04:30:00+02,465.93448
655,2024-08-21 05:00:00+02,466.80624
656,2024-08-21 05:30:00+02,472.29758
657,2024-08-21 06:00:00+02,471.40399
658,2024-08-21 06:30:00+02,471.85757
659,2024-08-21 07:00:00+02,472.85837
660,2024-08-21 07:30:00+02,472.59479
661,2024-08-21 08:00:00+02,472.63708
662,2024-08-21 08:30:00+02,471.87094
663,2024-08-21 09:00:00+02,490.14297
664,2024-08-21 09:30:00+02,491.31882
665,2024-08-21 10:00:00+02,490.71988
666,2024-08-21 10:30:00+02,488.12744
667,2024-08-21 11:00:00+02,485.63983
668,2024-08-21 11:30:00+02,485.44
669,2024-08-21 12:00:00+02,484.67722
670,2024-08-21 12:30:00+02,485.04089
671,2024-08-21 13:00:00+02,485.73129
672,2024-08-21 13:30:00+02,486.61053
673,2024-08-21 14:00:00+02,482.02319
674,2024-08-21 14:30:00+02,480.6178
675,2024-08-21 15:00:00+02,482.86563
676,2024-08-21 15:30:00+02,477.35248
677,2024-08-21 16:00:00+02,475.49606
678,2024-08-21 16:30:00+02,475.69354
679,2024-08-21 17:00:00+02,475.74271
680,2024-08-21 17:30:00+02,474.70001
681,2024-08-21 18:00:00+02,477.62292
682,2024-08-21 18:30:00+02,476.67249
683,2024-08-21 19:00:00+02,477.91501
684,2024-08-21 19:30:00+02,478.01807
685,2024-08-21 20:00:00+02,494.73859
686,2024-08-21 20:30:00+02,496.34677
687,2024-08-21 21:00:00+02,488.94156
688,2024-08-21 21:30:00+02,492.13394
689,2024-08-21 22:00:00+02,491.94962
690,2024-08-21 22:30:00+02,492.84991
691,2024-08-21 23:00:00+02,490.56665
692,2024-08-21 23:30:00+02,493.05466
693,2024-08-22 00:00:00+02,496.41443
694,2024-08-22 00:30:00+02,500.70319
695,2024-08-22 01:00:00+02,498.22992
696,2024-08-22 01:30:00+02,495.80505
697,2024-08-22 02:00:00+02,496.75333
698,2024-08-22 02:30:00+02,494.18607
699,2024-08-22 03:00:00+02,491.38629
700,2024-08-22 03:30:00+02,490.17838
701,2024-08-22 04:00:00+02,493.44275
702,2024-08-22 04:30:00+02,490.00607
703,2024-08-22 05:00:00+02,486.80328
704,2024-08-22 05:30:00+02,487.45514
705,2024-08-22 06:00:00+02,486.44333
706,2024-08-22 06:30:00+02,480.75806
707,2024-08-22 07:00:00+02,482.00037
708,2024-08-22 07:30:00+02,480.52005
709,2024-08-22 08:00:00+02,484.08438
710,2024-08-22 08:30:00+02,485.72009
711,2024-08-22 09:00:00+02,486.36996
712,2024-08-22 09:30:00+02,483.29996
713,2024-08-22 10:00:00+02,484.70062
714,2024-08-22 10:30:00+02,483.27063
715,2024-08-22 11:00:00+02,482.04974
716,2024-08-22 11:30:00+02,482.79895
717,2024-08-22 12:00:00+02,485.92722
718,2024-08-22 12:30:00+02,480.81784
719,2024-08-22 13:00:00+02,481.00412
720,2024-08-22 13:30:00+02,484.45731
721,2024-08-22 14:00:00+02,487.46124
722,2024-08-22 14:30:00+02,482.42603
723,2024-08-22 15:00:00+02,482.94275
724,2024-08-22 15:30:00+02,480.2547
725,2024-08-22 16:00:00+02,480.40735
726,2024-08-22 16:30:00+02,482.13708
727,2024-08-22 17:00:00+02,477.60266
728,2024-08-22 17:30:00+02,481.93155
729,2024-08-22 18:30:00+02,475.97696
730,2024-08-22 19:00:00+02,476.05527
731,2024-08-22 19:30:00+02,474.23581
732,2024-08-22 20:00:00+02,472.43015
733,2024-08-22 20:30:00+02,474.19
734,2024-08-22 21:00:00+02,479.45554
735,2024-08-22 21:30:00+02,474.31961
736,2024-08-22 22:00:00+02,473.6713
737,2024-08-22 22:30:00+02,477.89987
738,2024-08-22 23:00:00+02,477.90341
739,2024-08-22 23:30:00+02,475.5531
740,2024-08-23 00:00:00+02,477.00983
741,2024-08-23 00:30:00+02,477.62372
742,2024-08-23 01:00:00+02,477.49527
743,2024-08-23 01:30:00+02,477.60699
744,2024-08-23 02:00:00+02,478.00018
745,2024-08-23 02:30:00+02,470.78912
746,2024-08-23 03:00:00+02,475.29248
747,2024-08-23 03:30:00+02,475.87625
748,2024-08-23 04:00:00+02,477.16266
749,2024-08-23 04:30:00+02,477.64377
750,2024-08-23 05:00:00+02,469.52655
751,2024-08-23 05:30:00+02,472.23602
752,2024-08-23 06:00:00+02,467.96948
753,2024-08-23 06:30:00+02,470.85443
754,2024-08-23 07:00:00+02,469.87646
755,2024-08-23 07:30:00+02,468.53049
756,2024-08-23 08:00:00+02,459.89297
757,2024-08-23 08:30:00+02,461.85678
758,2024-08-23 09:00:00+02,459.52301
759,2024-08-23 09:30:00+02,466.43567
760,2024-08-23 10:00:00+02,461.93192
761,2024-08-23 10:30:00+02,473.11209
762,2024-08-23 11:00:00+02,466.27399
763,2024-08-23 11:30:00+02,464.34399
764,2024-08-23 12:00:00+02,467.86996
765,2024-08-23 12:30:00+02,469.23581
766,2024-08-23 13:00:00+02,471.01416
767,2024-08-23 13:30:00+02,472.12134
768,2024-08-23 14:00:00+02,469.07492
769,2024-08-23 14:30:00+02,474.4101
770,2024-08-23 15:00:00+02,476.7305
771,2024-08-23 15:30:00+02,472.5397
772,2024-08-23 16:00:00+02,473.90204
773,2024-08-23 16:30:00+02,471.82767
774,2024-08-23 17:00:00+02,479.37704
775,2024-08-23 17:30:00+02,480.70178
776,2024-08-23 18:00:00+02,477.91483
777,2024-08-23 18:30:00+02,489.08221
778,2024-08-23 19:00:00+02,476.5582
779,2024-08-23 19:30:00+02,478.80368
780,2024-08-23 20:00:00+02,481.52301
781,2024-08-23 20:30:00+02,481.36386
782,2024-08-23 21:00:00+02,485.38394
783,2024-08-23 21:30:00+02,484.30014
784,2024-08-23 22:00:00+02,481.797
785,2024-08-23 22:30:00+02,481.93939
786,2024-08-23 23:00:00+02,489.28873
787,2024-08-23 23:30:00+02,491.78009
788,2024-08-24 00:00:00+02,490.22067
789,2024-08-24 00:30:00+02,486.4162
790,2024-08-24 01:00:00+02,486.79071
791,2024-08-24 01:30:00+02,491.14612
792,2024-08-24 02:00:00+02,494.17899
793,2024-08-24 02:30:00+02,490.23129
794,2024-08-24 03:00:00+02,486.8139
795,2024-08-24 03:30:00+02,485.46558
796,2024-08-24 04:00:00+02,489.61072
797,2024-08-24 04:30:00+02,477.68567
798,2024-08-24 05:00:00+02,478.42169
799,2024-08-24 05:30:00+02,474.87018
800,2024-08-24 06:00:00+02,474.39554
801,2024-08-24 06:30:00+02,473.56824
802,2024-08-24 07:00:00+02,478.4697
803,2024-08-24 07:30:00+02,477.68015
804,2024-08-24 08:00:00+02,482.9455
805,2024-08-24 08:30:00+02,491.62469
806,2024-08-24 09:00:00+02,500.4624
807,2024-08-24 09:30:00+02,497.44708
808,2024-08-24 10:00:00+02,495.68527
809,2024-08-24 10:30:00+02,492.8446
810,2024-08-24 11:00:00+02,488.3501
811,2024-08-24 11:30:00+02,494.55859
812,2024-08-24 12:00:00+02,493.33731
813,2024-08-24 12:30:00+02,490.41245
814,2024-08-24 13:00:00+02,493.38373
815,2024-08-24 13:30:00+02,488.31174
816,2024-08-24 14:00:00+02,490.49329
817,2024-08-24 14:30:00+02,480.39966
818,2024-08-24 15:00:00+02,482.26492
819,2024-08-24 15:30:00+02,480.87076
820,2024-08-24 16:00:00+02,479.87607
821,2024-08-24 16:30:00+02,474.05978
822,2024-08-24 17:00:00+02,470.35916
823,2024-08-24 17:30:00+02,472.45828
824,2024-08-24 18:00:00+02,475.72638
825,2024-08-24 18:30:00+02,469.26395
826,2024-08-24 19:00:00+02,479.89258
827,2024-08-24 19:30:00+02,471.92249
828,2024-08-24 20:00:00+02,470.0177
829,2024-08-24 20:30:00+02,471.71518
830,2024-08-24 21:00:00+02,471.72244
831,2024-08-24 21:30:00+02,476.62744
832,2024-08-24 22:00:00+02,480.16443
833,2024-08-24 22:30:00+02,479.2012
834,2024-08-24 23:00:00+02,483.74133
835,2024-08-24 23:30:00+02,482.35345
836,2024-08-25 00:00:00+02,486.95456
837,2024-08-25 00:30:00+02,489.84479
838,2024-08-25 01:00:00+02,488.83554
839,2024-08-25 01:30:00+02,488.70908
840,2024-08-25 02:00:00+02,491.02673
841,2024-08-25 02:30:00+02,493.60678
842,2024-08-25 03:00:00+02,497.37823
843,2024-08-25 03:30:00+02,493.36899
844,2024-08-25 04:00:00+02,493.952
845,2024-08-25 04:30:00+02,492.16736
846,2024-08-25 05:00:00+02,487.33261
847,2024-08-25 05:30:00+02,487.73898
848,2024-08-25 06:00:00+02,482.97244
849,2024-08-25 06:30:00+02,464.21381
850,2024-08-25 07:00:00+02,460.3324
851,2024-08-25 07:30:00+02,458.94452
852,2024-08-25 08:00:00+02,459.2439
853,2024-08-25 08:30:00+02,461.42307
854,2024-08-25 09:00:00+02,459.04147
855,2024-08-25 09:30:00+02,459.78302
856,2024-08-25 10:00:00+02,461.10837
857,2024-08-25 10:30:00+02,465.2547
858,2024-08-25 11:00:00+02,461.17288
859,2024-08-25 11:30:00+02,459.67368
860,2024-08-25 12:00:00+02,461.89594
861,2024-08-25 12:30:00+02,467.46655
862,2024-08-25 13:00:00+02,470.28244
863,2024-08-25 13:30:00+02,474.51062
864,2024-08-25 14:00:00+02,473.88315
865,2024-08-25 14:30:00+02,481.71655
866,2024-08-25 15:00:00+02,480.71341
867,2024-08-25 15:30:00+02,484.38297
868,2024-08-25 16:00:00+02,488.56451
869,2024-08-25 16:30:00+02,488.53165
870,2024-08-25 17:00:00+02,489.29227
871,2024-08-25 17:30:00+02,487.48483
872,2024-08-25 18:00:00+02,477.85324
873,2024-08-25 18:30:00+02,470.29996
874,2024-08-25 19:00:00+02,462.17426
875,2024-08-25 19:30:00+02,446.46735
876,2024-08-25 20:00:00+02,449.76846
877,2024-08-25 20:30:00+02,447.5527
878,2024-08-25 21:00:00+02,448.46204
879,2024-08-25 21:30:00+02,450.90518
880,2024-08-25 22:00:00+02,452.50214
881,2024-08-25 22:30:00+02,465.25412
882,2024-08-25 23:00:00+02,466.33417
883,2024-08-25 23:30:00+02,470.06805
884,2024-08-26 00:00:00+02,467.41129
885,2024-08-26 00:30:00+02,470.03204
886,2024-08-26 01:00:00+02,469.98523
887,2024-08-26 01:30:00+02,471.81058
888,2024-08-26 02:00:00+02,477.75824
889,2024-08-26 02:30:00+02,475.40793
890,2024-08-26 03:00:00+02,477.95572
891,2024-08-26 03:30:00+02,476.522
892,2024-08-26 04:00:00+02,478.51807
893,2024-08-26 04:30:00+02,478.03107
894,2024-08-26 05:00:00+02,476.65283
895,2024-08-26 05:30:00+02,473.12488
896,2024-08-26 06:00:00+02,469.61624
897,2024-08-26 06:30:00+02,464.71811
898,2024-08-26 07:00:00+02,461.90143
899,2024-08-26 07:30:00+02,462.30664
900,2024-08-26 08:00:00+02,444.58121
901,2024-08-26 08:30:00+02,436.48425
902,2024-08-26 09:00:00+02,432.98013
903,2024-08-26 09:30:00+02,418.77615
904,2024-08-26 10:00:00+02,418.54404
905,2024-08-26 10:30:00+02,411.98837
906,2024-08-26 11:00:00+02,432.63965
907,2024-08-26 11:30:00+02,444.35501
908,2024-08-26 12:00:00+02,439.6485
909,2024-08-26 12:30:00+02,441.48267
910,2024-08-26 13:00:00+02,446.40576
911,2024-08-26 13:30:00+02,463.72717
912,2024-08-26 14:00:00+02,465.27518
913,2024-08-26 14:30:00+02,466.47501
914,2024-08-26 15:00:00+02,467.72421
915,2024-08-26 15:30:00+02,467.11053
916,2024-08-26 16:00:00+02,465.78049
917,2024-08-26 16:30:00+02,470.10718
918,2024-08-26 17:00:00+02,473.9447
919,2024-08-26 17:30:00+02,474.35956
920,2024-08-26 18:00:00+02,474.09183
921,2024-08-26 18:30:00+02,473.25
922,2024-08-26 19:00:00+02,473.16599
923,2024-08-26 19:30:00+02,471.47165
924,2024-08-26 20:00:00+02,468.68509
925,2024-08-26 20:30:00+02,460.68311
926,2024-08-26 21:00:00+02,462.35403
927,2024-08-26 21:30:00+02,459.06589
928,2024-08-26 22:00:00+02,453.88138
929,2024-08-26 22:30:00+02,454.47736
930,2024-08-26 23:00:00+02,454.11465
931,2024-08-26 23:30:00+02,453.56528
932,2024-08-27 00:00:00+02,450.26199
933,2024-08-27 00:30:00+02,459.09146
934,2024-08-27 01:00:00+02,461.29996
935,2024-08-27 01:30:00+02,461.99899
936,2024-08-27 02:00:00+02,463.19293
937,2024-08-27 02:30:00+02,463.90872
938,2024-08-27 03:00:00+02,460.1904
939,2024-08-27 03:30:00+02,466.94431
940,2024-08-27 04:00:00+02,477.65616
941,2024-08-27 04:30:00+02,484.21616
942,2024-08-27 05:00:00+02,483.77594
943,2024-08-27 05:30:00+02,482.86426
944,2024-08-27 06:00:00+02,482.59045
945,2024-08-27 06:30:00+02,481.14319
946,2024-08-27 07:00:00+02,480.58514
947,2024-08-27 07:30:00+02,482.84323
948,2024-08-27 08:00:00+02,481.58417
949,2024-08-27 08:30:00+02,480.48328
950,2024-08-27 09:00:00+02,477.80328
951,2024-08-27 09:30:00+02,478.78421
952,2024-08-27 10:00:00+02,471.21164
953,2024-08-27 10:30:00+02,467.26239
954,2024-08-27 11:00:00+02,465.90753
955,2024-08-27 11:30:00+02,460.59677
956,2024-08-27 12:00:00+02,462.65222
957,2024-08-27 12:30:00+02,466.01492
958,2024-08-27 13:00:00+02,474.63571
959,2024-08-27 13:30:00+02,480.37231
960,2024-08-27 14:00:00+02,484.95572
961,2024-08-27 14:30:00+02,489.4935
962,2024-08-27 15:00:00+02,482.49921
963,2024-08-27 15:30:00+02,487.21439
964,2024-08-27 16:00:00+02,486.8501
965,2024-08-27 16:30:00+02,489.06607
966,2024-08-27 17:00:00+02,490.36249
967,2024-08-27 17:30:00+02,492.04779
968,2024-08-27 18:00:00+02,489.46381
969,2024-08-27 18:30:00+02,483.12018
970,2024-08-27 19:00:00+02,482.3627
971,2024-08-27 19:30:00+02,484.48621
972,2024-08-27 20:00:00+02,488.43585
973,2024-08-27 20:30:00+02,486.09323
974,2024-08-27 21:00:00+02,482.4158
975,2024-08-27 21:30:00+02,486.67722
976,2024-08-27 22:00:00+02,480.43762
977,2024-08-27 22:30:00+02,479.40283
978,2024-08-27 23:00:00+02,476.28656
979,2024-08-27 23:30:00+02,470.83633
980,2024-08-28 00:00:00+02,468.58377
981,2024-08-28 00:30:00+02,457.63315
982,2024-08-28 01:00:00+02,454.27713
983,2024-08-28 01:30:00+02,463.82019
984,2024-08-28 02:00:00+02,460.17209
985,2024-08-28 02:30:00+02,454.84695
986,2024-08-28 03:00:00+02,456.18213
987,2024-08-28 03:30:00+02,456.3324
988,2024-08-28 04:00:00+02,452.20828
989,2024-08-28 04:30:00+02,459.07059
990,2024-08-28 05:00:00+02,466.09479
991,2024-08-28 05:30:00+02,466.33417
992,2024-08-28 06:00:00+02,474.18076
993,2024-08-28 06:30:00+02,472.32355
994,2024-08-28 07:00:00+02,472.38669
995,2024-08-28 07:30:00+02,471.84045
996,2024-08-28 08:00:00+02,473.57828
997,2024-08-28 08:30:00+02,470.54111
998,2024-08-28 09:00:00+02,469.58261
999,2024-08-28 09:30:00+02,471.64749
1000,2024-08-28 10:00:00+02,465.89789
1001,2024-08-28 10:30:00+02,459.3623
1002,2024-08-28 11:00:00+02,458.16306
1003,2024-08-28 11:30:00+02,453.16736
1004,2024-08-28 12:00:00+02,450.05014
1005,2024-08-28 12:30:00+02,444.63629
1006,2024-08-28 13:00:00+02,431.65695
1007,2024-08-28 13:30:00+02,425.33575
1008,2024-08-28 14:00:00+02,399.53638
1009,2024-08-28 14:30:00+02,407.90363
1010,2024-08-28 15:00:00+02,414.09006
1011,2024-08-28 15:30:00+02,419.01886
1012,2024-08-28 16:00:00+02,418.26553
1013,2024-08-28 16:30:00+02,414.16541
1014,2024-08-28 17:00:00+02,445.57553
1015,2024-08-28 17:30:00+02,444.51514
1016,2024-08-28 18:00:00+02,431.13177
1017,2024-08-28 18:30:00+02,460.01276
1018,2024-08-28 19:00:00+02,462.26337
1019,2024-08-28 19:30:00+02,462.70062
1020,2024-08-28 20:00:00+02,468.69394
1021,2024-08-28 20:30:00+02,472.86487
1022,2024-08-28 21:00:00+02,475.72284
1023,2024-08-28 21:30:00+02,481.10779
1024,2024-08-28 22:00:00+02,466.91736
1025,2024-08-28 22:30:00+02,469.62549
1026,2024-08-28 23:00:00+02,466.10208
1027,2024-08-28 23:30:00+02,466.05054
1028,2024-08-29 00:00:00+02,459.08063
1029,2024-08-29 00:30:00+02,448.84735
1030,2024-08-29 01:00:00+02,446.94864
1031,2024-08-29 01:30:00+02,447.01376
1032,2024-08-29 02:00:00+02,431.95456
1033,2024-08-29 02:30:00+02,438.83771
1034,2024-08-29 03:00:00+02,444.7789
1035,2024-08-29 03:30:00+02,452.57452
1036,2024-08-29 04:00:00+02,458.439
1037,2024-08-29 04:30:00+02,440.82553
1038,2024-08-29 05:00:00+02,429.17545
1039,2024-08-29 05:30:00+02,434.34735
1040,2024-08-29 06:00:00+02,437.89496
1041,2024-08-29 06:30:00+02,441.94275
1042,2024-08-29 07:00:00+02,459.96143
1043,2024-08-29 07:30:00+02,457.34302
1044,2024-08-29 08:00:00+02,453.25372
1045,2024-08-29 08:30:00+02,455.66776
1046,2024-08-29 09:00:00+02,451.50195
1047,2024-08-29 09:30:00+02,462.22421
1048,2024-08-29 10:00:00+02,454.10403
1049,2024-08-29 10:30:00+02,451.80881
1050,2024-08-29 11:00:00+02,454.31018
1051,2024-08-29 11:30:00+02,448.14005
1052,2024-08-29 12:00:00+02,453.80743
1053,2024-08-29 12:30:00+02,456.37408
1054,2024-08-29 13:00:00+02,462.61093
1055,2024-08-29 13:30:00+02,456.80014
1056,2024-08-29 14:00:00+02,460.85483
1057,2024-08-29 14:30:00+02,456.40222
1058,2024-08-29 15:00:00+02,454.75549
1059,2024-08-29 15:30:00+02,460.15067
1060,2024-08-29 16:00:00+02,459.96753
1061,2024-08-29 16:30:00+02,465.61053
1062,2024-08-29 17:00:00+02,463.09891
1063,2024-08-29 17:30:00+02,463.78775
1064,2024-08-29 18:00:00+02,473.35107
1065,2024-08-29 18:30:00+02,472.04089
1066,2024-08-29 19:00:00+02,473.15695
1067,2024-08-29 19:30:00+02,470.96164
1068,2024-08-29 20:00:00+02,469.77594
1069,2024-08-29 20:30:00+02,465.74213
1070,2024-08-29 21:00:00+02,461.93253
1071,2024-08-29 21:30:00+02,467.7124
1072,2024-08-29 22:00:00+02,471.27832
1073,2024-08-29 22:30:00+02,465.81018
1074,2024-08-29 23:00:00+02,474.60306
1075,2024-08-29 23:30:00+02,476.44394
1076,2024-08-30 00:00:00+02,475.08142
1077,2024-08-30 00:30:00+02,474.33633
1078,2024-08-30 01:00:00+02,473.39731
1079,2024-08-30 01:30:00+02,473.28342
1080,2024-08-30 02:00:00+02,471.77908
1081,2024-08-30 02:30:00+02,469.1424
1082,2024-08-30 03:00:00+02,467.79288
1083,2024-08-30 03:30:00+02,466.15695
1084,2024-08-30 04:00:00+02,465.35855
1085,2024-08-30 04:30:00+02,468.65302
1086,2024-08-30 05:00:00+02,468.19254
1087,2024-08-30 05:30:00+02,466.73505
1088,2024-08-30 06:00:00+02,463.8204
1089,2024-08-30 06:30:00+02,459.56076
1090,2024-08-30 07:00:00+02,462.98209
1091,2024-08-30 07:30:00+02,463.55133
1092,2024-08-30 08:00:00+02,464.01138
1093,2024-08-30 08:30:00+02,460.72302
1094,2024-08-30 09:00:00+02,459.20337
1095,2024-08-30 09:30:00+02,463.29541
1096,2024-08-30 10:00:00+02,469.45218
1097,2024-08-30 10:30:00+02,461.90616
1098,2024-08-30 11:00:00+02,461.65695
1099,2024-08-30 11:30:00+02,461.89828
1100,2024-08-30 12:00:00+02,464.16382
1101,2024-08-30 12:30:00+02,464.68015
1102,2024-08-30 13:00:00+02,463.62589
1103,2024-08-30 13:30:00+02,459.69275
1104,2024-08-30 14:00:00+02,456.46063
1105,2024-08-30 14:30:00+02,456.82513
1106,2024-08-30 15:00:00+02,458.75
1107,2024-08-30 15:30:00+02,459.64749
1108,2024-08-30 16:00:00+02,461.88727
1109,2024-08-30 16:30:00+02,470.62726
1110,2024-08-30 17:00:00+02,463.46594
1111,2024-08-30 17:30:00+02,469.60107
1112,2024-08-30 18:00:00+02,466.93585
1113,2024-08-30 18:30:00+02,468.27063
1114,2024-08-30 19:00:00+02,465.7077
1115,2024-08-30 19:30:00+02,466.53894
1116,2024-08-30 20:00:00+02,467.28677
1117,2024-08-30 20:30:00+02,467.30466
1118,2024-08-30 21:00:00+02,458.69647
1119,2024-08-30 21:30:00+02,457.05173
1120,2024-08-30 22:00:00+02,452.61426
1121,2024-08-30 22:30:00+02,451.64474
1122,2024-08-30 23:00:00+02,459.98386
1123,2024-08-30 23:30:00+02,462.51474
1124,2024-08-31 00:00:00+02,467.3501
1125,2024-08-31 00:30:00+02,461.62686
1126,2024-08-31 01:00:00+02,466.5293
1127,2024-08-31 01:30:00+02,469.44983
1128,2024-08-31 02:00:00+02,468.98581
1129,2024-08-31 02:30:00+02,471.45789
1130,2024-08-31 03:00:00+02,471.27338
1131,2024-08-31 03:30:00+02,469.30957
1132,2024-08-31 04:00:00+02,466.21695
1133,2024-08-31 04:30:00+02,468.61859
1134,2024-08-31 05:00:00+02,468.49408
1135,2024-08-31 05:30:00+02,468.74112
1136,2024-08-31 06:00:00+02,467.87076
1137,2024-08-31 06:30:00+02,466.14297
1138,2024-08-31 07:00:00+02,469.12469
1139,2024-08-31 07:30:00+02,468.66049
1140,2024-08-31 08:00:00+02,466.94
1141,2024-08-31 08:30:00+02,465.90244
1142,2024-08-31 09:00:00+02,466.98328
1143,2024-08-31 09:30:00+02,460.1312
1144,2024-08-31 10:00:00+02,468.58298
1145,2024-08-31 10:30:00+02,462.95258
1146,2024-08-31 11:00:00+02,462.25314
1147,2024-08-31 11:30:00+02,461.4632
1148,2024-08-31 12:00:00+02,450.71793
1149,2024-08-31 12:30:00+02,445.75275
1150,2024-08-31 13:00:00+02,440.68448
1151,2024-08-31 13:30:00+02,439.02023
1152,2024-08-31 14:00:00+02,445.85739
1153,2024-08-31 14:30:00+02,442.43231
1154,2024-08-31 15:00:00+02,446.47363
1155,2024-08-31 15:30:00+02,454.83929
1156,2024-08-31 16:00:00+02,454.43448
1157,2024-08-31 16:30:00+02,459.68744
1158,2024-08-31 17:00:00+02,455.99133
1159,2024-08-31 17:30:00+02,458.43704
1160,2024-08-31 18:00:00+02,459.24075
1161,2024-08-31 18:30:00+02,464.09695
1162,2024-08-31 19:00:00+02,465.23151
1163,2024-08-31 19:30:00+02,464.01416
1164,2024-08-31 20:00:00+02,466.53952
1165,2024-08-31 20:30:00+02,466.93332
1166,2024-08-31 21:00:00+02,464.0527
1167,2024-08-31 21:30:00+02,464.6351
1168,2024-08-31 22:00:00+02,463.89359
1169,2024-08-31 22:30:00+02,469.58319
1170,2024-08-31 23:00:00+02,468.80899
1171,2024-08-31 23:30:00+02,464.45456
1172,2024-09-01 00:00:00+02,455.26239
1173,2024-09-01 00:30:00+02,454.12744
1174,2024-09-01 01:00:00+02,458.80328
1175,2024-09-01 01:30:00+02,444.845
1176,2024-09-01 02:00:00+02,447.93527
1177,2024-09-01 02:30:00+02,432.91599
1178,2024-09-01 03:00:00+02,430.08063
1179,2024-09-01 03:30:00+02,434.37372
1180,2024-09-01 04:00:00+02,441.04877
1181,2024-09-01 04:30:00+02,455.95987
1182,2024-09-01 05:00:00+02,455.99133
1183,2024-09-01 05:30:00+02,454.90872
1184,2024-09-01 06:00:00+02,448.20966
1185,2024-09-01 06:30:00+02,451.09045
1186,2024-09-01 07:00:00+02,453.43863
1187,2024-09-01 07:30:00+02,458.50275
1188,2024-09-01 08:00:00+02,455.53519
1189,2024-09-01 08:30:00+02,455.5405
1190,2024-09-01 09:00:00+02,447.27872
1191,2024-09-01 09:30:00+02,460.86584
1192,2024-09-01 10:00:00+02,459.25824
1193,2024-09-01 10:30:00+02,455.9213
1194,2024-09-01 11:00:00+02,459.03793
1195,2024-09-01 11:30:00+02,457.91147
1196,2024-09-01 12:00:00+02,454.53302
1197,2024-09-01 13:30:00+02,432.88492
1198,2024-09-01 14:00:00+02,435.76199
1199,2024-09-01 14:30:00+02,433.06036
1200,2024-09-01 15:00:00+02,437.92465
1201,2024-09-01 15:30:00+02,444.2258
1202,2024-09-01 16:00:00+02,443.37076
1203,2024-09-01 16:30:00+02,447.82867
1204,2024-09-01 17:00:00+02,452.95633
1205,2024-09-01 17:30:00+02,445.70023
1206,2024-09-01 18:00:00+02,446.65793
1207,2024-09-01 18:30:00+02,450.48523
1208,2024-09-01 19:00:00+02,451.23483
1209,2024-09-01 19:30:00+02,456.01788
1210,2024-09-01 20:00:00+02,463.94196
1211,2024-09-01 20:30:00+02,459.26788
1212,2024-09-01 21:00:00+02,458.07709
1213,2024-09-01 21:30:00+02,463.15637
1214,2024-09-01 22:00:00+02,463.27359
1215,2024-09-01 22:30:00+02,459.38788
1216,2024-09-01 23:00:00+02,457.6412
1217,2024-09-02 00:30:00+02,448.45081
1218,2024-09-02 01:00:00+02,434.80151
1219,2024-09-02 01:30:00+02,425.22894
1220,2024-09-02 02:00:00+02,436.10483
1221,2024-09-02 02:30:00+02,394.96341
1222,2024-09-02 03:00:00+02,403.70593
1223,2024-09-02 03:30:00+02,413.85541
1224,2024-09-02 04:00:00+02,411.20496
1225,2024-09-02 04:30:00+02,420.3981
1226,2024-09-02 05:00:00+02,428.84695
1227,2024-09-02 05:30:00+02,427.20926
1228,2024-09-02 06:00:00+02,438.63492
1229,2024-09-02 06:30:00+02,444.14987
1230,2024-09-02 07:00:00+02,448.09222
1231,2024-09-02 07:30:00+02,443.90421
1232,2024-09-02 08:00:00+02,447.77222
1233,2024-09-02 08:30:00+02,448.42996
1234,2024-09-02 09:00:00+02,444.93155
1235,2024-09-02 09:30:00+02,446.67642
1236,2024-09-02 10:00:00+02,444.30957
1237,2024-09-02 10:30:00+02,443.76691
1238,2024-09-02 11:00:00+02,441.32159
1239,2024-09-02 11:30:00+02,442.70947
1240,2024-09-02 12:00:00+02,444.17209
1241,2024-09-02 12:30:00+02,445.01492
1242,2024-09-02 13:00:00+02,440.76315
1243,2024-09-02 13:30:00+02,428.91776
1244,2024-09-02 14:00:00+02,425.24762
1245,2024-09-02 14:30:00+02,408.21576
1246,2024-09-02 15:00:00+02,411.8147
1247,2024-09-02 15:30:00+02,413.78165
1248,2024-09-02 16:00:00+02,417.69156
1249,2024-09-02 16:30:00+02,438.737
1250,2024-09-02 17:00:00+02,433.74075
1251,2024-09-02 17:30:00+02,440.85266
1252,2024-09-02 18:00:00+02,445.60718
1253,2024-09-02 18:30:00+02,446.37094
1254,2024-09-02 19:00:00+02,453.48505
1255,2024-09-02 19:30:00+02,452.39081
1256,2024-09-02 20:00:00+02,450.57474
1257,2024-09-02 20:30:00+02,456.01022
1258,2024-09-02 21:00:00+02,459.25253
1259,2024-09-02 21:30:00+02,456.41245
1260,2024-09-02 22:00:00+02,459.2612
1261,2024-09-02 22:30:00+02,459.08948
1262,2024-09-02 23:00:00+02,458.44116
1263,2024-09-02 23:30:00+02,461.14731
1264,2024-09-03 00:00:00+02,461.44687
1265,2024-09-03 00:30:00+02,458.76984
1266,2024-09-03 01:00:00+02,451.74506
1267,2024-09-03 01:30:00+02,449.57532
1268,2024-09-03 02:00:00+02,439.9805
1269,2024-09-03 02:30:00+02,437.90283
1270,2024-09-03 03:00:00+02,430.01907
1271,2024-09-03 03:30:00+02,421.93311
1272,2024-09-03 04:00:00+02,421.98859
1273,2024-09-03 04:30:00+02,431.11093
1274,2024-09-03 05:00:00+02,435.1723
1275,2024-09-03 05:30:00+02,434.96655
1276,2024-09-03 06:00:00+02,437.55939
1277,2024-09-03 06:30:00+02,439.82886
1278,2024-09-03 07:00:00+02,441.98877
1279,2024-09-03 07:30:00+02,447.25491
1280,2024-09-03 08:00:00+02,454.55566
1281,2024-09-03 08:30:00+02,452.73935
1282,2024-09-03 09:00:00+02,452.99036
1283,2024-09-03 09:30:00+02,458.22836
1284,2024-09-03 10:00:00+02,459.13196
1285,2024-09-03 10:30:00+02,457.54425
1286,2024-09-03 11:00:00+02,455.68567
1287,2024-09-03 11:30:00+02,454.42191
1288,2024-09-03 12:00:00+02,451.84833
1289,2024-09-03 12:30:00+02,450.0643
1290,2024-09-03 13:00:00+02,445.79111
1291,2024-09-03 13:30:00+02,435.73837
1292,2024-09-03 14:00:00+02,441.7309
1293,2024-09-03 14:30:00+02,433.36133
1294,2024-09-03 15:00:00+02,424.73209
1295,2024-09-03 15:30:00+02,430.09302
1296,2024-09-03 16:00:00+02,426.71222
1297,2024-09-03 16:30:00+02,433.17426
1298,2024-09-03 17:00:00+02,441.48465
1299,2024-09-03 17:30:00+02,432.22363
1300,2024-09-03 18:00:00+02,417.61249
1301,2024-09-03 18:30:00+02,420.94333
1302,2024-09-03 19:00:00+02,417.91324
1303,2024-09-03 19:30:00+02,418.34833
1304,2024-09-03 20:00:00+02,420.73209
1305,2024-09-03 20:30:00+02,431.94275
1306,2024-09-03 21:00:00+02,433.43863
1307,2024-09-03 21:30:00+02,453.64828
1308,2024-09-03 22:00:00+02,460.62961
1309,2024-09-03 22:30:00+02,463.83713
1310,2024-09-03 23:00:00+02,463.30133
1311,2024-09-03 23:30:00+02,459.21497
1312,2024-09-04 00:00:00+02,455.77103
1313,2024-09-04 00:30:00+02,454.80603
1314,2024-09-04 01:00:00+02,454.27417
1315,2024-09-04 01:30:00+02,455.8139
1316,2024-09-04 02:00:00+02,444.90399
1317,2024-09-04 02:30:00+02,431.26907
1318,2024-09-04 03:00:00+02,417.44235
1319,2024-09-04 03:30:00+02,411.5885
1320,2024-09-04 04:00:00+02,403.27341
1321,2024-09-04 04:30:00+02,411.39987
1322,2024-09-04 05:00:00+02,414.55447
1323,2024-09-04 05:30:00+02,417.14218
1324,2024-09-04 06:00:00+02,428.52319
1325,2024-09-04 06:30:00+02,426.5462
1326,2024-09-04 07:00:00+02,428.68231
1327,2024-09-04 07:30:00+02,431.22186
1328,2024-09-04 08:00:00+02,441.44885
1329,2024-09-04 08:30:00+02,452.04129
1330,2024-09-04 09:00:00+02,455.3269
1331,2024-09-04 09:30:00+02,453.53439
1332,2024-09-04 10:00:00+02,456.32651
1333,2024-09-04 10:30:00+02,452.94748
1334,2024-09-04 11:00:00+02,455.33615
1335,2024-09-04 11:30:00+02,460.06784
1336,2024-09-04 12:00:00+02,456.50058
1337,2024-09-04 12:30:00+02,450.55881
1338,2024-09-04 13:00:00+02,450.16797
1339,2024-09-04 13:30:00+02,448.81665
1340,2024-09-04 14:00:00+02,446.62607
1341,2024-09-04 14:30:00+02,447.66992
1342,2024-09-04 15:00:00+02,446.7543
1343,2024-09-04 15:30:00+02,444.7012
1344,2024-09-04 16:00:00+02,431.02496
1345,2024-09-04 16:30:00+02,433.64554
1346,2024-09-04 17:00:00+02,430.20023
1347,2024-09-04 17:30:00+02,421.80014
1348,2024-09-04 18:00:00+02,421.92072
1349,2024-09-04 18:30:00+02,423.72559
1350,2024-09-04 19:00:00+02,432.13531
1351,2024-09-04 19:30:00+02,434.63904
1352,2024-09-04 20:00:00+02,438.50864
1353,2024-09-04 20:30:00+02,444.35168
1354,2024-09-04 21:00:00+02,450.76239
1355,2024-09-04 21:30:00+02,451.73682
1356,2024-09-04 22:00:00+02,451.54758
1357,2024-09-04 22:30:00+02,449.65005
1358,2024-09-04 23:00:00+02,452.79404
1359,2024-09-04 23:30:00+02,453.18881
1360,2024-09-05 00:00:00+02,451.32452
1361,2024-09-05 00:30:00+02,450.32788
1362,2024-09-05 01:00:00+02,447.49094
1363,2024-09-05 01:30:00+02,442.60992
1364,2024-09-05 02:00:00+02,437.65381
1365,2024-09-05 02:30:00+02,442.31943
1366,2024-09-05 03:00:00+02,437.66638
1367,2024-09-05 03:30:00+02,430.47067
1368,2024-09-05 04:00:00+02,427.8446
1369,2024-09-05 04:30:00+02,435.09302
1370,2024-09-05 05:00:00+02,434.12253
1371,2024-09-05 05:30:00+02,431.96912
1372,2024-09-05 06:00:00+02,438.53894
1373,2024-09-05 06:30:00+02,433.91403
1374,2024-09-05 07:00:00+02,431.87607
1375,2024-09-05 07:30:00+02,430.35089
1376,2024-09-05 08:00:00+02,437.26257
1377,2024-09-05 08:30:00+02,445.48151
1378,2024-09-05 09:00:00+02,447.76276
1379,2024-09-05 09:30:00+02,446.91245
1380,2024-09-05 10:00:00+02,450.46262
1381,2024-09-05 10:30:00+02,455.55997
1382,2024-09-05 11:00:00+02,454.09616
1383,2024-09-05 11:30:00+02,453.66934
1384,2024-09-05 12:00:00+02,455.05859
1385,2024-09-05 12:30:00+02,453.66815
1386,2024-09-05 13:00:00+02,453.08496
1387,2024-09-05 13:30:00+02,451.45572
1388,2024-09-05 14:00:00+02,448.81174
1389,2024-09-05 14:30:00+02,447.31058
1390,2024-09-05 15:00:00+02,445.4577
1391,2024-09-05 15:30:00+02,445.85031
1392,2024-09-05 16:00:00+02,437.78009
1393,2024-09-05 16:30:00+02,444.0358
1394,2024-09-05 17:00:00+02,445.87488
1395,2024-09-05 17:30:00+02,447.25253
1396,2024-09-05 18:00:00+02,441.2785
1397,2024-09-05 18:30:00+02,437.90912
1398,2024-09-05 19:00:00+02,430.6178
1399,2024-09-05 19:30:00+02,444.31665
1400,2024-09-05 20:00:00+02,441.08536
1401,2024-09-05 20:30:00+02,439.65753
1402,2024-09-05 21:00:00+02,452.22855
1403,2024-09-05 21:30:00+02,449.60934
1404,2024-09-05 22:00:00+02,445.78107
1405,2024-09-05 22:30:00+02,458.31665
1406,2024-09-05 23:00:00+02,457.96005
1407,2024-09-05 23:30:00+02,462.24939
1408,2024-09-06 00:00:00+02,459.85797
1409,2024-09-06 00:30:00+02,459.1312
1410,2024-09-06 01:00:00+02,457.13138
1411,2024-09-06 01:30:00+02,456.97638
1412,2024-09-06 02:00:00+02,460.15952
1413,2024-09-06 02:30:00+02,458.4762
1414,2024-09-06 03:00:00+02,456.31567
1415,2024-09-06 03:30:00+02,445.89731
1416,2024-09-06 04:00:00+02,434.50293
1417,2024-09-06 04:30:00+02,427.72736
1418,2024-09-06 05:00:00+02,428.45041
1419,2024-09-06 05:30:00+02,434.05112
1420,2024-09-06 06:00:00+02,442.11426
1421,2024-09-06 06:30:00+02,442.13156
1422,2024-09-06 07:00:00+02,444.63571
1423,2024-09-06 07:30:00+02,448.74173
1424,2024-09-06 08:00:00+02,451.66266
1425,2024-09-06 08:30:00+02,453.33044
1426,2024-09-06 09:00:00+02,454.65359
1427,2024-09-06 09:30:00+02,457.76416
1428,2024-09-06 10:00:00+02,457.0173
1429,2024-09-06 10:30:00+02,455.34479
1430,2024-09-06 11:00:00+02,460.72226
1431,2024-09-06 11:30:00+02,462.66522
1432,2024-09-06 12:00:00+02,462.31293
1433,2024-09-06 12:30:00+02,463.59125
1434,2024-09-06 13:00:00+02,461.97226
1435,2024-09-06 13:30:00+02,462.90616
1436,2024-09-06 14:00:00+02,466.56293
1437,2024-09-06 14:30:00+02,462.40598
1438,2024-09-06 15:00:00+02,459.83337
1439,2024-09-06 15:30:00+02,458.26099
1440,2024-09-06 16:00:00+02,453.19904
1441,2024-09-06 16:30:00+02,444.66187
1442,2024-09-06 17:00:00+02,437.59891
1443,2024-09-06 17:30:00+02,432.91678
1444,2024-09-06 18:00:00+02,440.66129
1445,2024-09-06 18:30:00+02,447.84183
1446,2024-09-06 19:00:00+02,452.00372
1447,2024-09-06 19:30:00+02,454.90283
1448,2024-09-06 20:00:00+02,456.60876
1449,2024-09-06 20:30:00+02,460.79779
1450,2024-09-06 21:00:00+02,467.54147
1451,2024-09-06 21:30:00+02,465.18723
1452,2024-09-06 22:00:00+02,465.13708
1453,2024-09-06 22:30:00+02,464.02536
1454,2024-09-06 23:00:00+02,465.41205
1455,2024-09-06 23:30:00+02,462.28656
1456,2024-09-07 00:00:00+02,464.05408
1457,2024-09-07 00:30:00+02,461.30859
1458,2024-09-07 01:00:00+02,458.36978
1459,2024-09-07 01:30:00+02,454.89868
1460,2024-09-07 02:00:00+02,456.7858
1461,2024-09-07 02:30:00+02,454.4585
1462,2024-09-07 03:00:00+02,452.54602
1463,2024-09-07 03:30:00+02,450.8493
1464,2024-09-07 04:00:00+02,450.08771
1465,2024-09-07 04:30:00+02,446.31549
1466,2024-09-07 05:00:00+02,442.3735
1467,2024-09-07 05:30:00+02,442.14612
1468,2024-09-07 06:00:00+02,445.69885
1469,2024-09-07 06:30:00+02,455.64337
1470,2024-09-07 07:00:00+02,458.08615
1471,2024-09-07 07:30:00+02,462.90125
1472,2024-09-07 08:00:00+02,464.98404
1473,2024-09-07 08:30:00+02,464.06842
1474,2024-09-07 09:00:00+02,466.43253
1475,2024-09-07 09:30:00+02,469.06097
1476,2024-09-07 10:00:00+02,469.26355
1477,2024-09-07 10:30:00+02,469.13708
1478,2024-09-07 11:00:00+02,469.07275
1479,2024-09-07 11:30:00+02,469.02399
1480,2024-09-07 12:00:00+02,467.37253
1481,2024-09-07 12:30:00+02,465.10483
1482,2024-09-07 13:00:00+02,464.24408
1483,2024-09-07 13:30:00+02,462.23032
1484,2024-09-07 14:00:00+02,463.27478
1485,2024-09-07 14:30:00+02,462.65421
1486,2024-09-07 15:00:00+02,461.79425
1487,2024-09-07 15:30:00+02,462.47421
1488,2024-09-07 16:00:00+02,466.48975
1489,2024-09-07 16:30:00+02,465.56805
1490,2024-09-07 17:00:00+02,460.85934
1491,2024-09-07 17:30:00+02,460.6843
1492,2024-09-07 18:00:00+02,459.2966
1493,2024-09-07 18:30:00+02,459.60562
1494,2024-09-07 19:00:00+02,460.68723
1495,2024-09-07 19:30:00+02,461.90793
1496,2024-09-07 20:00:00+02,462.87155
1497,2024-09-07 20:30:00+02,465.37842
1498,2024-09-07 21:00:00+02,467.31882
1499,2024-09-07 21:30:00+02,467.4451
1500,2024-09-07 22:00:00+02,466.24368
1501,2024-09-07 22:30:00+02,466.1839
1502,2024-09-07 23:00:00+02,468.98386
1503,2024-09-07 23:30:00+02,470.33536
1504,2024-09-08 00:00:00+02,469.82059
1505,2024-09-08 00:30:00+02,469.38846
1506,2024-09-08 01:00:00+02,468.66187
1507,2024-09-08 01:30:00+02,467.05249
1508,2024-09-08 02:00:00+02,467.3212
1509,2024-09-08 02:30:00+02,470.96594
1510,2024-09-08 03:00:00+02,469.84262
1511,2024-09-08 03:30:00+02,466.72952
1512,2024-09-08 04:00:00+02,465.46341
1513,2024-09-08 04:30:00+02,468.11447
1514,2024-09-08 05:00:00+02,468.18823
1515,2024-09-08 05:30:00+02,468.32315
1516,2024-09-08 06:00:00+02,467.12134
1517,2024-09-08 06:30:00+02,464.57907
1518,2024-09-08 07:00:00+02,460.70496
1519,2024-09-08 07:30:00+02,461.80939
1520,2024-09-08 08:00:00+02,462.48505
1521,2024-09-08 08:30:00+02,463.00943
1522,2024-09-08 09:00:00+02,464.13983
1523,2024-09-08 09:30:00+02,464.16934
1524,2024-09-08 10:00:00+02,465.89948
1525,2024-09-08 10:30:00+02,467.94431
1526,2024-09-08 11:00:00+02,468.86859
1527,2024-09-08 11:30:00+02,468.72244
1528,2024-09-08 12:00:00+02,470.32553
1529,2024-09-08 12:30:00+02,471.14987
1530,2024-09-08 13:00:00+02,470.84793
1531,2024-09-08 13:30:00+02,471.14713
1532,2024-09-08 14:00:00+02,470.49625
1533,2024-09-08 14:30:00+02,470.0946
1534,2024-09-08 15:00:00+02,470.51022
1535,2024-09-08 15:30:00+02,470.18939
1536,2024-09-08 16:00:00+02,468.83496
1537,2024-09-08 16:30:00+02,470.1235
1538,2024-09-08 17:00:00+02,469.51669
1539,2024-09-08 17:30:00+02,465.15851
1540,2024-09-08 18:00:00+02,465.6355
1541,2024-09-08 18:30:00+02,465.02359
1542,2024-09-08 19:00:00+02,461.26395
1543,2024-09-08 19:30:00+02,463.54895
1544,2024-09-08 20:00:00+02,464.92053
1545,2024-09-08 20:30:00+02,466.20102
1546,2024-09-08 21:00:00+02,468.34244
1547,2024-09-08 21:30:00+02,469.72165
1548,2024-09-08 22:00:00+02,469.03677
1549,2024-09-08 22:30:00+02,473.2663
1550,2024-09-08 23:00:00+02,468.5224
1551,2024-09-08 23:30:00+02,470.92957
1552,2024-09-09 00:00:00+02,471.16345
1553,2024-09-09 00:30:00+02,471.73013
1554,2024-09-09 01:00:00+02,473.18823
1555,2024-09-09 01:30:00+02,471.86133
1556,2024-09-09 02:00:00+02,472.96478
1557,2024-09-09 02:30:00+02,471.46164
1558,2024-09-09 03:00:00+02,471.285
1559,2024-09-09 03:30:00+02,470.79404
1560,2024-09-09 04:00:00+02,470.35837
1561,2024-09-09 04:30:00+02,469.65753
1562,2024-09-09 05:00:00+02,468.12311
1563,2024-09-09 05:30:00+02,471.54758
1564,2024-09-09 06:00:00+02,469.99289
1565,2024-09-09 06:30:00+02,467.74213
1566,2024-09-09 07:00:00+02,467.43704
1567,2024-09-09 07:30:00+02,467.69962
1568,2024-09-09 08:00:00+02,467.24722
1569,2024-09-09 08:30:00+02,468.30957
1570,2024-09-09 09:00:00+02,473.23563
1571,2024-09-09 09:30:00+02,473.01828
1572,2024-09-09 10:00:00+02,472.56882
1573,2024-09-09 10:30:00+02,473.19885
1574,2024-09-09 11:00:00+02,472.85168
1575,2024-09-09 11:30:00+02,472.13058
1576,2024-09-09 12:00:00+02,471.5773
1577,2024-09-09 12:30:00+02,471.88434
1578,2024-09-09 13:00:00+02,471.65399
1579,2024-09-09 13:30:00+02,469.08359
1580,2024-09-09 14:00:00+02,470.83023
1581,2024-09-09 14:30:00+02,471.09598
1582,2024-09-09 15:00:00+02,470.64023
1583,2024-09-09 15:30:00+02,471.31116
1584,2024-09-09 16:00:00+02,471.64218
1585,2024-09-09 16:30:00+02,471.26434
1586,2024-09-09 17:00:00+02,474.2435
1587,2024-09-09 17:30:00+02,473.06863
1588,2024-09-09 18:00:00+02,472.0885
1589,2024-09-09 18:30:00+02,472.73227
1590,2024-09-09 19:00:00+02,474.07297
1591,2024-09-09 19:30:00+02,473.14966
1592,2024-09-09 20:00:00+02,473.41422
1593,2024-09-09 20:30:00+02,473.74036
1594,2024-09-09 21:00:00+02,473.72186
1595,2024-09-09 21:30:00+02,472.87173
1596,2024-09-09 22:00:00+02,472.33005
1597,2024-09-09 22:30:00+02,472.78125
1598,2024-09-09 23:00:00+02,471.97421
1599,2024-09-09 23:30:00+02,472.36465
1600,2024-09-10 00:00:00+02,471.28363
1601,2024-09-10 00:30:00+02,470.52161
1602,2024-09-10 01:00:00+02,469.46103
1603,2024-09-10 01:30:00+02,473.62213
1604,2024-09-10 02:00:00+02,473.34164
1605,2024-09-10 02:30:00+02,472.93332
1606,2024-09-10 03:00:00+02,472.30151
1607,2024-09-10 03:30:00+02,474.84952
1608,2024-09-10 04:00:00+02,474.75314
1609,2024-09-10 04:30:00+02,475.12567
1610,2024-09-10 05:00:00+02,475.62607
1611,2024-09-10 05:30:00+02,475.67484
1612,2024-09-10 06:00:00+02,474.69138
1613,2024-09-10 06:30:00+02,474.24466
1614,2024-09-10 07:00:00+02,473.29877
1615,2024-09-10 07:30:00+02,470.75531
1616,2024-09-10 08:00:00+02,467.74408
1617,2024-09-10 08:30:00+02,469.64828
1618,2024-09-10 09:00:00+02,469.9939
1619,2024-09-10 09:30:00+02,471.07257
1620,2024-09-10 10:00:00+02,470.29916
1621,2024-09-10 10:30:00+02,470.4762
1622,2024-09-10 11:00:00+02,475.142
1623,2024-09-10 11:30:00+02,474.38885
1624,2024-09-10 12:00:00+02,474.57513
1625,2024-09-10 12:30:00+02,474.84793
1626,2024-09-10 13:00:00+02,474.98523
1627,2024-09-10 13:30:00+02,476.3259
1628,2024-09-10 14:00:00+02,476.22443
1629,2024-09-10 14:30:00+02,477.14572
1630,2024-09-10 15:00:00+02,474.53616
1631,2024-09-10 15:30:00+02,472.87921
1632,2024-09-10 16:00:00+02,475.6127
1633,2024-09-10 16:30:00+02,478.79855
1634,2024-09-10 17:00:00+02,477.78067
1635,2024-09-10 17:30:00+02,477.78934
1636,2024-09-10 18:00:00+02,469.94647
1637,2024-09-10 18:30:00+02,473.78894
1638,2024-09-10 19:00:00+02,470.02811
1639,2024-09-10 19:30:00+02,472.44098
1640,2024-09-10 20:00:00+02,469.29227
1641,2024-09-10 20:30:00+02,470.69806
1642,2024-09-10 21:00:00+02,470.58868
1643,2024-09-10 21:30:00+02,475.71793
1644,2024-09-10 22:00:00+02,465.76984
1645,2024-09-10 22:30:00+02,457.60739
1646,2024-09-10 23:00:00+02,451.61249
1647,2024-09-10 23:30:00+02,467.79581
1648,2024-09-11 00:00:00+02,455.18192
1649,2024-09-11 00:30:00+02,454.85974
1650,2024-09-11 01:00:00+02,458.54996
1651,2024-09-11 01:30:00+02,459.70416
1652,2024-09-11 02:00:00+02,456.37408
1653,2024-09-11 02:30:00+02,456.24664
1654,2024-09-11 03:00:00+02,461.06116
1655,2024-09-11 03:30:00+02,457.44608
1656,2024-09-11 04:00:00+02,458.41678
1657,2024-09-11 04:30:00+02,457.87686
1658,2024-09-11 05:00:00+02,458.84833
1659,2024-09-11 05:30:00+02,463.92444
1660,2024-09-11 06:00:00+02,466.73779
1661,2024-09-11 06:30:00+02,468.98935
1662,2024-09-11 07:00:00+02,466.84677
1663,2024-09-11 07:30:00+02,463.57178
1664,2024-09-11 08:00:00+02,462.60107
1665,2024-09-11 08:30:00+02,453.81686
1666,2024-09-11 09:00:00+02,450.77811
1667,2024-09-11 09:30:00+02,452.33417
1668,2024-09-11 10:00:00+02,456.8812
1669,2024-09-11 10:30:00+02,457.53186
1670,2024-09-11 11:00:00+02,460.03262
1671,2024-09-11 11:30:00+02,456.47266
1672,2024-09-11 12:00:00+02,454.79974
1673,2024-09-11 12:30:00+02,442.68802
1674,2024-09-11 13:00:00+02,447.93369
1675,2024-09-11 13:30:00+02,447.83615
1676,2024-09-11 14:00:00+02,452.19077
1677,2024-09-11 14:30:00+02,452.94748
1678,2024-09-11 15:00:00+02,454.77634
1679,2024-09-11 15:30:00+02,451.54443
1680,2024-09-11 16:00:00+02,447.31509
1681,2024-09-11 16:30:00+02,442.08359
1682,2024-09-11 17:00:00+02,448.57236
1683,2024-09-11 17:30:00+02,456.41107
1684,2024-09-11 18:00:00+02,449.35541
1685,2024-09-11 18:30:00+02,444.20731
1686,2024-09-11 19:00:00+02,446.35797
1687,2024-09-11 19:30:00+02,448.25607
1688,2024-09-11 20:00:00+02,445.01532
1689,2024-09-11 20:30:00+02,443.16934
1690,2024-09-11 21:00:00+02,441.19864
1691,2024-09-11 21:30:00+02,439.06253
1692,2024-09-11 22:00:00+02,436.33279
1693,2024-09-11 22:30:00+02,430.07571
1694,2024-09-11 23:00:00+02,427.83102
1695,2024-09-11 23:30:00+02,419.79916
1696,2024-09-12 00:00:00+02,425.595
1697,2024-09-12 00:30:00+02,437.75607
1698,2024-09-12 01:00:00+02,440.07059
1699,2024-09-12 01:30:00+02,436.99271
1700,2024-09-12 02:00:00+02,433.48621
1701,2024-09-12 02:30:00+02,422.19373
1702,2024-09-12 03:00:00+02,427.35757
1703,2024-09-12 03:30:00+02,432.07925
1704,2024-09-12 04:00:00+02,432.28027
1705,2024-09-12 04:30:00+02,438.58221
1706,2024-09-12 05:00:00+02,438.00531
1707,2024-09-12 05:30:00+02,435.70001
1708,2024-09-12 06:00:00+02,431.98505
1709,2024-09-12 06:30:00+02,441.52536
1710,2024-09-12 07:00:00+02,446.1947
1711,2024-09-12 07:30:00+02,446.50568
1712,2024-09-12 08:00:00+02,437.33713
1713,2024-09-12 08:30:00+02,424.27478
1714,2024-09-12 09:00:00+02,417.87332
1715,2024-09-12 09:30:00+02,419.03598
1716,2024-09-12 10:00:00+02,423.4162
1717,2024-09-12 10:30:00+02,421.23877
1718,2024-09-12 11:00:00+02,427.53049
1719,2024-09-12 11:30:00+02,432.49271
1720,2024-09-12 12:00:00+02,447.13354
1721,2024-09-12 12:30:00+02,443.65359
1722,2024-09-12 13:00:00+02,444.62408
1723,2024-09-12 13:30:00+02,434.09518
1724,2024-09-12 14:00:00+02,432.89554
1725,2024-09-12 14:30:00+02,422.71204
1726,2024-09-12 15:00:00+02,417.53226
1727,2024-09-12 15:30:00+02,425.95218
1728,2024-09-12 16:00:00+02,428.95337
1729,2024-09-12 16:30:00+02,426.69394
1730,2024-09-12 17:00:00+02,424.43784
1731,2024-09-12 17:30:00+02,423.74704
1732,2024-09-12 18:00:00+02,422.61899
1733,2024-09-12 18:30:00+02,425.12903
1734,2024-09-12 19:00:00+02,432.7608
1735,2024-09-12 19:30:00+02,440.7962
1736,2024-09-12 20:00:00+02,445.92877
1737,2024-09-12 20:30:00+02,443.77713
1738,2024-09-12 21:00:00+02,444.42407
1739,2024-09-12 21:30:00+02,443.33752
1740,2024-09-12 22:00:00+02,440.2608
1741,2024-09-12 22:30:00+02,442.60483
1742,2024-09-12 23:00:00+02,437.12271
1743,2024-09-12 23:30:00+02,437.18784
1744,2024-09-13 00:00:00+02,435.55212
1745,2024-09-13 00:30:00+02,439.16522
1746,2024-09-13 01:00:00+02,442.79581
1747,2024-09-13 01:30:00+02,444.08929
1748,2024-09-13 02:00:00+02,447.01416
1749,2024-09-13 02:30:00+02,442.28403
1750,2024-09-13 03:00:00+02,444.74802
1751,2024-09-13 03:30:00+02,443.58948
1752,2024-09-13 04:00:00+02,445.76572
1753,2024-09-13 04:30:00+02,450.39789
1754,2024-09-13 05:00:00+02,452.40381
1755,2024-09-13 05:30:00+02,453.74606
1756,2024-09-13 06:00:00+02,454.38412
1757,2024-09-13 06:30:00+02,452.99921
1758,2024-09-13 07:00:00+02,451.04562
1759,2024-09-13 07:30:00+02,450.36093
1760,2024-09-13 08:00:00+02,448.24545
1761,2024-09-13 08:30:00+02,446.75391
1762,2024-09-13 09:00:00+02,443.61642
1763,2024-09-13 09:30:00+02,446.03793
1764,2024-09-13 10:00:00+02,451.66205
1765,2024-09-13 10:30:00+02,450.54581
1766,2024-09-13 11:00:00+02,452.41559
1767,2024-09-13 11:30:00+02,451.99527
1768,2024-09-13 12:00:00+02,449.89258
1769,2024-09-13 12:30:00+02,452.77872
1770,2024-09-13 13:00:00+02,453.67169
1771,2024-09-13 13:30:00+02,452.38257
1772,2024-09-13 14:00:00+02,450.00943
1773,2024-09-13 14:30:00+02,452.24783
1774,2024-09-13 15:00:00+02,451.34262
1775,2024-09-13 15:30:00+02,450.20947
1776,2024-09-13 16:00:00+02,452.08496
1777,2024-09-13 16:30:00+02,453.65439
1778,2024-09-13 17:00:00+02,456.32983
1779,2024-09-13 17:30:00+02,452.91776
1780,2024-09-13 18:00:00+02,453.927
1781,2024-09-13 18:30:00+02,452.39908
1782,2024-09-13 19:00:00+02,452.60602
1783,2024-09-13 19:30:00+02,452.29935
1784,2024-09-13 20:00:00+02,451.75745
1785,2024-09-13 20:30:00+02,452.29266
1786,2024-09-13 21:00:00+02,452.49014
1787,2024-09-13 21:30:00+02,455.62509
1788,2024-09-13 22:00:00+02,456.89377
1789,2024-09-13 22:30:00+02,455.8501
1790,2024-09-13 23:00:00+02,453.53323
1791,2024-09-13 23:30:00+02,451.61505
1792,2024-09-14 00:00:00+02,452.46182
1793,2024-09-14 00:30:00+02,449.59067
1794,2024-09-14 01:00:00+02,451.35284
1795,2024-09-14 01:30:00+02,452.28775
1796,2024-09-14 02:00:00+02,444.99527
1797,2024-09-14 02:30:00+02,446.56882
1798,2024-09-14 03:00:00+02,448.26315
1799,2024-09-14 03:30:00+02,447.56744
1800,2024-09-14 04:00:00+02,448.48227
1801,2024-09-14 04:30:00+02,450.00491
1802,2024-09-14 05:00:00+02,451.19904
1803,2024-09-14 05:30:00+02,451.21439
1804,2024-09-14 06:00:00+02,451.00452
1805,2024-09-14 06:30:00+02,452.10678
1806,2024-09-14 07:00:00+02,452.15182
1807,2024-09-14 07:30:00+02,449.33456
1808,2024-09-14 08:00:00+02,450.11523
1809,2024-09-14 08:30:00+02,447.42859
1810,2024-09-14 09:00:00+02,443.25726
1811,2024-09-14 09:30:00+02,444.92169
1812,2024-09-14 10:00:00+02,451.25824
1813,2024-09-14 10:30:00+02,448.48642
1814,2024-09-14 11:00:00+02,450.65283
1815,2024-09-14 11:30:00+02,452.63058
1816,2024-09-14 12:00:00+02,448.23444
1817,2024-09-14 12:30:00+02,448.85638
1818,2024-09-14 13:00:00+02,448.37686
1819,2024-09-14 15:00:00+02,448.40952
1820,2024-09-14 15:30:00+02,447.68292
1821,2024-09-14 16:00:00+02,446.87408
1822,2024-09-14 16:30:00+02,446.02753
1823,2024-09-14 17:00:00+02,446.51199
1824,2024-09-14 17:30:00+02,445.46359
1825,2024-09-14 18:00:00+02,449.79129
1826,2024-09-14 18:30:00+02,448.33005
1827,2024-09-14 19:00:00+02,446.16245
1828,2024-09-14 19:30:00+02,447.68134
1829,2024-09-14 20:00:00+02,449.07196
1830,2024-09-14 20:30:00+02,450.14514
1831,2024-09-14 21:00:00+02,451.21832
1832,2024-09-14 21:30:00+02,446.54248
1833,2024-09-14 22:00:00+02,447.15695
1834,2024-09-14 22:30:00+02,448.67523
1835,2024-09-14 23:00:00+02,450.50961
1836,2024-09-14 23:30:00+02,446.59421
1837,2024-09-15 00:00:00+02,445.14218
1838,2024-09-15 00:30:00+02,442.30328
1839,2024-09-15 01:00:00+02,437.95593
1840,2024-09-15 01:30:00+02,435.9097
1841,2024-09-15 02:00:00+02,438.57513
1842,2024-09-15 02:30:00+02,437.47266
1843,2024-09-15 03:00:00+02,434.29602
1844,2024-09-15 03:30:00+02,435.37054
1845,2024-09-15 04:00:00+02,437.26257
1846,2024-09-15 04:30:00+02,433.61465
1847,2024-09-15 05:00:00+02,425.95023
1848,2024-09-15 05:30:00+02,428.22696
1849,2024-09-15 06:00:00+02,434.95297
1850,2024-09-15 06:30:00+02,443.70673
1851,2024-09-15 07:00:00+02,442.19669
1852,2024-09-15 07:30:00+02,448.20593
1853,2024-09-15 08:00:00+02,453.55014
1854,2024-09-15 08:30:00+02,447.42917
1855,2024-09-15 09:00:00+02,448.21359
1856,2024-09-15 09:30:00+02,448.00391
1857,2024-09-15 10:00:00+02,448.58496
1858,2024-09-15 10:30:00+02,444.95651
1859,2024-09-15 11:00:00+02,442.82336
1860,2024-09-15 11:30:00+02,441.12271
1861,2024-09-15 12:00:00+02,438.65283
1862,2024-09-15 12:30:00+02,437.98227
1863,2024-09-15 13:00:00+02,441.05035
1864,2024-09-15 13:30:00+02,444.93842
1865,2024-09-15 14:00:00+02,443.70908
1866,2024-09-15 14:30:00+02,446.35757
1867,2024-09-15 15:00:00+02,443.40283
1868,2024-09-15 15:30:00+02,439.09714
1869,2024-09-15 16:00:00+02,439.84735
1870,2024-09-15 16:30:00+02,440.29111
1871,2024-09-15 17:00:00+02,441.42523
1872,2024-09-15 17:30:00+02,440.99625
1873,2024-09-15 18:00:00+02,441.66953
1874,2024-09-15 18:30:00+02,438.92996
1875,2024-09-15 19:00:00+02,441.64633
1876,2024-09-15 19:30:00+02,442.1304
1877,2024-09-15 20:00:00+02,441.36917
1878,2024-09-15 20:30:00+02,444.71045
1879,2024-09-15 21:00:00+02,443.41266
1880,2024-09-15 21:30:00+02,440.90045
1881,2024-09-15 22:00:00+02,433.91699
1882,2024-09-15 22:30:00+02,437.06528
1883,2024-09-15 23:00:00+02,438.40735
1884,2024-09-15 23:30:00+02,437.39948
1885,2024-09-16 00:00:00+02,436.89023
1886,2024-09-16 00:30:00+02,439.00391
1887,2024-09-16 01:00:00+02,432.84399
1888,2024-09-16 01:30:00+02,433.45651
1889,2024-09-16 02:00:00+02,448.03992
1890,2024-09-16 02:30:00+02,445.26926
1891,2024-09-16 03:00:00+02,442.27969
1892,2024-09-16 03:30:00+02,446.55978
1893,2024-09-16 04:00:00+02,442.89102
1894,2024-09-16 04:30:00+02,435.46457
1895,2024-09-16 05:00:00+02,438.42624
1896,2024-09-16 05:30:00+02,436.16599
1897,2024-09-16 06:00:00+02,442.63589
1898,2024-09-16 06:30:00+02,447.04541
1899,2024-09-16 07:00:00+02,445.58633
1900,2024-09-16 07:30:00+02,450.58005
1901,2024-09-16 08:00:00+02,450.60461
1902,2024-09-16 08:30:00+02,450.73129
1903,2024-09-16 09:00:00+02,449.89023
1904,2024-09-16 09:30:00+02,455.88629
1905,2024-09-16 10:00:00+02,457.17151
1906,2024-09-16 10:30:00+02,461.45258
1907,2024-09-16 11:00:00+02,463.83536
