0,2024-08-09 11:30:00+02,0.068703257
1,2024-08-09 12:00:00+02,-0.092323557
2,2024-08-09 12:30:00+02,-0.088423245
3,2024-08-09 13:00:00+02,-0.065021381
4,2024-08-09 13:30:00+02,-0.088423237
5,2024-08-09 14:00:00+02,0.20131391
6,2024-08-09 14:30:00+02,0.14782386
7,2024-08-09 15:00:00+02,0.17345448
8,2024-08-09 15:30:00+02,0.17791192
9,2024-08-09 16:00:00+02,0.50387281
10,2024-08-09 16:30:00+02,0.56906676
11,2024-08-09 17:00:00+02,0.60454303
12,2024-08-09 17:30:00+02,0.32593924
13,2024-08-09 18:00:00+02,0.55439299
14,2024-08-09 18:30:00+02,0.32222444
15,2024-08-09 19:00:00+02,0.31776679
16,2024-08-09 19:30:00+02,0.12757941
17,2024-08-09 20:00:00+02,-0.079693921
18,2024-08-09 20:30:00+02,-0.05852085
19,2024-08-09 21:00:00+02,0.043444198
20,2024-08-09 21:30:00+02,-0.17683043
21,2024-08-09 22:00:00+02,-0.34324476
22,2024-08-09 22:30:00+02,-0.4634136
23,2024-08-09 23:00:00+02,-0.22734894
24,2024-08-09 23:30:00+02,-0.24703625
25,2024-08-10 00:00:00+02,-0.40082186
26,2024-08-10 00:30:00+02,-0.38614905
27,2024-08-10 01:00:00+02,-0.40286461
28,2024-08-10 01:30:00+02,-0.33507276
29,2024-08-10 02:00:00+02,-0.44836935
30,2024-08-10 02:30:00+02,-0.42533836
31,2024-08-10 03:00:00+02,-0.41660893
32,2024-08-10 03:30:00+02,-0.36163214
33,2024-08-10 04:00:00+02,-0.36014664
34,2024-08-10 04:30:00+02,-0.33470115
35,2024-08-10 05:00:00+02,-0.31687152
36,2024-08-10 05:30:00+02,-0.4052794
37,2024-08-10 06:00:00+02,0.24291779
38,2024-08-10 06:30:00+02,-0.31501365
39,2024-08-10 07:00:00+02,9.1234274E-4
40,2024-08-10 07:30:00+02,0.027657224
41,2024-08-10 08:00:00+02,-0.36813283
42,2024-08-10 08:30:00+02,-0.17645894
43,2024-08-10 09:00:00+02,-0.31185636
44,2024-08-10 09:30:00+02,-0.38113433
45,2024-08-10 10:00:00+02,-0.19131725
46,2024-08-10 10:30:00+02,-0.14785662
47,2024-08-10 11:00:00+02,-0.02508969
48,2024-08-10 11:30:00+02,-0.26932406
49,2024-08-10 12:00:00+02,-0.37036219
50,2024-08-10 12:30:00+02,-0.031775944
51,2024-08-10 13:00:00+02,-0.30851319
52,2024-08-10 13:30:00+02,-0.21416216
53,2024-08-10 14:00:00+02,-0.29866943
54,2024-08-10 14:30:00+02,-0.30832726
55,2024-08-10 15:00:00+02,-0.29514068
56,2024-08-10 15:30:00+02,-0.3521598
57,2024-08-10 16:00:00+02,-0.34268773
58,2024-08-10 16:30:00+02,-0.32077157
59,2024-08-10 17:00:00+02,0.10603478
60,2024-08-10 17:30:00+02,-0.25112247
61,2024-08-10 18:00:00+02,-0.30591291
62,2024-08-10 18:30:00+02,-0.24907951
63,2024-08-10 19:00:00+02,-0.21787672
64,2024-08-10 19:30:00+02,-0.27471027
65,2024-08-10 20:00:00+02,-0.40936533
66,2024-08-10 20:30:00+02,-0.4734436
67,2024-08-10 21:00:00+02,-0.36107519
68,2024-08-10 21:30:00+02,-0.3783482
69,2024-08-10 22:00:00+02,-0.31891423
70,2024-08-10 22:30:00+02,-0.33024374
71,2024-08-10 23:00:00+02,-0.25297982
72,2024-08-10 23:30:00+02,-0.12761214
73,2024-08-11 00:00:00+02,-0.15844323
74,2024-08-11 00:30:00+02,-0.062421288
75,2024-08-11 01:00:00+02,-0.22549185
76,2024-08-11 01:30:00+02,-0.21509077
77,2024-08-11 02:00:00+02,-0.40379336
78,2024-08-11 02:30:00+02,-0.35828921
79,2024-08-11 03:00:00+02,-0.37054741
80,2024-08-11 03:30:00+02,-0.45301268
81,2024-08-11 04:00:00+02,-0.42459553
82,2024-08-11 04:30:00+02,-0.45561314
83,2024-08-11 05:00:00+02,-0.50910473
84,2024-08-11 05:30:00+02,-0.46731445
85,2024-08-11 06:00:00+02,-0.43778259
86,2024-08-11 06:30:00+02,-0.45802745
87,2024-08-11 07:00:00+02,-0.48180175
88,2024-08-11 07:30:00+02,-0.62519032
89,2024-08-11 08:00:00+02,-0.54829603
90,2024-08-11 08:30:00+02,-0.46768552
91,2024-08-11 09:00:00+02,-0.4645282
92,2024-08-11 09:30:00+02,-0.41270858
93,2024-08-11 10:00:00+02,-0.35606048
94,2024-08-11 10:30:00+02,-0.38930643
95,2024-08-11 11:00:00+02,-0.42961025
96,2024-08-11 11:30:00+02,-0.25372273
97,2024-08-11 12:00:00+02,-0.30758438
98,2024-08-11 12:30:00+02,-0.26728123
99,2024-08-11 13:00:00+02,-0.29439762
100,2024-08-11 13:30:00+02,-0.28733987
101,2024-08-11 14:00:00+02,-0.29569784
102,2024-08-11 14:30:00+02,-0.31798542
103,2024-08-11 15:00:00+02,-0.2730386
104,2024-08-11 15:30:00+02,-0.35828921
105,2024-08-11 16:00:00+02,-0.32560033
106,2024-08-11 16:30:00+02,-0.47771525
107,2024-08-11 17:00:00+02,-0.40806541
108,2024-08-11 17:30:00+02,-0.37407613
109,2024-08-11 18:00:00+02,-0.39673585
110,2024-08-11 18:30:00+02,-0.57856995
111,2024-08-11 19:00:00+02,-0.52414918
112,2024-08-11 19:30:00+02,-0.47344324
113,2024-08-11 20:00:00+02,-0.51709086
114,2024-08-11 20:30:00+02,-0.27229545
115,2024-08-11 21:00:00+02,-0.41196576
116,2024-08-11 21:30:00+02,-0.37166169
117,2024-08-11 22:00:00+02,-0.13968453
118,2024-08-11 22:30:00+02,-0.017289057
119,2024-08-11 23:00:00+02,-0.013203063
120,2024-08-11 23:30:00+02,0.047158796
121,2024-08-12 00:00:00+02,-0.021375107
122,2024-08-12 00:30:00+02,-0.07616511
123,2024-08-12 01:00:00+02,-3.8773072E-4
124,2024-08-12 01:30:00+02,-0.1452564
125,2024-08-12 02:00:00+02,0.017256407
126,2024-08-12 02:30:00+02,0.078175433
127,2024-08-12 03:00:00+02,-0.050720286
128,2024-08-12 03:30:00+02,0.08876197
129,2024-08-12 04:00:00+02,0.016884953
130,2024-08-12 04:30:00+02,0.12256475
131,2024-08-12 05:00:00+02,0.12516487
132,2024-08-12 05:30:00+02,-0.0054024933
133,2024-08-12 06:00:00+02,0.051059343
134,2024-08-12 06:30:00+02,-0.013388781
135,2024-08-12 07:00:00+02,-0.25818029
136,2024-08-12 07:30:00+02,-0.1796165
137,2024-08-12 08:00:00+02,-0.20153256
138,2024-08-12 08:30:00+02,-0.2849254
139,2024-08-12 09:00:00+02,-0.16011478
140,2024-08-12 09:30:00+02,0.49644357
141,2024-08-12 10:00:00+02,0.12590782
142,2024-08-12 10:30:00+02,-0.32838631
143,2024-08-12 11:00:00+02,-0.32040018
144,2024-08-12 11:30:00+02,-0.24276441
145,2024-08-12 12:00:00+02,-0.199861
146,2024-08-12 12:30:00+02,-0.24517894
147,2024-08-12 13:00:00+02,-0.25446552
148,2024-08-12 13:30:00+02,-0.21286206
149,2024-08-12 14:00:00+02,-0.27099568
150,2024-08-12 14:30:00+02,-0.24165016
151,2024-08-12 15:00:00+02,-0.21750528
152,2024-08-12 15:30:00+02,-0.26690954
153,2024-08-12 16:00:00+02,-0.17274441
154,2024-08-12 16:30:00+02,-0.4260813
155,2024-08-12 17:00:00+02,-0.45951349
156,2024-08-12 17:30:00+02,-0.36683306
157,2024-08-12 18:00:00+02,-0.46731386
158,2024-08-12 18:30:00+02,-0.50928998
159,2024-08-12 19:00:00+02,-0.46192777
160,2024-08-12 19:30:00+02,-0.54197967
161,2024-08-12 20:00:00+02,-0.53696495
162,2024-08-12 20:30:00+02,-0.54123682
163,2024-08-12 21:00:00+02,-0.50148958
164,2024-08-12 21:30:00+02,-0.47864398
165,2024-08-12 22:00:00+02,-0.40806526
166,2024-08-12 22:30:00+02,-0.45152709
167,2024-08-12 23:00:00+02,-0.45654148
168,2024-08-12 23:30:00+02,-0.34844509
169,2024-08-13 00:00:00+02,-0.40509367
170,2024-08-13 00:30:00+02,-0.3987788
171,2024-08-13 01:00:00+02,-0.42868146
172,2024-08-13 01:30:00+02,-0.51040465
173,2024-08-13 02:00:00+02,-0.45839873
174,2024-08-13 02:30:00+02,-0.48551619
175,2024-08-13 03:00:00+02,-0.50817579
176,2024-08-13 03:30:00+02,-0.51913428
177,2024-08-13 04:00:00+02,-0.5213629
178,2024-08-13 04:30:00+02,-0.50483268
179,2024-08-13 05:00:00+02,-0.21360502
180,2024-08-13 05:30:00+02,-0.10866776
181,2024-08-13 06:00:00+02,-0.24815074
182,2024-08-13 06:30:00+02,-0.31222796
183,2024-08-13 07:00:00+02,0.044930235
184,2024-08-13 07:30:00+02,-0.18407443
185,2024-08-13 08:00:00+02,-0.37500492
186,2024-08-13 08:30:00+02,-0.13374139
187,2024-08-13 09:00:00+02,-0.15454291
188,2024-08-13 09:30:00+02,-0.19224599
189,2024-08-13 10:00:00+02,-0.29254034
190,2024-08-13 10:30:00+02,-0.38299149
191,2024-08-13 11:00:00+02,-0.39896449
192,2024-08-13 11:30:00+02,-0.32968655
193,2024-08-13 12:00:00+02,-0.26505217
194,2024-08-13 12:30:00+02,-0.23774973
195,2024-08-13 13:00:00+02,-0.24165012
196,2024-08-13 13:30:00+02,-0.37054744
197,2024-08-13 14:00:00+02,-0.29681209
198,2024-08-13 14:30:00+02,-0.15621443
199,2024-08-13 15:00:00+02,-0.088980407
200,2024-08-13 15:30:00+02,0.1145784
201,2024-08-13 16:00:00+02,-0.028618518
202,2024-08-13 16:30:00+02,-0.29012573
203,2024-08-13 17:00:00+02,-0.28956881
204,2024-08-13 17:30:00+02,-0.29254043
205,2024-08-13 18:00:00+02,-0.40676507
206,2024-08-13 18:30:00+02,-0.27842468
207,2024-08-13 19:00:00+02,-0.10272437
208,2024-08-13 19:30:00+02,-0.20023248
209,2024-08-13 20:00:00+02,-0.18946014
210,2024-08-13 20:30:00+02,-0.2098904
211,2024-08-13 21:00:00+02,-0.22883494
212,2024-08-13 21:30:00+02,-0.13206957
213,2024-08-13 22:00:00+02,-0.22994903
214,2024-08-13 22:30:00+02,-0.21304777
215,2024-08-13 23:00:00+02,-0.342502
216,2024-08-13 23:30:00+02,-0.37221909
217,2024-08-14 00:00:00+02,-0.49814612
218,2024-08-14 00:30:00+02,-0.46675709
219,2024-08-14 01:00:00+02,-0.52099168
220,2024-08-14 01:30:00+02,-0.38819203
221,2024-08-14 02:00:00+02,-0.4173519
222,2024-08-14 02:30:00+02,-0.2533513
223,2024-08-14 03:00:00+02,-0.38373449
224,2024-08-14 03:30:00+02,-0.35736075
225,2024-08-14 04:00:00+02,-0.25520849
226,2024-08-14 04:30:00+02,-0.3655327
227,2024-08-14 05:00:00+02,-0.31612808
228,2024-08-14 05:30:00+02,-0.31612808
229,2024-08-14 06:00:00+02,-0.32300019
230,2024-08-14 06:30:00+02,-0.36386123
231,2024-08-14 07:00:00+02,-0.30907044
232,2024-08-14 07:30:00+02,-0.55981058
233,2024-08-14 08:00:00+02,-0.58674341
234,2024-08-14 08:30:00+02,-0.65379471
235,2024-08-14 09:00:00+02,-0.60661703
236,2024-08-14 09:30:00+02,-0.57615536
237,2024-08-14 10:00:00+02,-0.68425614
238,2024-08-14 10:30:00+02,-0.65602368
239,2024-08-14 11:00:00+02,-0.61571783
240,2024-08-14 11:30:00+02,-0.61701769
241,2024-08-14 12:00:00+02,-0.70654577
242,2024-08-14 12:30:00+02,-0.72586256
243,2024-08-14 13:00:00+02,-0.72066134
244,2024-08-14 13:30:00+02,-0.6595524
245,2024-08-14 14:00:00+02,-0.61386037
246,2024-08-14 14:30:00+02,-0.62017554
247,2024-08-14 15:00:00+02,-0.58395696
248,2024-08-14 15:30:00+02,-0.60308719
249,2024-08-14 16:00:00+02,-0.60587353
250,2024-08-14 16:30:00+02,-0.60791701
251,2024-08-14 17:00:00+02,-0.59027153
252,2024-08-14 17:30:00+02,-0.65825367
253,2024-08-14 18:00:00+02,-0.60085845
254,2024-08-14 18:30:00+02,-0.62221891
255,2024-08-14 19:00:00+02,-0.6279766
256,2024-08-14 19:30:00+02,-0.66512477
257,2024-08-14 20:00:00+02,-0.72363353
258,2024-08-14 20:30:00+02,-0.69948751
259,2024-08-14 21:00:00+02,-0.68741357
260,2024-08-14 21:30:00+02,-0.7015304
261,2024-08-14 22:00:00+02,-0.65918094
262,2024-08-14 22:30:00+02,-0.64636493
263,2024-08-14 23:00:00+02,-0.64450723
264,2024-08-14 23:30:00+02,-0.66048086
265,2024-08-15 00:00:00+02,-0.67441148
266,2024-08-15 00:30:00+02,-0.72957718
267,2024-08-15 01:00:00+02,-0.69335723
268,2024-08-15 01:30:00+02,-0.73812157
269,2024-08-15 02:00:00+02,-0.83210975
270,2024-08-15 02:30:00+02,-0.68704224
271,2024-08-15 03:00:00+02,-0.61293155
272,2024-08-15 03:30:00+02,-0.6383779
273,2024-08-15 04:00:00+02,-0.74963784
274,2024-08-15 04:30:00+02,-0.61701775
275,2024-08-15 05:00:00+02,-0.62909126
276,2024-08-15 05:30:00+02,-0.66010988
277,2024-08-15 06:00:00+02,-0.62259007
278,2024-08-15 06:30:00+02,-0.59231478
279,2024-08-15 07:00:00+02,-0.58859998
280,2024-08-15 07:30:00+02,-0.5759697
281,2024-08-15 08:00:00+02,-0.57726997
282,2024-08-15 08:30:00+02,-0.59380019
283,2024-08-15 09:00:00+02,-0.60308748
284,2024-08-15 09:30:00+02,-0.57782739
285,2024-08-15 10:00:00+02,-0.54736596
286,2024-08-15 10:30:00+02,-0.57987005
287,2024-08-15 11:00:00+02,-0.54513705
288,2024-08-15 11:30:00+02,-0.49294561
289,2024-08-15 12:00:00+02,-0.542723
290,2024-08-15 12:30:00+02,-0.55628121
291,2024-08-15 13:00:00+02,-0.55813915
292,2024-08-15 13:30:00+02,-0.57021201
293,2024-08-15 14:00:00+02,-0.53956521
294,2024-08-15 14:30:00+02,-0.51281911
295,2024-08-15 15:00:00+02,-0.5830276
296,2024-08-15 15:30:00+02,-0.58878565
297,2024-08-15 16:00:00+02,-0.59417182
298,2024-08-15 16:30:00+02,-0.64004964
299,2024-08-15 17:00:00+02,-0.68741405
300,2024-08-15 17:30:00+02,-0.66215277
301,2024-08-15 18:00:00+02,-0.67255443
302,2024-08-15 18:30:00+02,-0.63633537
303,2024-08-15 19:00:00+02,-0.64970827
304,2024-08-15 19:30:00+02,-0.62110466
305,2024-08-15 20:00:00+02,-0.58915699
306,2024-08-15 20:30:00+02,-0.56296784
307,2024-08-15 21:00:00+02,-0.78177232
308,2024-08-15 21:30:00+02,-0.86907476
309,2024-08-15 22:00:00+02,-0.89452249
310,2024-08-15 22:30:00+02,-0.86238706
311,2024-08-15 23:00:00+02,-0.8934077
312,2024-08-15 23:30:00+02,-0.83471066
313,2024-08-16 00:00:00+02,-0.757254
314,2024-08-16 00:30:00+02,-0.73849338
315,2024-08-16 01:00:00+02,-0.69651526
316,2024-08-16 01:30:00+02,-0.68518472
317,2024-08-16 02:00:00+02,-0.70747405
318,2024-08-16 02:30:00+02,-0.65695208
319,2024-08-16 03:00:00+02,-0.68016988
320,2024-08-16 03:30:00+02,-0.68221301
321,2024-08-16 04:00:00+02,-0.74332243
322,2024-08-16 04:30:00+02,-0.66363901
323,2024-08-16 05:00:00+02,-0.6825844
324,2024-08-16 05:30:00+02,-0.71713269
325,2024-08-16 06:00:00+02,-0.69484359
326,2024-08-16 06:30:00+02,-0.71341771
327,2024-08-16 07:00:00+02,-0.69744396
328,2024-08-16 07:30:00+02,-0.66828257
329,2024-08-16 08:00:00+02,-0.66456759
330,2024-08-16 08:30:00+02,-0.67942691
331,2024-08-16 09:00:00+02,-0.65769511
332,2024-08-16 09:30:00+02,-0.65843809
333,2024-08-16 10:00:00+02,-0.64543647
334,2024-08-16 10:30:00+02,-0.62686229
335,2024-08-16 11:00:00+02,-0.67274046
336,2024-08-16 11:30:00+02,-0.58748519
337,2024-08-16 12:00:00+02,-0.58061302
338,2024-08-16 12:30:00+02,-0.57504117
339,2024-08-16 13:00:00+02,-0.67626941
340,2024-08-16 13:30:00+02,-0.67924136
341,2024-08-16 14:00:00+02,-0.80926293
342,2024-08-16 14:30:00+02,-0.68871427
343,2024-08-16 15:00:00+02,-0.62983423
344,2024-08-16 15:30:00+02,-0.52786434
345,2024-08-16 16:00:00+02,-0.64469332
346,2024-08-16 16:30:00+02,-0.68221283
347,2024-08-16 17:00:00+02,-0.6907571
348,2024-08-16 17:30:00+02,-0.6758976
349,2024-08-16 18:00:00+02,-0.67905539
350,2024-08-16 18:30:00+02,-0.64599323
351,2024-08-16 19:00:00+02,-0.64636481
352,2024-08-16 19:30:00+02,-0.70245928
353,2024-08-16 20:00:00+02,-0.71341777
354,2024-08-16 20:30:00+02,-0.61720359
355,2024-08-16 21:00:00+02,-0.65230876
356,2024-08-16 21:30:00+02,-0.64413613
357,2024-08-16 22:00:00+02,-0.62741923
358,2024-08-16 22:30:00+02,-0.68555623
359,2024-08-16 23:00:00+02,-0.6619674
360,2024-08-16 23:30:00+02,-0.66382456
361,2024-08-17 00:00:00+02,-0.65546584
362,2024-08-17 00:30:00+02,-0.63206279
363,2024-08-17 01:00:00+02,-0.60865957
364,2024-08-17 01:30:00+02,-0.52897835
365,2024-08-17 02:00:00+02,-0.64469278
366,2024-08-17 02:30:00+02,-0.6680966
367,2024-08-17 03:00:00+02,-0.64060676
368,2024-08-17 03:30:00+02,-0.65825254
369,2024-08-17 04:00:00+02,-0.65267962
370,2024-08-17 04:30:00+02,-0.66308141
371,2024-08-17 05:00:00+02,-0.65453744
372,2024-08-17 05:30:00+02,-0.6601097
373,2024-08-17 06:00:00+02,-0.6452502
374,2024-08-17 06:30:00+02,-0.61516041
375,2024-08-17 07:00:00+02,-0.64190698
376,2024-08-17 07:30:00+02,-0.62166148
377,2024-08-17 08:00:00+02,-0.59807312
378,2024-08-17 08:30:00+02,-0.61497474
379,2024-08-17 09:00:00+02,-0.61720401
380,2024-08-17 09:30:00+02,-0.67199755
381,2024-08-17 10:00:00+02,-0.67144084
382,2024-08-17 10:30:00+02,-0.75205421
383,2024-08-17 11:00:00+02,-0.70245898
384,2024-08-17 11:30:00+02,-0.77044183
385,2024-08-17 12:00:00+02,-0.7934745
386,2024-08-17 12:30:00+02,-0.76802737
387,2024-08-17 13:00:00+02,-0.77062756
388,2024-08-17 13:30:00+02,-0.73347819
389,2024-08-17 14:00:00+02,-0.69651544
390,2024-08-17 14:30:00+02,-0.65268034
391,2024-08-17 15:00:00+02,-0.66605335
392,2024-08-17 15:30:00+02,-0.65360922
393,2024-08-17 16:00:00+02,-0.72084796
394,2024-08-17 16:30:00+02,-0.71731859
395,2024-08-17 17:00:00+02,-0.67849827
396,2024-08-17 17:30:00+02,-0.64803702
397,2024-08-17 18:00:00+02,-0.67478317
398,2024-08-17 18:30:00+02,-0.68722814
399,2024-08-17 19:00:00+02,-0.65750962
400,2024-08-17 19:30:00+02,-0.57578403
401,2024-08-17 20:00:00+02,-0.61274594
402,2024-08-17 20:30:00+02,-0.55219519
403,2024-08-17 21:00:00+02,-0.59862965
404,2024-08-17 21:30:00+02,-0.623519
405,2024-08-17 22:00:00+02,-0.6186896
406,2024-08-17 22:30:00+02,-0.61441779
407,2024-08-17 23:00:00+02,-0.64469302
408,2024-08-17 23:30:00+02,-0.63113439
409,2024-08-18 00:00:00+02,-0.6530515
410,2024-08-18 00:30:00+02,-0.62611961
411,2024-08-18 01:00:00+02,-0.69465744
412,2024-08-18 01:30:00+02,-0.70338821
413,2024-08-18 02:00:00+02,-0.660667
414,2024-08-18 02:30:00+02,-0.72493422
415,2024-08-18 03:00:00+02,-0.73422086
416,2024-08-18 03:30:00+02,-0.72716302
417,2024-08-18 04:00:00+02,-0.68239868
418,2024-08-18 04:30:00+02,-0.73273551
419,2024-08-18 05:00:00+02,-0.67013943
420,2024-08-18 05:30:00+02,-0.65342331
421,2024-08-18 06:00:00+02,-0.69242859
422,2024-08-18 06:30:00+02,-0.67218316
423,2024-08-18 07:00:00+02,-0.59250039
424,2024-08-18 07:30:00+02,-0.64097846
425,2024-08-18 08:00:00+02,-0.67032546
426,2024-08-18 08:30:00+02,-0.68388474
427,2024-08-18 09:00:00+02,-0.63949239
428,2024-08-18 09:30:00+02,-0.5598104
429,2024-08-18 10:00:00+02,-0.60587341
430,2024-08-18 10:30:00+02,-0.64264989
431,2024-08-18 11:00:00+02,-0.63670594
432,2024-08-18 11:30:00+02,-0.6192469
433,2024-08-18 12:00:00+02,-0.61293185
434,2024-08-18 12:30:00+02,-0.62351882
435,2024-08-18 13:00:00+02,-0.61330354
436,2024-08-18 13:30:00+02,-0.62203264
437,2024-08-18 14:00:00+02,-0.62686235
438,2024-08-18 14:30:00+02,-0.66122442
439,2024-08-18 15:00:00+02,-0.60457325
440,2024-08-18 15:30:00+02,-0.58692837
441,2024-08-18 16:00:00+02,-0.57206917
442,2024-08-18 16:30:00+02,-0.53157878
443,2024-08-18 17:00:00+02,-0.52990657
444,2024-08-18 17:30:00+02,-0.56445402
445,2024-08-18 18:00:00+02,-0.59027177
446,2024-08-18 18:30:00+02,-0.5378933
447,2024-08-18 19:00:00+02,-0.63410616
448,2024-08-18 19:30:00+02,-0.65546596
449,2024-08-18 20:00:00+02,-0.62853396
450,2024-08-18 20:30:00+02,-0.61738926
451,2024-08-18 21:00:00+02,-0.62649053
452,2024-08-18 21:30:00+02,-0.60605943
453,2024-08-18 22:00:00+02,-0.61813277
454,2024-08-18 22:30:00+02,-0.61906117
455,2024-08-18 23:00:00+02,-0.59380037
456,2024-08-18 23:30:00+02,-0.56705421
457,2024-08-19 00:00:00+02,-0.59807265
458,2024-08-19 00:30:00+02,-0.61033124
459,2024-08-19 01:00:00+02,-0.57429761
460,2024-08-19 01:30:00+02,-0.58172774
461,2024-08-19 02:00:00+02,-0.60643077
462,2024-08-19 02:30:00+02,-0.63224822
463,2024-08-19 03:00:00+02,-0.59510046
464,2024-08-19 03:30:00+02,-0.65416598
465,2024-08-19 04:00:00+02,-0.64747959
466,2024-08-19 04:30:00+02,-0.60958809
467,2024-08-19 05:00:00+02,-0.57169783
468,2024-08-19 05:30:00+02,-0.61478907
469,2024-08-19 06:00:00+02,-0.68035567
470,2024-08-19 06:30:00+02,-0.63039088
471,2024-08-19 07:00:00+02,-0.58154213
472,2024-08-19 07:30:00+02,-0.61646092
473,2024-08-19 08:00:00+02,-0.59714389
474,2024-08-19 08:30:00+02,-0.6393066
475,2024-08-19 09:00:00+02,-0.65045065
476,2024-08-19 09:30:00+02,-0.60290223
477,2024-08-19 10:00:00+02,-0.62704772
478,2024-08-19 10:30:00+02,-0.64005017
479,2024-08-19 11:00:00+02,-0.63652068
480,2024-08-19 11:30:00+02,-0.61720377
481,2024-08-19 12:00:00+02,-0.62779075
482,2024-08-19 12:30:00+02,-0.62537628
483,2024-08-19 13:00:00+02,-0.63577729
484,2024-08-19 13:30:00+02,-0.66159552
485,2024-08-19 14:00:00+02,-0.67274004
486,2024-08-19 14:30:00+02,-0.66493893
487,2024-08-19 15:00:00+02,-0.67812681
488,2024-08-19 15:30:00+02,-0.67348331
489,2024-08-19 16:00:00+02,-0.66271025
490,2024-08-19 16:30:00+02,-0.65100819
491,2024-08-19 17:00:00+02,-0.70357347
492,2024-08-19 17:30:00+02,-0.69948751
493,2024-08-19 18:00:00+02,-0.67552656
494,2024-08-19 18:30:00+02,-0.65453774
495,2024-08-19 19:00:00+02,-0.66716784
496,2024-08-19 19:30:00+02,-0.64506501
497,2024-08-19 20:00:00+02,-0.71416104
498,2024-08-19 20:30:00+02,-0.71063119
499,2024-08-19 21:00:00+02,-0.63243395
500,2024-08-19 21:30:00+02,-0.60680205
501,2024-08-19 22:00:00+02,-0.5514524
502,2024-08-19 22:30:00+02,-0.55498111
503,2024-08-19 23:00:00+02,-0.55238128
504,2024-08-19 23:30:00+02,-0.57299793
505,2024-08-20 00:00:00+02,-0.55442417
506,2024-08-20 00:30:00+02,-0.51319033
507,2024-08-20 01:00:00+02,-0.57689816
508,2024-08-20 01:30:00+02,-0.57299793
509,2024-08-20 02:00:00+02,-0.53789371
510,2024-08-20 02:30:00+02,-0.55962515
511,2024-08-20 03:00:00+02,-0.52396345
512,2024-08-20 03:30:00+02,-0.61051744
513,2024-08-20 04:00:00+02,-0.66289604
514,2024-08-20 04:30:00+02,-0.67329711
515,2024-08-20 05:00:00+02,-0.68945736
516,2024-08-20 05:30:00+02,-0.75576806
517,2024-08-20 06:00:00+02,-0.70023
518,2024-08-20 06:30:00+02,-0.63800645
519,2024-08-20 07:00:00+02,-0.74666697
520,2024-08-20 07:30:00+02,-0.77787203
521,2024-08-20 08:00:00+02,-0.79848969
522,2024-08-20 08:30:00+02,-0.79886091
523,2024-08-20 09:00:00+02,-0.7711848
524,2024-08-20 09:30:00+02,-0.76542693
525,2024-08-20 10:00:00+02,-0.65435177
526,2024-08-20 10:30:00+02,-0.63169128
527,2024-08-20 11:00:00+02,-0.65546638
528,2024-08-20 11:30:00+02,-0.62760508
529,2024-08-20 12:00:00+02,-0.63726366
530,2024-08-20 12:30:00+02,-0.64822239
531,2024-08-20 13:00:00+02,-0.6601097
532,2024-08-20 13:30:00+02,-0.70487404
533,2024-08-20 14:00:00+02,-0.77508545
534,2024-08-20 14:30:00+02,-0.83248186
535,2024-08-20 15:00:00+02,-0.70208764
536,2024-08-20 15:30:00+02,-0.71583259
537,2024-08-20 16:00:00+02,-0.73106337
538,2024-08-20 16:30:00+02,-0.76412618
539,2024-08-20 17:00:00+02,-0.81836468
540,2024-08-20 17:30:00+02,-0.79161721
541,2024-08-20 18:00:00+02,-0.79718912
542,2024-08-20 18:30:00+02,-0.66289604
543,2024-08-20 19:00:00+02,-0.71490443
544,2024-08-20 19:30:00+02,-0.77712834
545,2024-08-20 20:00:00+02,-0.79848969
546,2024-08-20 20:30:00+02,-0.78010052
547,2024-08-20 21:00:00+02,-0.80777699
548,2024-08-20 21:30:00+02,-0.7015304
549,2024-08-20 22:00:00+02,-0.61311728
550,2024-08-20 22:30:00+02,-0.5951007
551,2024-08-20 23:00:00+02,-0.59212917
552,2024-08-20 23:30:00+02,-0.59510106
553,2024-08-21 00:00:00+02,-0.59992969
554,2024-08-21 00:30:00+02,-0.61868912
555,2024-08-21 01:00:00+02,-0.63280624
556,2024-08-21 01:30:00+02,-0.65323752
557,2024-08-21 02:00:00+02,-0.74833804
558,2024-08-21 02:30:00+02,-0.7996037
559,2024-08-21 03:00:00+02,-0.77972913
560,2024-08-21 03:30:00+02,-0.76616937
561,2024-08-21 04:00:00+02,-0.74146533
562,2024-08-21 04:30:00+02,-0.7752713
563,2024-08-21 05:00:00+02,-0.72604889
564,2024-08-21 05:30:00+02,-0.75651097
565,2024-08-21 06:00:00+02,-0.75502515
566,2024-08-21 06:30:00+02,-0.75335318
567,2024-08-21 07:00:00+02,-0.72827786
568,2024-08-21 07:30:00+02,-0.7020877
569,2024-08-21 08:00:00+02,-0.72567677
570,2024-08-21 08:30:00+02,-0.69632941
571,2024-08-21 09:00:00+02,-0.70803094
572,2024-08-21 09:30:00+02,-0.8412115
573,2024-08-21 10:00:00+02,-0.68815732
574,2024-08-21 10:30:00+02,-0.65026587
575,2024-08-21 11:00:00+02,-0.61144561
576,2024-08-21 11:30:00+02,-0.57448339
577,2024-08-21 12:00:00+02,-0.58209926
578,2024-08-21 12:30:00+02,-0.62073267
579,2024-08-21 13:00:00+02,-0.61571789
580,2024-08-21 13:30:00+02,-0.6433931
581,2024-08-21 14:00:00+02,-0.67645532
582,2024-08-21 14:30:00+02,-0.48960212
583,2024-08-21 15:00:00+02,-0.67496914
584,2024-08-21 15:30:00+02,-0.60995966
585,2024-08-21 16:00:00+02,-0.64190698
586,2024-08-21 16:30:00+02,-0.55033785
587,2024-08-21 17:00:00+02,-0.58061266
588,2024-08-21 17:30:00+02,-0.77081352
589,2024-08-21 18:00:00+02,-0.77099901
590,2024-08-21 18:30:00+02,-0.67255419
591,2024-08-21 19:00:00+02,-0.69112891
592,2024-08-21 19:30:00+02,-0.649894
593,2024-08-21 20:00:00+02,-0.70821726
594,2024-08-21 20:30:00+02,-0.64877945
595,2024-08-21 21:00:00+02,-0.72549158
596,2024-08-21 21:30:00+02,-0.69837254
597,2024-08-21 22:00:00+02,-0.64487916
598,2024-08-21 22:30:00+02,-0.67404038
599,2024-08-21 23:00:00+02,-0.62909102
600,2024-08-21 23:30:00+02,-0.6628958
601,2024-08-22 00:00:00+02,-0.6684683
602,2024-08-22 00:30:00+02,-0.66066724
603,2024-08-22 01:00:00+02,-0.64395028
604,2024-08-22 01:30:00+02,-0.68797106
605,2024-08-22 02:00:00+02,-0.61274594
606,2024-08-22 02:30:00+02,-0.67756969
607,2024-08-22 03:00:00+02,-0.77025735
608,2024-08-22 03:30:00+02,-0.90269899
609,2024-08-22 04:00:00+02,-0.79347557
610,2024-08-22 04:30:00+02,-0.75892591
611,2024-08-22 05:00:00+02,-0.68165565
612,2024-08-22 05:30:00+02,-0.65453762
613,2024-08-22 06:00:00+02,-0.64413625
614,2024-08-22 06:30:00+02,-0.63875002
615,2024-08-22 07:00:00+02,-0.65843815
616,2024-08-22 07:30:00+02,-0.65045166
617,2024-08-22 08:00:00+02,-0.62890512
618,2024-08-22 08:30:00+02,-0.6485936
619,2024-08-22 09:00:00+02,-0.64877963
620,2024-08-22 09:30:00+02,-0.63484889
621,2024-08-22 10:00:00+02,-0.67664063
622,2024-08-22 10:30:00+02,-0.67236894
623,2024-08-22 11:00:00+02,-0.6597383
624,2024-08-22 11:30:00+02,-0.63893527
625,2024-08-22 12:00:00+02,-0.64599341
626,2024-08-22 12:30:00+02,-0.61701763
627,2024-08-22 13:00:00+02,-0.65973794
628,2024-08-22 13:30:00+02,-0.66512477
629,2024-08-22 14:00:00+02,-0.69725806
630,2024-08-22 14:30:00+02,-0.69818711
631,2024-08-22 15:00:00+02,-0.66791099
632,2024-08-22 15:30:00+02,-0.69762963
633,2024-08-22 16:00:00+02,-0.68815649
634,2024-08-22 16:30:00+02,-0.66419601
635,2024-08-22 17:00:00+02,-0.66048145
636,2024-08-22 17:30:00+02,-0.7459234
637,2024-08-22 18:30:00+02,-0.73812175
638,2024-08-22 19:00:00+02,-0.7659837
639,2024-08-22 19:30:00+02,-0.76264137
640,2024-08-22 20:00:00+02,-0.74313706
641,2024-08-22 20:30:00+02,-0.66029531
642,2024-08-22 21:00:00+02,-0.6684683
643,2024-08-22 21:30:00+02,-0.69465804
644,2024-08-22 22:00:00+02,-0.76171154
645,2024-08-22 22:30:00+02,-0.8843047
646,2024-08-22 23:00:00+02,-0.86090076
647,2024-08-22 23:30:00+02,-0.83136708
648,2024-08-23 00:00:00+02,-0.8313669
649,2024-08-23 00:30:00+02,-0.85328555
650,2024-08-23 01:00:00+02,-0.79997545
651,2024-08-23 01:30:00+02,-0.83916861
652,2024-08-23 02:00:00+02,-0.84734142
653,2024-08-23 02:30:00+02,-0.84306902
654,2024-08-23 03:00:00+02,-0.81297803
655,2024-08-23 03:30:00+02,-0.83210963
656,2024-08-23 04:00:00+02,-0.78790206
657,2024-08-23 04:30:00+02,-0.7570681
658,2024-08-23 05:00:00+02,-0.69707227
659,2024-08-23 05:30:00+02,-0.64265001
660,2024-08-23 06:00:00+02,-0.65843827
661,2024-08-23 06:30:00+02,-0.77007008
662,2024-08-23 07:00:00+02,-0.82468194
663,2024-08-23 07:30:00+02,-0.76375496
664,2024-08-23 08:00:00+02,-0.73347837
665,2024-08-23 08:30:00+02,-0.76189733
666,2024-08-23 09:00:00+02,-0.69632977
667,2024-08-23 09:30:00+02,-0.76468313
668,2024-08-23 10:00:00+02,-0.7338497
669,2024-08-23 10:30:00+02,-0.7262342
670,2024-08-23 11:00:00+02,-0.75391036
671,2024-08-23 11:30:00+02,-0.78232992
672,2024-08-23 12:00:00+02,-0.74350864
673,2024-08-23 12:30:00+02,-0.73979372
674,2024-08-23 13:00:00+02,-0.74722368
675,2024-08-23 13:30:00+02,-0.76617008
676,2024-08-23 14:00:00+02,-0.77917176
677,2024-08-23 14:30:00+02,-0.74016523
678,2024-08-23 15:00:00+02,-0.77174222
679,2024-08-23 15:30:00+02,-0.72307634
680,2024-08-23 16:00:00+02,-0.73533577
681,2024-08-23 16:30:00+02,-0.80406159
682,2024-08-23 17:00:00+02,-0.79328871
683,2024-08-23 17:30:00+02,-0.79811776
684,2024-08-23 18:00:00+02,-0.79291689
685,2024-08-23 18:30:00+02,-0.7266053
686,2024-08-23 19:00:00+02,-0.7618975
687,2024-08-23 19:30:00+02,-0.78214329
688,2024-08-23 20:00:00+02,-0.78084373
689,2024-08-23 20:30:00+02,-0.76003981
690,2024-08-23 21:00:00+02,-0.74926656
691,2024-08-23 21:30:00+02,-0.64302123
692,2024-08-23 22:00:00+02,-0.72084737
693,2024-08-23 22:30:00+02,-0.73644996
694,2024-08-23 23:00:00+02,-0.73607844
695,2024-08-23 23:30:00+02,-0.72809166
696,2024-08-24 00:00:00+02,-0.73106343
697,2024-08-24 00:30:00+02,-0.74090785
698,2024-08-24 01:00:00+02,-0.78381509
699,2024-08-24 01:30:00+02,-0.74722326
700,2024-08-24 02:00:00+02,-0.75000966
701,2024-08-24 02:30:00+02,-0.76041144
702,2024-08-24 03:00:00+02,-0.88412046
703,2024-08-24 03:30:00+02,-0.81186348
704,2024-08-24 04:00:00+02,-0.73997957
705,2024-08-24 04:30:00+02,-0.65769553
706,2024-08-24 05:00:00+02,-0.62871945
707,2024-08-24 05:30:00+02,-0.6550948
708,2024-08-24 06:00:00+02,-0.69632953
709,2024-08-24 06:30:00+02,-0.70858836
710,2024-08-24 07:00:00+02,-0.69911581
711,2024-08-24 07:30:00+02,-0.69632995
712,2024-08-24 08:00:00+02,-0.70821774
713,2024-08-24 08:30:00+02,-0.7123034
714,2024-08-24 09:00:00+02,-0.66846794
715,2024-08-24 09:30:00+02,-0.67255443
716,2024-08-24 10:00:00+02,-0.69892997
717,2024-08-24 10:30:00+02,-0.71453226
718,2024-08-24 11:00:00+02,-0.72103292
719,2024-08-24 11:30:00+02,-0.70896024
720,2024-08-24 12:00:00+02,-0.67608351
721,2024-08-24 12:30:00+02,-0.67719781
722,2024-08-24 13:00:00+02,-0.69985878
723,2024-08-24 13:30:00+02,-0.72159034
724,2024-08-24 14:00:00+02,-0.68778503
725,2024-08-24 14:30:00+02,-0.71044558
726,2024-08-24 15:00:00+02,-0.70431691
727,2024-08-24 15:30:00+02,-0.74703741
728,2024-08-24 16:00:00+02,-0.51523387
729,2024-08-24 16:30:00+02,-0.44075435
730,2024-08-24 17:00:00+02,-0.49238819
731,2024-08-24 17:30:00+02,-0.64172149
732,2024-08-24 18:00:00+02,-0.66401017
733,2024-08-24 18:30:00+02,-0.71434665
734,2024-08-24 19:00:00+02,-0.74815232
735,2024-08-24 19:30:00+02,-0.7258628
736,2024-08-24 20:00:00+02,-0.74610895
737,2024-08-24 20:30:00+02,-0.74090767
738,2024-08-24 21:00:00+02,-0.73793602
739,2024-08-24 21:30:00+02,-0.69242901
740,2024-08-24 22:00:00+02,-0.7078464
741,2024-08-24 22:30:00+02,-0.73867923
742,2024-08-24 23:00:00+02,-0.70134467
743,2024-08-24 23:30:00+02,-0.72084761
744,2024-08-25 00:00:00+02,-0.63429219
745,2024-08-25 00:30:00+02,-0.70840293
746,2024-08-25 01:00:00+02,-0.67218298
747,2024-08-25 01:30:00+02,-0.64952266
748,2024-08-25 02:00:00+02,-0.68369925
749,2024-08-25 02:30:00+02,-0.62110418
750,2024-08-25 03:00:00+02,-0.58841449
751,2024-08-25 03:30:00+02,-0.64004987
752,2024-08-25 04:00:00+02,-0.67441237
753,2024-08-25 04:30:00+02,-0.67608315
754,2024-08-25 05:00:00+02,-0.70765978
755,2024-08-25 05:30:00+02,-0.68927109
756,2024-08-25 06:00:00+02,-0.70208764
757,2024-08-25 06:30:00+02,-0.72902024
758,2024-08-25 07:00:00+02,-0.64357871
759,2024-08-25 07:30:00+02,-0.56482542
760,2024-08-25 08:00:00+02,-0.60364479
761,2024-08-25 08:30:00+02,-0.74796599
762,2024-08-25 09:00:00+02,-0.75391012
763,2024-08-25 09:30:00+02,-0.73812205
764,2024-08-25 10:00:00+02,-0.71713263
765,2024-08-25 10:30:00+02,-0.71991909
766,2024-08-25 11:00:00+02,-0.69837284
767,2024-08-25 11:30:00+02,-0.6849997
768,2024-08-25 12:00:00+02,-0.77694285
769,2024-08-25 12:30:00+02,-0.66753942
770,2024-08-25 13:00:00+02,-0.69094288
771,2024-08-25 13:30:00+02,-0.70580238
772,2024-08-25 14:00:00+02,-0.68555629
773,2024-08-25 14:30:00+02,-0.61441737
774,2024-08-25 15:00:00+02,-0.59157193
775,2024-08-25 15:30:00+02,-0.62351865
776,2024-08-25 16:00:00+02,-0.70208764
777,2024-08-25 16:30:00+02,-0.67422611
778,2024-08-25 17:00:00+02,-0.67589766
779,2024-08-25 17:30:00+02,-0.6786834
780,2024-08-25 18:00:00+02,-0.6452502
781,2024-08-25 18:30:00+02,-0.72809654
782,2024-08-25 19:00:00+02,-0.69985873
783,2024-08-25 19:30:00+02,-0.71378946
784,2024-08-25 20:00:00+02,-0.68722814
785,2024-08-25 20:30:00+02,-0.76524031
786,2024-08-25 21:00:00+02,-0.88077623
787,2024-08-25 21:30:00+02,-0.83842611
788,2024-08-25 22:00:00+02,-0.89749396
789,2024-08-25 22:30:00+02,-0.89062124
790,2024-08-25 23:00:00+02,-1.0369961
791,2024-08-25 23:30:00+02,-0.91495496
792,2024-08-26 00:00:00+02,-0.89136392
793,2024-08-26 00:30:00+02,-0.82895207
794,2024-08-26 01:00:00+02,-0.87761831
795,2024-08-26 01:30:00+02,-0.8867209
796,2024-08-26 02:00:00+02,-0.91253978
797,2024-08-26 02:30:00+02,-0.85291409
798,2024-08-26 03:00:00+02,-0.77750027
799,2024-08-26 03:30:00+02,-0.72251904
800,2024-08-26 04:00:00+02,-0.74518073
801,2024-08-26 04:30:00+02,-0.74313706
802,2024-08-26 05:00:00+02,-0.75465298
803,2024-08-26 05:30:00+02,-0.78864497
804,2024-08-26 06:00:00+02,-0.79514599
805,2024-08-26 06:30:00+02,-0.79830372
806,2024-08-26 07:00:00+02,-0.80982012
807,2024-08-26 07:30:00+02,-0.8038761
808,2024-08-26 08:00:00+02,-0.90771049
809,2024-08-26 08:30:00+02,-1.0148917
810,2024-08-26 09:00:00+02,-0.99371445
811,2024-08-26 09:30:00+02,-0.95229173
812,2024-08-26 10:00:00+02,-0.93743056
813,2024-08-26 10:30:00+02,-0.85681462
814,2024-08-26 11:00:00+02,-0.81037772
815,2024-08-26 11:30:00+02,-0.75316733
816,2024-08-26 12:00:00+02,-0.71991909
817,2024-08-26 12:30:00+02,-0.65026546
818,2024-08-26 13:00:00+02,-0.67849815
819,2024-08-26 13:30:00+02,-0.69725806
820,2024-08-26 14:00:00+02,-0.69614387
821,2024-08-26 14:30:00+02,-0.61441761
822,2024-08-26 15:00:00+02,-0.69112861
823,2024-08-26 15:30:00+02,-0.78047192
824,2024-08-26 16:00:00+02,-0.74666643
825,2024-08-26 16:30:00+02,-0.69224298
826,2024-08-26 17:00:00+02,-0.57225513
827,2024-08-26 17:30:00+02,-0.62389034
828,2024-08-26 18:00:00+02,-0.60290182
829,2024-08-26 18:30:00+02,-0.62630504
830,2024-08-26 19:00:00+02,-0.63652062
831,2024-08-26 19:30:00+02,-0.61218899
832,2024-08-26 20:00:00+02,-0.57634109
833,2024-08-26 20:30:00+02,-0.54588002
834,2024-08-26 21:00:00+02,-0.53399301
835,2024-08-26 21:30:00+02,-0.6123746
836,2024-08-26 22:00:00+02,-0.58525622
837,2024-08-26 22:30:00+02,-0.60420191
838,2024-08-26 23:00:00+02,-0.56984007
839,2024-08-26 23:30:00+02,-0.63317716
840,2024-08-27 00:00:00+02,-0.64636499
841,2024-08-27 00:30:00+02,-0.65007967
842,2024-08-27 01:00:00+02,-0.6118173
843,2024-08-27 01:30:00+02,-0.65918094
844,2024-08-27 02:00:00+02,-0.57262659
845,2024-08-27 02:30:00+02,-0.56668282
846,2024-08-27 03:00:00+02,-0.58655655
847,2024-08-27 03:30:00+02,-0.62556219
848,2024-08-27 04:00:00+02,-0.62649065
849,2024-08-27 04:30:00+02,-0.65212315
850,2024-08-27 05:00:00+02,-0.68852836
851,2024-08-27 05:30:00+02,-0.61218894
852,2024-08-27 06:00:00+02,-0.5898999
853,2024-08-27 06:30:00+02,-0.59138602
854,2024-08-27 07:00:00+02,-0.45301297
855,2024-08-27 07:30:00+02,-0.4572846
856,2024-08-27 08:00:00+02,-0.49573299
857,2024-08-27 08:30:00+02,-0.51542008
858,2024-08-27 09:00:00+02,-0.50186151
859,2024-08-27 09:30:00+02,-0.46545896
860,2024-08-27 10:00:00+02,-0.42626867
861,2024-08-27 10:30:00+02,-0.42868575
862,2024-08-27 11:00:00+02,-0.5033505
863,2024-08-27 11:30:00+02,-0.39673835
864,2024-08-27 12:00:00+02,-0.4953638
865,2024-08-27 12:30:00+02,-0.61274648
866,2024-08-27 13:00:00+02,-0.55591118
867,2024-08-27 13:30:00+02,-0.65156657
868,2024-08-27 14:00:00+02,-0.67924285
869,2024-08-27 14:30:00+02,-0.74982566
870,2024-08-27 15:00:00+02,-0.57318461
871,2024-08-27 15:30:00+02,-0.54940963
872,2024-08-27 16:00:00+02,-0.47288698
873,2024-08-27 16:30:00+02,-0.48867399
874,2024-08-27 17:00:00+02,-0.46601456
875,2024-08-27 17:30:00+02,-0.38633466
876,2024-08-27 18:00:00+02,-0.47010037
877,2024-08-27 18:30:00+02,-0.5209918
878,2024-08-27 19:00:00+02,-0.53362226
879,2024-08-27 19:30:00+02,-0.60253078
880,2024-08-27 20:00:00+02,-0.578385
881,2024-08-27 20:30:00+02,-0.61980391
882,2024-08-27 21:00:00+02,-0.62964869
883,2024-08-27 21:30:00+02,-0.60587382
884,2024-08-27 22:00:00+02,-0.58079863
885,2024-08-27 22:30:00+02,-0.54718035
886,2024-08-27 23:00:00+02,-0.56092501
887,2024-08-27 23:30:00+02,-0.58005589
888,2024-08-28 00:00:00+02,-0.60958833
889,2024-08-28 00:30:00+02,-0.62036133
890,2024-08-28 01:00:00+02,-0.62500483
891,2024-08-28 01:30:00+02,-0.61868972
892,2024-08-28 02:00:00+02,-0.6237042
893,2024-08-28 02:30:00+02,-0.62574792
894,2024-08-28 03:00:00+02,-0.70505977
895,2024-08-28 03:30:00+02,-0.72530556
896,2024-08-28 04:00:00+02,-0.68778563
897,2024-08-28 04:30:00+02,-0.66382432
898,2024-08-28 05:00:00+02,-0.60568804
899,2024-08-28 05:30:00+02,-0.59751511
900,2024-08-28 06:00:00+02,-0.61274594
901,2024-08-28 06:30:00+02,-0.59231448
902,2024-08-28 07:00:00+02,-0.56073928
903,2024-08-28 07:30:00+02,-0.57206929
904,2024-08-28 08:00:00+02,-0.55330968
905,2024-08-28 08:30:00+02,-0.59937251
906,2024-08-28 09:00:00+02,-0.58228481
907,2024-08-28 09:30:00+02,-0.54272276
908,2024-08-28 10:00:00+02,-0.58599949
909,2024-08-28 10:30:00+02,-0.58414233
910,2024-08-28 11:00:00+02,-0.63577771
911,2024-08-28 11:30:00+02,-0.61478901
912,2024-08-28 12:00:00+02,-0.64692199
913,2024-08-28 12:30:00+02,-0.66493946
914,2024-08-28 13:00:00+02,-0.67422569
915,2024-08-28 13:30:00+02,-0.68629932
916,2024-08-28 14:00:00+02,-0.69577253
917,2024-08-28 14:30:00+02,-0.69001424
918,2024-08-28 15:00:00+02,-0.67775571
919,2024-08-28 15:30:00+02,-0.68518484
920,2024-08-28 16:00:00+02,-0.70097286
921,2024-08-28 16:30:00+02,-0.67329741
922,2024-08-28 17:00:00+02,-0.61386013
923,2024-08-28 17:30:00+02,-0.60698783
924,2024-08-28 18:00:00+02,-0.6140458
925,2024-08-28 18:30:00+02,-0.60067272
926,2024-08-28 19:00:00+02,-0.59120011
927,2024-08-28 19:30:00+02,-0.55368161
928,2024-08-28 20:00:00+02,-0.62017572
929,2024-08-28 20:30:00+02,-0.60735935
930,2024-08-28 21:00:00+02,-0.64636505
931,2024-08-28 21:30:00+02,-0.56612545
932,2024-08-28 22:00:00+02,-0.54495126
933,2024-08-28 22:30:00+02,-0.58859986
934,2024-08-28 23:00:00+02,-0.56835413
935,2024-08-28 23:30:00+02,-0.56055361
936,2024-08-29 00:00:00+02,-0.59547204
937,2024-08-29 00:30:00+02,-0.59714389
938,2024-08-29 01:00:00+02,-0.62351912
939,2024-08-29 01:30:00+02,-0.63837814
940,2024-08-29 02:00:00+02,-0.63577771
941,2024-08-29 02:30:00+02,-0.68815744
942,2024-08-29 03:00:00+02,-0.62426156
943,2024-08-29 03:30:00+02,-0.55442405
944,2024-08-29 04:00:00+02,-0.54420859
945,2024-08-29 04:30:00+02,-0.57411242
946,2024-08-29 05:00:00+02,-0.63522041
947,2024-08-29 05:30:00+02,-0.44595522
948,2024-08-29 06:00:00+02,-0.41642311
949,2024-08-29 06:30:00+02,-0.61738932
950,2024-08-29 07:00:00+02,-0.56296808
951,2024-08-29 07:30:00+02,-0.6235193
952,2024-08-29 08:00:00+02,-0.59157175
953,2024-08-29 08:30:00+02,-0.57225484
954,2024-08-29 09:00:00+02,-0.507433
955,2024-08-29 09:30:00+02,-0.52303433
956,2024-08-29 10:00:00+02,-0.52842081
957,2024-08-29 10:30:00+02,-0.56371099
958,2024-08-29 11:00:00+02,-0.55590981
959,2024-08-29 11:30:00+02,-0.54458004
960,2024-08-29 12:00:00+02,-0.48681629
961,2024-08-29 12:30:00+02,-0.45356986
962,2024-08-29 13:00:00+02,-0.44688332
963,2024-08-29 13:30:00+02,-0.49666032
964,2024-08-29 14:00:00+02,-0.48217285
965,2024-08-29 14:30:00+02,-0.46954277
966,2024-08-29 15:00:00+02,-0.48700216
967,2024-08-29 15:30:00+02,-0.48755914
968,2024-08-29 16:00:00+02,-0.46267095
969,2024-08-29 16:30:00+02,-0.46749976
970,2024-08-29 17:00:00+02,-0.46657166
971,2024-08-29 17:30:00+02,-0.46341348
972,2024-08-29 18:00:00+02,-0.41196576
973,2024-08-29 18:30:00+02,-0.37370482
974,2024-08-29 19:00:00+02,-0.37946281
975,2024-08-29 19:30:00+02,-0.43982565
976,2024-08-29 20:00:00+02,-0.47511479
977,2024-08-29 20:30:00+02,-0.51374793
978,2024-08-29 21:00:00+02,-0.51337653
979,2024-08-29 21:30:00+02,-0.5065043
980,2024-08-29 22:00:00+02,-0.4771584
981,2024-08-29 22:30:00+02,-0.48774481
982,2024-08-29 23:00:00+02,-0.49443123
983,2024-08-29 23:30:00+02,-0.46062756
984,2024-08-30 00:00:00+02,-0.49498853
985,2024-08-30 00:30:00+02,-0.47028598
986,2024-08-30 01:00:00+02,-0.48365864
987,2024-08-30 01:30:00+02,-0.47920117
988,2024-08-30 02:00:00+02,-0.51356214
989,2024-08-30 02:30:00+02,-0.52303457
990,2024-08-30 03:00:00+02,-0.46824285
991,2024-08-30 03:30:00+02,-0.4912737
992,2024-08-30 04:00:00+02,-0.47920081
993,2024-08-30 04:30:00+02,-0.48495901
994,2024-08-30 05:00:00+02,-0.46378517
995,2024-08-30 05:30:00+02,-0.51374805
996,2024-08-30 06:00:00+02,-0.56445414
997,2024-08-30 06:30:00+02,-0.67051142
998,2024-08-30 07:00:00+02,-0.7210331
999,2024-08-30 07:30:00+02,-0.71806127
1000,2024-08-30 08:00:00+02,-0.67719829
1001,2024-08-30 08:30:00+02,-0.72920591
1002,2024-08-30 09:00:00+02,-0.753353
1003,2024-08-30 09:30:00+02,-0.74109417
1004,2024-08-30 10:00:00+02,-0.72679144
1005,2024-08-30 10:30:00+02,-0.6928007
1006,2024-08-30 11:00:00+02,-0.68128431
1007,2024-08-30 11:30:00+02,-0.70023
1008,2024-08-30 12:00:00+02,-0.65583771
1009,2024-08-30 12:30:00+02,-0.64599365
1010,2024-08-30 13:00:00+02,-0.65750927
1011,2024-08-30 13:30:00+02,-0.66791117
1012,2024-08-30 14:00:00+02,-0.6485936
1013,2024-08-30 14:30:00+02,-0.62129003
1014,2024-08-30 15:00:00+02,-0.62630516
1015,2024-08-30 15:30:00+02,-0.62370473
1016,2024-08-30 16:00:00+02,-0.61423165
1017,2024-08-30 16:30:00+02,-0.6248191
1018,2024-08-30 17:00:00+02,-0.64190727
1019,2024-08-30 17:30:00+02,-0.62277609
1020,2024-08-30 18:00:00+02,-0.63744885
1021,2024-08-30 18:30:00+02,-0.62537593
1022,2024-08-30 19:00:00+02,-0.64357877
1023,2024-08-30 19:30:00+02,-0.65453768
1024,2024-08-30 20:00:00+02,-0.6290915
1025,2024-08-30 20:30:00+02,-0.74369413
1026,2024-08-30 21:00:00+02,-0.76691222
1027,2024-08-30 21:30:00+02,-0.71304637
1028,2024-08-30 22:00:00+02,-0.68147004
1029,2024-08-30 22:30:00+02,-0.69558632
1030,2024-08-30 23:00:00+02,-0.7407223
1031,2024-08-30 23:30:00+02,-0.69967246
1032,2024-08-31 00:00:00+02,-0.70450181
1033,2024-08-31 00:30:00+02,-0.75186658
1034,2024-08-31 01:00:00+02,-0.73775035
1035,2024-08-31 01:30:00+02,-0.74889511
1036,2024-08-31 02:00:00+02,-0.69930094
1037,2024-08-31 02:30:00+02,-0.67626899
1038,2024-08-31 03:00:00+02,-0.68202698
1039,2024-08-31 03:30:00+02,-0.64877939
1040,2024-08-31 04:00:00+02,-0.64766467
1041,2024-08-31 04:30:00+02,-0.67088324
1042,2024-08-31 05:00:00+02,-0.63002002
1043,2024-08-31 05:30:00+02,-0.62741959
1044,2024-08-31 06:00:00+02,-0.6272341
1045,2024-08-31 06:30:00+02,-0.63169152
1046,2024-08-31 07:00:00+02,-0.63150573
1047,2024-08-31 07:30:00+02,-0.6133033
1048,2024-08-31 08:00:00+02,-0.61571765
1049,2024-08-31 08:30:00+02,-0.63429177
1050,2024-08-31 09:00:00+02,-0.6383779
1051,2024-08-31 09:30:00+02,-0.67478359
1052,2024-08-31 10:00:00+02,-0.67329746
1053,2024-08-31 10:30:00+02,-0.69744396
1054,2024-08-31 11:00:00+02,-0.67812711
1055,2024-08-31 11:30:00+02,-0.6736685
1056,2024-08-31 12:00:00+02,-0.73552144
1057,2024-08-31 12:30:00+02,-0.6955868
1058,2024-08-31 13:00:00+02,-0.71007413
1059,2024-08-31 13:30:00+02,-0.79198837
1060,2024-08-31 14:00:00+02,-0.71731883
1061,2024-08-31 14:30:00+02,-0.67478263
1062,2024-08-31 15:00:00+02,-0.63763541
1063,2024-08-31 15:30:00+02,-0.6155318
1064,2024-08-31 16:00:00+02,-0.61813247
1065,2024-08-31 16:30:00+02,-0.66122431
1066,2024-08-31 17:00:00+02,-0.70190144
1067,2024-08-31 17:30:00+02,-0.67311174
1068,2024-08-31 18:00:00+02,-0.67255414
1069,2024-08-31 18:30:00+02,-0.60680211
1070,2024-08-31 19:00:00+02,-0.56835431
1071,2024-08-31 19:30:00+02,-0.56482542
1072,2024-08-31 20:00:00+02,-0.67478371
1073,2024-08-31 20:30:00+02,-0.62723362
1074,2024-08-31 21:00:00+02,-0.70561731
1075,2024-08-31 21:30:00+02,-0.69632995
1076,2024-08-31 22:00:00+02,-0.68964267
1077,2024-08-31 22:30:00+02,-0.70283031
1078,2024-08-31 23:00:00+02,-0.67106831
1079,2024-08-31 23:30:00+02,-0.76691252
1080,2024-09-01 00:00:00+02,-0.83080953
1081,2024-09-01 00:30:00+02,-0.75613976
1082,2024-09-01 01:00:00+02,-0.74387962
1083,2024-09-01 01:30:00+02,-0.67441231
1084,2024-09-01 02:00:00+02,-0.67794091
1085,2024-09-01 02:30:00+02,-0.67051166
1086,2024-09-01 03:00:00+02,-0.71527559
1087,2024-09-01 03:30:00+02,-0.68964303
1088,2024-09-01 04:00:00+02,-0.70710295
1089,2024-09-01 04:30:00+02,-0.72363377
1090,2024-09-01 05:00:00+02,-0.68592769
1091,2024-09-01 05:30:00+02,-0.66735375
1092,2024-09-01 06:00:00+02,-0.61144561
1093,2024-09-01 06:30:00+02,-0.62147599
1094,2024-09-01 07:00:00+02,-0.62686235
1095,2024-09-01 07:30:00+02,-0.65658057
1096,2024-09-01 08:00:00+02,-0.63577712
1097,2024-09-01 08:30:00+02,-0.65360862
1098,2024-09-01 09:00:00+02,-0.68462783
1099,2024-09-01 09:30:00+02,-0.66456735
1100,2024-09-01 10:00:00+02,-0.71230316
1101,2024-09-01 10:30:00+02,-0.71991855
1102,2024-09-01 11:00:00+02,-0.70598799
1103,2024-09-01 11:30:00+02,-0.68537104
1104,2024-09-01 12:00:00+02,-0.70635992
1105,2024-09-01 13:30:00+02,-0.82245129
1106,2024-09-01 14:00:00+02,-0.78753006
1107,2024-09-01 14:30:00+02,-0.72939217
1108,2024-09-01 15:00:00+02,-0.6758979
1109,2024-09-01 15:30:00+02,-0.66605353
1110,2024-09-01 16:00:00+02,-0.6842562
1111,2024-09-01 16:30:00+02,-0.65750903
1112,2024-09-01 17:00:00+02,-0.51356226
1113,2024-09-01 17:30:00+02,-0.5144909
1114,2024-09-01 18:00:00+02,-0.53176427
1115,2024-09-01 18:30:00+02,-0.50093204
1116,2024-09-01 19:00:00+02,-0.50631833
1117,2024-09-01 19:30:00+02,-0.52117729
1118,2024-09-01 20:00:00+02,-0.70450211
1119,2024-09-01 20:30:00+02,-0.69502938
1120,2024-09-01 21:00:00+02,-0.72066182
1121,2024-09-01 21:30:00+02,-0.74982417
1122,2024-09-01 22:00:00+02,-0.75112367
1123,2024-09-01 22:30:00+02,-0.74555171
1124,2024-09-01 23:00:00+02,-0.75130993
1125,2024-09-02 00:30:00+02,-0.82263666
1126,2024-09-02 01:00:00+02,-0.83842558
1127,2024-09-02 01:30:00+02,-0.8811484
1128,2024-09-02 02:00:00+02,-0.77025598
1129,2024-09-02 02:30:00+02,-0.7435084
1130,2024-09-02 03:00:00+02,-0.65416586
1131,2024-09-02 03:30:00+02,-0.62054694
1132,2024-09-02 04:00:00+02,-0.63874954
1133,2024-09-02 04:30:00+02,-0.65490896
1134,2024-09-02 05:00:00+02,-0.65788108
1135,2024-09-02 05:30:00+02,-0.75353891
1136,2024-09-02 06:00:00+02,-0.7384938
1137,2024-09-02 06:30:00+02,-0.72939217
1138,2024-09-02 07:00:00+02,-0.70673126
1139,2024-09-02 07:30:00+02,-0.68982846
1140,2024-09-02 08:00:00+02,-0.66011012
1141,2024-09-02 08:30:00+02,-0.6638245
1142,2024-09-02 09:00:00+02,-0.68184131
1143,2024-09-02 09:30:00+02,-0.65936679
1144,2024-09-02 10:00:00+02,-0.67812663
1145,2024-09-02 10:30:00+02,-0.68351334
1146,2024-09-02 11:00:00+02,-0.68202746
1147,2024-09-02 11:30:00+02,-0.68481356
1148,2024-09-02 12:00:00+02,-0.70431632
1149,2024-09-02 12:30:00+02,-0.70487362
1150,2024-09-02 13:00:00+02,-0.71583265
1151,2024-09-02 13:30:00+02,-0.73626459
1152,2024-09-02 14:00:00+02,-0.78140086
1153,2024-09-02 14:30:00+02,-0.85532898
1154,2024-09-02 15:00:00+02,-0.77768558
1155,2024-09-02 15:30:00+02,-0.7500093
1156,2024-09-02 16:00:00+02,-0.69911528
1157,2024-09-02 16:30:00+02,-0.66196728
1158,2024-09-02 17:00:00+02,-0.65045136
1159,2024-09-02 17:30:00+02,-0.6563949
1160,2024-09-02 18:00:00+02,-0.6641959
1161,2024-09-02 18:30:00+02,-0.68444186
1162,2024-09-02 19:00:00+02,-0.72939163
1163,2024-09-02 19:30:00+02,-0.67236871
1164,2024-09-02 20:00:00+02,-0.63633507
1165,2024-09-02 20:30:00+02,-0.65453738
1166,2024-09-02 21:00:00+02,-0.65806657
1167,2024-09-02 21:30:00+02,-0.64952213
1168,2024-09-02 22:00:00+02,-0.66178149
1169,2024-09-02 22:30:00+02,-0.63707751
1170,2024-09-02 23:00:00+02,-0.68927133
1171,2024-09-02 23:30:00+02,-0.67794102
1172,2024-09-03 00:00:00+02,-0.67478335
1173,2024-09-03 00:30:00+02,-0.66271031
1174,2024-09-03 01:00:00+02,-0.67311144
1175,2024-09-03 01:30:00+02,-0.71100312
1176,2024-09-03 02:00:00+02,-0.68797082
1177,2024-09-03 02:30:00+02,-0.6745975
1178,2024-09-03 03:00:00+02,-0.76245487
1179,2024-09-03 03:30:00+02,-0.78957325
1180,2024-09-03 04:00:00+02,-0.84901297
1181,2024-09-03 04:30:00+02,-0.80963445
1182,2024-09-03 05:00:00+02,-0.75613958
1183,2024-09-03 05:30:00+02,-0.82895273
1184,2024-09-03 06:00:00+02,-0.88189161
1185,2024-09-03 06:30:00+02,-0.86498886
1186,2024-09-03 07:00:00+02,-0.83229578
1187,2024-09-03 07:30:00+02,-0.78845924
1188,2024-09-03 08:00:00+02,-0.77099949
1189,2024-09-03 08:30:00+02,-0.8315528
1190,2024-09-03 09:00:00+02,-0.85495752
1191,2024-09-03 09:30:00+02,-0.79886132
1192,2024-09-03 10:00:00+02,-0.75688231
1193,2024-09-03 10:30:00+02,-0.78474462
1194,2024-09-03 11:00:00+02,-0.76208341
1195,2024-09-03 11:30:00+02,-0.71694738
1196,2024-09-03 12:00:00+02,-0.72604829
1197,2024-09-03 12:30:00+02,-0.6993016
1198,2024-09-03 13:00:00+02,-0.73329294
1199,2024-09-03 13:30:00+02,-0.87650406
1200,2024-09-03 14:00:00+02,-0.83489656
1201,2024-09-03 14:30:00+02,-0.69948697
1202,2024-09-03 15:00:00+02,-0.78103149
1203,2024-09-03 15:30:00+02,-0.71824712
1204,2024-09-03 16:00:00+02,-0.7193619
1205,2024-09-03 16:30:00+02,-0.71397519
1206,2024-09-03 17:00:00+02,-0.67924136
1207,2024-09-03 17:30:00+02,-0.64710742
1208,2024-09-03 18:00:00+02,-0.69168544
1209,2024-09-03 18:30:00+02,-0.75743991
1210,2024-09-03 19:00:00+02,-0.65565288
1211,2024-09-03 19:30:00+02,-0.66178125
1212,2024-09-03 20:00:00+02,-0.75279552
1213,2024-09-03 20:30:00+02,-0.69205779
1214,2024-09-03 21:00:00+02,-0.6660533
1215,2024-09-03 21:30:00+02,-0.47697231
1216,2024-09-03 22:00:00+02,-0.427196
1217,2024-09-03 22:30:00+02,-0.45524138
1218,2024-09-03 23:00:00+02,-0.5984441
1219,2024-09-03 23:30:00+02,-0.65620887
1220,2024-09-04 00:00:00+02,-0.65249425
1221,2024-09-04 00:30:00+02,-0.6688391
1222,2024-09-04 01:00:00+02,-0.72103333
1223,2024-09-04 01:30:00+02,-0.76245445
1224,2024-09-04 02:00:00+02,-0.77898616
1225,2024-09-04 02:30:00+02,-0.7962603
1226,2024-09-04 03:00:00+02,-0.83768284
1227,2024-09-04 03:30:00+02,-0.84845603
1228,2024-09-04 04:00:00+02,-0.83879662
1229,2024-09-04 04:30:00+02,-0.77972913
1230,2024-09-04 05:00:00+02,-0.73403549
1231,2024-09-04 05:30:00+02,-0.71025974
1232,2024-09-04 06:00:00+02,-0.69967276
1233,2024-09-04 06:30:00+02,-0.70914572
1234,2024-09-04 07:00:00+02,-0.69670075
1235,2024-09-04 07:30:00+02,-0.72419149
1236,2024-09-04 08:00:00+02,-0.71360362
1237,2024-09-04 08:30:00+02,-0.68555635
1238,2024-09-04 09:00:00+02,-0.65398008
1239,2024-09-04 09:30:00+02,-0.66586781
1240,2024-09-04 10:00:00+02,-0.65268022
1241,2024-09-04 10:30:00+02,-0.65583783
1242,2024-09-04 11:00:00+02,-0.63596326
1243,2024-09-04 11:30:00+02,-0.65175128
1244,2024-09-04 12:00:00+02,-0.67794102
1245,2024-09-04 12:30:00+02,-0.65602338
1246,2024-09-04 13:00:00+02,-0.6493367
1247,2024-09-04 13:30:00+02,-0.68239886
1248,2024-09-04 14:00:00+02,-0.64023554
1249,2024-09-04 14:30:00+02,-0.62426168
1250,2024-09-04 15:00:00+02,-0.64989358
1251,2024-09-04 15:30:00+02,-0.66772509
1252,2024-09-04 16:00:00+02,-0.58562815
1253,2024-09-04 16:30:00+02,-0.73997933
1254,2024-09-04 17:00:00+02,-0.71434647
1255,2024-09-04 17:30:00+02,-0.71211767
1256,2024-09-04 18:00:00+02,-0.71081781
1257,2024-09-04 18:30:00+02,-0.69614404
1258,2024-09-04 19:00:00+02,-0.73719358
1259,2024-09-04 19:30:00+02,-0.73626447
1260,2024-09-04 20:00:00+02,-0.65936685
1261,2024-09-04 20:30:00+02,-0.76598388
1262,2024-09-04 21:00:00+02,-0.63261968
1263,2024-09-04 21:30:00+02,-0.66196728
1264,2024-09-04 22:00:00+02,-0.63392001
1265,2024-09-04 22:30:00+02,-0.68629897
1266,2024-09-04 23:00:00+02,-0.68054128
1267,2024-09-04 23:30:00+02,-0.6764549
1268,2024-09-05 00:00:00+02,-0.69521517
1269,2024-09-05 00:30:00+02,-0.68834269
1270,2024-09-05 01:00:00+02,-0.6755262
1271,2024-09-05 01:30:00+02,-0.64042121
1272,2024-09-05 02:00:00+02,-0.72864866
1273,2024-09-05 02:30:00+02,-0.73440677
1274,2024-09-05 03:00:00+02,-0.76134014
1275,2024-09-05 03:30:00+02,-0.78641587
1276,2024-09-05 04:00:00+02,-0.76003987
1277,2024-09-05 04:30:00+02,-0.72047645
1278,2024-09-05 05:00:00+02,-0.7175042
1279,2024-09-05 05:30:00+02,-0.69298601
1280,2024-09-05 06:00:00+02,-0.67348319
1281,2024-09-05 06:30:00+02,-0.68499911
1282,2024-09-05 07:00:00+02,-0.69614375
1283,2024-09-05 07:30:00+02,-0.69502956
1284,2024-09-05 08:00:00+02,-0.70691711
1285,2024-09-05 08:30:00+02,-0.69335759
1286,2024-09-05 09:00:00+02,-0.68146992
1287,2024-09-05 09:30:00+02,-0.66140997
1288,2024-09-05 10:00:00+02,-0.67775577
1289,2024-09-05 10:30:00+02,-0.67571211
1290,2024-09-05 11:00:00+02,-0.66122389
1291,2024-09-05 11:30:00+02,-0.65899521
1292,2024-09-05 12:00:00+02,-0.6430214
1293,2024-09-05 12:30:00+02,-0.65045112
1294,2024-09-05 13:00:00+02,-0.62110412
1295,2024-09-05 13:30:00+02,-0.61033165
1296,2024-09-05 14:00:00+02,-0.67218292
1297,2024-09-05 14:30:00+02,-0.69632977
1298,2024-09-05 15:00:00+02,-0.73347801
1299,2024-09-05 15:30:00+02,-0.70468801
1300,2024-09-05 16:00:00+02,-0.72994953
1301,2024-09-05 16:30:00+02,-0.69762963
1302,2024-09-05 17:00:00+02,-0.71787584
1303,2024-09-05 17:30:00+02,-0.65230882
1304,2024-09-05 18:00:00+02,-0.65379447
1305,2024-09-05 18:30:00+02,-0.65843761
1306,2024-09-05 19:00:00+02,-0.67979836
1307,2024-09-05 19:30:00+02,-0.70245892
1308,2024-09-05 20:00:00+02,-0.68035543
1309,2024-09-05 20:30:00+02,-0.67756975
1310,2024-09-05 21:00:00+02,-0.67273992
1311,2024-09-05 21:30:00+02,-0.64246434
1312,2024-09-05 22:00:00+02,-0.64487892
1313,2024-09-05 22:30:00+02,-0.6675396
1314,2024-09-05 23:00:00+02,-0.64803708
1315,2024-09-05 23:30:00+02,-0.667539
1316,2024-09-06 00:00:00+02,-0.65268004
1317,2024-09-06 00:30:00+02,-0.6647532
1318,2024-09-06 01:00:00+02,-0.67385495
1319,2024-09-06 01:30:00+02,-0.67701203
1320,2024-09-06 02:00:00+02,-0.6779412
1321,2024-09-06 02:30:00+02,-0.69948775
1322,2024-09-06 03:00:00+02,-0.67756951
1323,2024-09-06 03:30:00+02,-0.72177625
1324,2024-09-06 04:00:00+02,-0.70487362
1325,2024-09-06 04:30:00+02,-0.71564716
1326,2024-09-06 05:00:00+02,-0.69744426
1327,2024-09-06 05:30:00+02,-0.71954733
1328,2024-09-06 06:00:00+02,-0.70765972
1329,2024-09-06 06:30:00+02,-0.68518472
1330,2024-09-06 07:00:00+02,-0.69465774
1331,2024-09-06 07:30:00+02,-0.70803148
1332,2024-09-06 08:00:00+02,-0.70171601
1333,2024-09-06 08:30:00+02,-0.71936142
1334,2024-09-06 09:00:00+02,-0.66178161
1335,2024-09-06 09:30:00+02,-0.66085273
1336,2024-09-06 10:00:00+02,-0.66716754
1337,2024-09-06 10:30:00+02,-0.66549575
1338,2024-09-06 11:00:00+02,-0.66289616
1339,2024-09-06 11:30:00+02,-0.6543538
1340,2024-09-06 12:00:00+02,-0.65082264
1341,2024-09-06 12:30:00+02,-0.66976839
1342,2024-09-06 13:00:00+02,-0.6582523
1343,2024-09-06 13:30:00+02,-0.68072683
1344,2024-09-06 14:00:00+02,-0.67515492
1345,2024-09-06 14:30:00+02,-0.668468
1346,2024-09-06 15:00:00+02,-0.69670123
1347,2024-09-06 15:30:00+02,-0.73217803
1348,2024-09-06 16:00:00+02,-0.73552155
1349,2024-09-06 16:30:00+02,-0.75799686
1350,2024-09-06 17:00:00+02,-0.746481
1351,2024-09-06 17:30:00+02,-0.71657556
1352,2024-09-06 18:00:00+02,-0.68797082
1353,2024-09-06 18:30:00+02,-0.66883969
1354,2024-09-06 19:00:00+02,-0.65416563
1355,2024-09-06 19:30:00+02,-0.64803624
1356,2024-09-06 20:00:00+02,-0.66753942
1357,2024-09-06 20:30:00+02,-0.65602332
1358,2024-09-06 21:00:00+02,-0.71434629
1359,2024-09-06 21:30:00+02,-0.68667078
1360,2024-09-06 22:00:00+02,-0.6680966
1361,2024-09-06 22:30:00+02,-0.67348343
1362,2024-09-06 23:00:00+02,-0.66345304
1363,2024-09-06 23:30:00+02,-0.6619671
1364,2024-09-07 00:00:00+02,-0.69075739
1365,2024-09-07 00:30:00+02,-0.69205731
1366,2024-09-07 01:00:00+02,-0.73069197
1367,2024-09-07 01:30:00+02,-0.71936226
1368,2024-09-07 02:00:00+02,-0.73997933
1369,2024-09-07 02:30:00+02,-0.73793572
1370,2024-09-07 03:00:00+02,-0.79087442
1371,2024-09-07 03:30:00+02,-0.76561213
1372,2024-09-07 04:00:00+02,-0.7847445
1373,2024-09-07 04:30:00+02,-0.77118486
1374,2024-09-07 05:00:00+02,-0.73162115
1375,2024-09-07 05:30:00+02,-0.73682159
1376,2024-09-07 06:00:00+02,-0.71193206
1377,2024-09-07 06:30:00+02,-0.63150573
1378,2024-09-07 07:00:00+02,-0.68314213
1379,2024-09-07 07:30:00+02,-0.67886978
1380,2024-09-07 08:00:00+02,-0.66289532
1381,2024-09-07 08:30:00+02,-0.73310697
1382,2024-09-07 09:00:00+02,-0.69391453
1383,2024-09-07 09:30:00+02,-0.68778491
1384,2024-09-07 10:00:00+02,-0.68982875
1385,2024-09-07 10:30:00+02,-0.69930124
1386,2024-09-07 11:00:00+02,-0.68890005
1387,2024-09-07 11:30:00+02,-0.68685669
1388,2024-09-07 12:00:00+02,-0.68759942
1389,2024-09-07 12:30:00+02,-0.71063197
1390,2024-09-07 13:00:00+02,-0.68908536
1391,2024-09-07 13:30:00+02,-0.66735351
1392,2024-09-07 14:00:00+02,-0.70004421
1393,2024-09-07 14:30:00+02,-0.69521517
1394,2024-09-07 15:00:00+02,-0.69019967
1395,2024-09-07 15:30:00+02,-0.69112891
1396,2024-09-07 16:00:00+02,-0.68648529
1397,2024-09-07 16:30:00+02,-0.65620917
1398,2024-09-07 17:00:00+02,-0.67292565
1399,2024-09-07 17:30:00+02,-0.70431679
1400,2024-09-07 18:00:00+02,-0.68592793
1401,2024-09-07 18:30:00+02,-0.71286041
1402,2024-09-07 19:00:00+02,-0.72196221
1403,2024-09-07 19:30:00+02,-0.70264488
1404,2024-09-07 20:00:00+02,-0.66401029
1405,2024-09-07 20:30:00+02,-0.65732348
1406,2024-09-07 21:00:00+02,-0.653795
1407,2024-09-07 21:30:00+02,-0.65769482
1408,2024-09-07 22:00:00+02,-0.66735399
1409,2024-09-07 22:30:00+02,-0.68146992
1410,2024-09-07 23:00:00+02,-0.68332738
1411,2024-09-07 23:30:00+02,-0.67924148
1412,2024-09-08 00:00:00+02,-0.69391471
1413,2024-09-08 00:30:00+02,-0.68964243
1414,2024-09-08 01:00:00+02,-0.68481362
1415,2024-09-08 01:30:00+02,-0.67255473
1416,2024-09-08 02:00:00+02,-0.74202263
1417,2024-09-08 02:30:00+02,-0.72196233
1418,2024-09-08 03:00:00+02,-0.71341771
1419,2024-09-08 03:30:00+02,-0.68834203
1420,2024-09-08 04:00:00+02,-0.70320147
1421,2024-09-08 04:30:00+02,-0.70468795
1422,2024-09-08 05:00:00+02,-0.69168591
1423,2024-09-08 05:30:00+02,-0.68537074
1424,2024-09-08 06:00:00+02,-0.71527582
1425,2024-09-08 06:30:00+02,-0.72010499
1426,2024-09-08 07:00:00+02,-0.7468518
1427,2024-09-08 07:30:00+02,-0.74220848
1428,2024-09-08 08:00:00+02,-0.73087847
1429,2024-09-08 08:30:00+02,-0.72010398
1430,2024-09-08 09:00:00+02,-0.71341801
1431,2024-09-08 09:30:00+02,-0.72233385
1432,2024-09-08 10:00:00+02,-0.72010475
1433,2024-09-08 10:30:00+02,-0.72214752
1434,2024-09-08 11:00:00+02,-0.72233337
1435,2024-09-08 11:30:00+02,-0.71248949
1436,2024-09-08 12:00:00+02,-0.70821667
1437,2024-09-08 12:30:00+02,-0.66753894
1438,2024-09-08 13:00:00+02,-0.67274016
1439,2024-09-08 13:30:00+02,-0.68407029
1440,2024-09-08 14:00:00+02,-0.70078754
1441,2024-09-08 14:30:00+02,-0.68629903
1442,2024-09-08 15:00:00+02,-0.67552638
1443,2024-09-08 15:30:00+02,-0.6890859
1444,2024-09-08 16:00:00+02,-0.72976357
1445,2024-09-08 16:30:00+02,-0.73737901
1446,2024-09-08 17:00:00+02,-0.71899003
1447,2024-09-08 17:30:00+02,-0.78567308
1448,2024-09-08 18:00:00+02,-0.7548393
1449,2024-09-08 18:30:00+02,-0.74109387
1450,2024-09-08 19:00:00+02,-0.72530544
1451,2024-09-08 19:30:00+02,-0.67125398
1452,2024-09-08 20:00:00+02,-0.69354361
1453,2024-09-08 20:30:00+02,-0.69558644
1454,2024-09-08 21:00:00+02,-0.68481356
1455,2024-09-08 21:30:00+02,-0.68332756
1456,2024-09-08 22:00:00+02,-0.70375949
1457,2024-09-08 22:30:00+02,-0.71193182
1458,2024-09-08 23:00:00+02,-0.68555605
1459,2024-09-08 23:30:00+02,-0.678684
1460,2024-09-09 00:00:00+02,-0.67125452
1461,2024-09-09 00:30:00+02,-0.68964303
1462,2024-09-09 01:00:00+02,-0.67905533
1463,2024-09-09 01:30:00+02,-0.67905563
1464,2024-09-09 02:00:00+02,-0.70338798
1465,2024-09-09 02:30:00+02,-0.71137464
1466,2024-09-09 03:00:00+02,-0.6926145
1467,2024-09-09 03:30:00+02,-0.69131422
1468,2024-09-09 04:00:00+02,-0.70710272
1469,2024-09-09 04:30:00+02,-0.72809207
1470,2024-09-09 05:00:00+02,-0.73626447
1471,2024-09-09 05:30:00+02,-0.77805698
1472,2024-09-09 06:00:00+02,-0.72549069
1473,2024-09-09 06:30:00+02,-0.74016464
1474,2024-09-09 07:00:00+02,-0.7678411
1475,2024-09-09 07:30:00+02,-0.76096857
1476,2024-09-09 08:00:00+02,-0.75205272
1477,2024-09-09 08:30:00+02,-0.70710272
1478,2024-09-09 09:00:00+02,-0.74555182
1479,2024-09-09 09:30:00+02,-0.72363377
1480,2024-09-09 10:00:00+02,-0.73347819
1481,2024-09-09 10:30:00+02,-0.67961252
1482,2024-09-09 11:00:00+02,-0.6931718
1483,2024-09-09 11:30:00+02,-0.7132321
1484,2024-09-09 12:00:00+02,-0.72957808
1485,2024-09-09 12:30:00+02,-0.79570484
1486,2024-09-09 13:00:00+02,-0.74183744
1487,2024-09-09 13:30:00+02,-0.8518008
1488,2024-09-09 14:00:00+02,-0.96121067
1489,2024-09-09 14:30:00+02,-1.003005
1490,2024-09-09 15:00:00+02,-0.93334633
1491,2024-09-09 15:30:00+02,-0.8100059
1492,2024-09-09 16:00:00+02,-0.78065795
1493,2024-09-09 16:30:00+02,-0.79774719
1494,2024-09-09 17:00:00+02,-0.81372148
1495,2024-09-09 17:30:00+02,-0.73496449
1496,2024-09-09 18:00:00+02,-0.71434677
1497,2024-09-09 18:30:00+02,-0.70245951
1498,2024-09-09 19:00:00+02,-0.91235447
1499,2024-09-09 19:30:00+02,-0.92052686
1500,2024-09-09 20:00:00+02,-0.91681254
1501,2024-09-09 20:30:00+02,-0.86777377
1502,2024-09-09 21:00:00+02,-0.87984741
1503,2024-09-09 21:30:00+02,-0.87576097
1504,2024-09-09 22:00:00+02,-0.84808469
1505,2024-09-09 22:30:00+02,-0.83489621
1506,2024-09-09 23:00:00+02,-0.84882778
1507,2024-09-09 23:30:00+02,-0.83953965
1508,2024-09-10 00:00:00+02,-0.83471048
1509,2024-09-10 00:30:00+02,-0.87074602
1510,2024-09-10 01:00:00+02,-0.81464916
1511,2024-09-10 01:30:00+02,-0.65732408
1512,2024-09-10 02:00:00+02,-0.66085297
1513,2024-09-10 02:30:00+02,-0.71026027
1514,2024-09-10 03:00:00+02,-0.68815702
1515,2024-09-10 03:30:00+02,-0.68407065
1516,2024-09-10 04:00:00+02,-0.71954757
1517,2024-09-10 04:30:00+02,-0.69688714
1518,2024-09-10 05:00:00+02,-0.69930166
1519,2024-09-10 05:30:00+02,-0.67701221
1520,2024-09-10 06:00:00+02,-0.69855857
1521,2024-09-10 06:30:00+02,-0.69335735
1522,2024-09-10 07:00:00+02,-0.7678411
1523,2024-09-10 07:30:00+02,-0.77694279
1524,2024-09-10 08:00:00+02,-0.82226533
1525,2024-09-10 08:30:00+02,-0.80684805
1526,2024-09-10 09:00:00+02,-0.83025253
1527,2024-09-10 09:30:00+02,-0.81130689
1528,2024-09-10 10:00:00+02,-0.8192935
1529,2024-09-10 10:30:00+02,-0.85068649
1530,2024-09-10 11:00:00+02,-0.92572975
1531,2024-09-10 11:30:00+02,-0.95323008
1532,2024-09-10 12:00:00+02,-0.93799067
1533,2024-09-10 12:30:00+02,-0.8807779
1534,2024-09-10 13:00:00+02,-0.88059127
1535,2024-09-10 13:30:00+02,-0.76932764
1536,2024-09-10 14:00:00+02,-0.75892538
1537,2024-09-10 14:30:00+02,-0.76970005
1538,2024-09-10 15:00:00+02,-0.81243247
1539,2024-09-10 15:30:00+02,-0.7137897
1540,2024-09-10 16:00:00+02,-0.69112921
1541,2024-09-10 16:30:00+02,-0.67942673
1542,2024-09-10 17:00:00+02,-0.70431626
1543,2024-09-10 17:30:00+02,-0.71880454
1544,2024-09-10 18:00:00+02,-0.64227873
1545,2024-09-10 18:30:00+02,-0.44279754
1546,2024-09-10 19:00:00+02,-0.36906189
1547,2024-09-10 19:30:00+02,-0.21453382
1548,2024-09-10 20:00:00+02,-0.31965721
1549,2024-09-10 20:30:00+02,-0.58637106
1550,2024-09-10 21:00:00+02,-0.68258488
1551,2024-09-10 21:30:00+02,-0.77842897
1552,2024-09-10 22:00:00+02,-0.89173794
1553,2024-09-10 22:30:00+02,-0.81650811
1554,2024-09-10 23:00:00+02,-0.63726944
1555,2024-09-10 23:30:00+02,-0.51654017
1556,2024-09-11 00:00:00+02,-0.51765376
1557,2024-09-11 00:30:00+02,-0.53306526
1558,2024-09-11 01:00:00+02,-0.59955889
1559,2024-09-11 01:30:00+02,-0.65732354
1560,2024-09-11 02:00:00+02,-0.68481392
1561,2024-09-11 02:30:00+02,-0.65843815
1562,2024-09-11 03:00:00+02,-0.65843803
1563,2024-09-11 03:30:00+02,-0.57114029
1564,2024-09-11 04:00:00+02,-0.48644525
1565,2024-09-11 04:30:00+02,-0.45301297
1566,2024-09-11 05:00:00+02,-0.41958097
1567,2024-09-11 05:30:00+02,-0.36460423
1568,2024-09-11 06:00:00+02,-0.23440753
1569,2024-09-11 06:30:00+02,-0.19651814
1570,2024-09-11 07:00:00+02,-0.24035035
1571,2024-09-11 07:30:00+02,-0.14637111
1572,2024-09-11 08:00:00+02,-0.17534506
1573,2024-09-11 08:30:00+02,-0.166987
1574,2024-09-11 09:00:00+02,-0.21861999
1575,2024-09-11 09:30:00+02,-0.089909263
1576,2024-09-11 10:00:00+02,-0.049048781
1577,2024-09-11 10:30:00+02,-0.0672502
1578,2024-09-11 11:00:00+02,-0.20116116
1579,2024-09-11 11:30:00+02,-0.21341924
1580,2024-09-11 12:00:00+02,-0.20097531
1581,2024-09-11 12:30:00+02,-0.51003337
1582,2024-09-11 13:00:00+02,-0.56593984
1583,2024-09-11 13:30:00+02,-0.46174255
1584,2024-09-11 14:00:00+02,-0.57206935
1585,2024-09-11 14:30:00+02,-0.49461693
1586,2024-09-11 15:00:00+02,-0.48960304
1587,2024-09-11 15:30:00+02,-0.5053907
1588,2024-09-11 16:00:00+02,-0.51876271
1589,2024-09-11 16:30:00+02,-0.4901596
1590,2024-09-11 17:00:00+02,-0.5947293
1591,2024-09-11 17:30:00+02,-0.51263338
1592,2024-09-11 18:00:00+02,-0.63614893
1593,2024-09-11 18:30:00+02,-0.47251442
1594,2024-09-11 19:00:00+02,-0.57169741
1595,2024-09-11 19:30:00+02,-0.51913434
1596,2024-09-11 20:00:00+02,-0.40007877
1597,2024-09-11 20:30:00+02,-0.39190644
1598,2024-09-11 21:00:00+02,-0.4065797
1599,2024-09-11 21:30:00+02,-0.41140875
1600,2024-09-11 22:00:00+02,-0.34881672
1601,2024-09-11 22:30:00+02,-0.34955969
1602,2024-09-11 23:00:00+02,-0.4264529
1603,2024-09-11 23:30:00+02,-0.34547368
1604,2024-09-12 00:00:00+02,-0.3547602
1605,2024-09-12 00:30:00+02,-0.36237517
1606,2024-09-12 01:00:00+02,-0.37259066
1607,2024-09-12 01:30:00+02,-0.45449841
1608,2024-09-12 02:00:00+02,-0.63893521
1609,2024-09-12 02:30:00+02,-0.61887556
1610,2024-09-12 03:00:00+02,-0.61404616
1611,2024-09-12 03:30:00+02,-0.56092477
1612,2024-09-12 04:00:00+02,-0.56724018
1613,2024-09-12 04:30:00+02,-0.47010002
1614,2024-09-12 05:00:00+02,-0.47214368
1615,2024-09-12 05:30:00+02,-0.57782757
1616,2024-09-12 06:00:00+02,-0.49796045
1617,2024-09-12 06:30:00+02,-0.41679528
1618,2024-09-12 07:00:00+02,-0.47901538
1619,2024-09-12 07:30:00+02,-0.51579112
1620,2024-09-12 08:00:00+02,-0.37556249
1621,2024-09-12 08:30:00+02,-0.54476583
1622,2024-09-12 09:00:00+02,-0.61293161
1623,2024-09-12 09:30:00+02,-0.60457367
1624,2024-09-12 10:00:00+02,-0.62017572
1625,2024-09-12 10:30:00+02,-0.65156591
1626,2024-09-12 11:00:00+02,-0.62760514
1627,2024-09-12 11:30:00+02,-0.62444764
1628,2024-09-12 12:00:00+02,-0.6068024
1629,2024-09-12 12:30:00+02,-0.49480304
1630,2024-09-12 13:00:00+02,-0.42849615
1631,2024-09-12 13:30:00+02,-0.40713665
1632,2024-09-12 14:00:00+02,-0.44706923
1633,2024-09-12 14:30:00+02,-0.40509352
1634,2024-09-12 15:00:00+02,-0.44855532
1635,2024-09-12 15:30:00+02,-0.62221831
1636,2024-09-12 16:00:00+02,-0.54755187
1637,2024-09-12 16:30:00+02,-0.50650406
1638,2024-09-12 17:00:00+02,-0.50483263
1639,2024-09-12 17:30:00+02,-0.58934301
1640,2024-09-12 18:00:00+02,-0.60605943
1641,2024-09-12 18:30:00+02,-0.64357865
1642,2024-09-12 19:00:00+02,-0.54253697
1643,2024-09-12 19:30:00+02,-0.42013827
1644,2024-09-12 20:00:00+02,-0.45672747
1645,2024-09-12 20:30:00+02,-0.52340609
1646,2024-09-12 21:00:00+02,-0.50037479
1647,2024-09-12 21:30:00+02,-0.48254418
1648,2024-09-12 22:00:00+02,-0.51504773
1649,2024-09-12 22:30:00+02,-0.55498147
1650,2024-09-12 23:00:00+02,-0.53380734
1651,2024-09-12 23:30:00+02,-0.59380049
1652,2024-09-13 00:00:00+02,-0.60438776
1653,2024-09-13 00:30:00+02,-0.54718024
1654,2024-09-13 01:00:00+02,-0.5265637
1655,2024-09-13 01:30:00+02,-0.53715074
1656,2024-09-13 02:00:00+02,-0.4756718
1657,2024-09-13 02:30:00+02,-0.48625928
1658,2024-09-13 03:00:00+02,-0.47288617
1659,2024-09-13 03:30:00+02,-0.48978823
1660,2024-09-13 04:00:00+02,-0.53176391
1661,2024-09-13 04:30:00+02,-0.6019733
1662,2024-09-13 05:00:00+02,-0.56389642
1663,2024-09-13 05:30:00+02,-0.59844398
1664,2024-09-13 06:00:00+02,-0.58191341
1665,2024-09-13 06:30:00+02,-0.54532278
1666,2024-09-13 07:00:00+02,-0.5495944
1667,2024-09-13 07:30:00+02,-0.53417867
1668,2024-09-13 08:00:00+02,-0.51244766
1669,2024-09-13 08:30:00+02,-0.50371814
1670,2024-09-13 09:00:00+02,-0.50706118
1671,2024-09-13 09:30:00+02,-0.50111759
1672,2024-09-13 10:00:00+02,-0.54718047
1673,2024-09-13 10:30:00+02,-0.47957242
1674,2024-09-13 11:00:00+02,-0.49628875
1675,2024-09-13 11:30:00+02,-0.51579112
1676,2024-09-13 12:00:00+02,-0.50316101
1677,2024-09-13 12:30:00+02,-0.49536046
1678,2024-09-13 13:00:00+02,-0.51281911
1679,2024-09-13 13:30:00+02,-0.44651222
1680,2024-09-13 14:00:00+02,-0.46062788
1681,2024-09-13 14:30:00+02,-0.50929016
1682,2024-09-13 15:00:00+02,-0.49424559
1683,2024-09-13 15:30:00+02,-0.49461731
1684,2024-09-13 16:00:00+02,-0.48161563
1685,2024-09-13 16:30:00+02,-0.51560515
1686,2024-09-13 17:00:00+02,-0.51226217
1687,2024-09-13 17:30:00+02,-0.49963188
1688,2024-09-13 18:00:00+02,-0.51504809
1689,2024-09-13 18:30:00+02,-0.50223207
1690,2024-09-13 19:00:00+02,-0.50483251
1691,2024-09-13 19:30:00+02,-0.434811
1692,2024-09-13 20:00:00+02,-0.52322036
1693,2024-09-13 20:30:00+02,-0.52674931
1694,2024-09-13 21:00:00+02,-0.58302778
1695,2024-09-13 21:30:00+02,-0.58878553
1696,2024-09-13 22:00:00+02,-0.58618516
1697,2024-09-13 22:30:00+02,-0.55888218
1698,2024-09-13 23:00:00+02,-0.57968467
1699,2024-09-13 23:30:00+02,-0.57578361
1700,2024-09-14 00:00:00+02,-0.55572438
1701,2024-09-14 00:30:00+02,-0.56408244
1702,2024-09-14 01:00:00+02,-0.57485509
1703,2024-09-14 01:30:00+02,-0.55052406
1704,2024-09-14 02:00:00+02,-0.59751546
1705,2024-09-14 02:30:00+02,-0.56668288
1706,2024-09-14 03:00:00+02,-0.5755983
1707,2024-09-14 03:30:00+02,-0.56705457
1708,2024-09-14 04:00:00+02,-0.59120011
1709,2024-09-14 04:30:00+02,-0.54420847
1710,2024-09-14 05:00:00+02,-0.55776745
1711,2024-09-14 05:30:00+02,-0.55943888
1712,2024-09-14 06:00:00+02,-0.53195006
1713,2024-09-14 06:30:00+02,-0.54829484
1714,2024-09-14 07:00:00+02,-0.56055361
1715,2024-09-14 07:30:00+02,-0.53232139
1716,2024-09-14 08:00:00+02,-0.50278938
1717,2024-09-14 08:30:00+02,-0.48830253
1718,2024-09-14 09:00:00+02,-0.49740326
1719,2024-09-14 09:30:00+02,-0.49220285
1720,2024-09-14 10:00:00+02,-0.54420859
1721,2024-09-14 10:30:00+02,-0.47530052
1722,2024-09-14 11:00:00+02,-0.46452802
1723,2024-09-14 11:30:00+02,-0.53250712
1724,2024-09-14 12:00:00+02,-0.45561311
1725,2024-09-14 12:30:00+02,-0.46805692
1726,2024-09-14 13:00:00+02,-0.48755935
1727,2024-09-14 15:00:00+02,-0.51207632
1728,2024-09-14 15:30:00+02,-0.48848802
1729,2024-09-14 16:00:00+02,-0.4851445
1730,2024-09-14 16:30:00+02,-0.4886736
1731,2024-09-14 17:00:00+02,-0.46898606
1732,2024-09-14 17:30:00+02,-0.51653379
1733,2024-09-14 18:00:00+02,-0.53733623
1734,2024-09-14 18:30:00+02,-0.53770763
1735,2024-09-14 19:00:00+02,-0.53510785
1736,2024-09-14 19:30:00+02,-0.56148219
1737,2024-09-14 20:00:00+02,-0.5768984
1738,2024-09-14 20:30:00+02,-0.59658647
1739,2024-09-14 21:00:00+02,-0.59417176
1740,2024-09-14 21:30:00+02,-0.61497498
1741,2024-09-14 22:00:00+02,-0.63819259
1742,2024-09-14 22:30:00+02,-0.61070293
1743,2024-09-14 23:00:00+02,-0.60401648
1744,2024-09-14 23:30:00+02,-0.57206923
1745,2024-09-15 00:00:00+02,-0.60865915
1746,2024-09-15 00:30:00+02,-0.54550868
1747,2024-09-15 01:00:00+02,-0.42775309
1748,2024-09-15 01:30:00+02,-0.35346007
1749,2024-09-15 02:00:00+02,-0.48180157
1750,2024-09-15 02:30:00+02,-0.57095504
1751,2024-09-15 03:00:00+02,-0.58952874
1752,2024-09-15 03:30:00+02,-0.59955871
1753,2024-09-15 04:00:00+02,-0.52637798
1754,2024-09-15 04:30:00+02,-0.55739594
1755,2024-09-15 05:00:00+02,-0.52749223
1756,2024-09-15 05:30:00+02,-0.54160833
1757,2024-09-15 06:00:00+02,-0.53362167
1758,2024-09-15 06:30:00+02,-0.47140032
1759,2024-09-15 07:00:00+02,-0.45654166
1760,2024-09-15 07:30:00+02,-0.44354022
1761,2024-09-15 08:00:00+02,-0.40007901
1762,2024-09-15 08:30:00+02,-0.37834844
1763,2024-09-15 09:00:00+02,-0.36423257
1764,2024-09-15 09:30:00+02,-0.36646143
1765,2024-09-15 10:00:00+02,-0.36571848
1766,2024-09-15 10:30:00+02,-0.31297067
1767,2024-09-15 11:00:00+02,-0.33730176
1768,2024-09-15 11:30:00+02,-0.28622559
1769,2024-09-15 12:00:00+02,-0.3185429
1770,2024-09-15 12:30:00+02,-0.34974563
1771,2024-09-15 13:00:00+02,-0.40026459
1772,2024-09-15 13:30:00+02,-0.40360785
1773,2024-09-15 14:00:00+02,-0.4606277
1774,2024-09-15 14:30:00+02,-0.52990687
1775,2024-09-15 15:00:00+02,-0.51263338
1776,2024-09-15 15:30:00+02,-0.54773742
1777,2024-09-15 16:00:00+02,-0.53492165
1778,2024-09-15 16:30:00+02,-0.53194982
1779,2024-09-15 17:00:00+02,-0.51059026
1780,2024-09-15 17:30:00+02,-0.50483263
1781,2024-09-15 18:00:00+02,-0.51393378
1782,2024-09-15 18:30:00+02,-0.51876283
1783,2024-09-15 19:00:00+02,-0.54309398
1784,2024-09-15 19:30:00+02,-0.53399295
1785,2024-09-15 20:00:00+02,-0.5120762
1786,2024-09-15 20:30:00+02,-0.5371505
1787,2024-09-15 21:00:00+02,-0.58841395
1788,2024-09-15 21:30:00+02,-0.55070931
1789,2024-09-15 22:00:00+02,-0.55851018
1790,2024-09-15 22:30:00+02,-0.58934313
1791,2024-09-15 23:00:00+02,-0.60754532
1792,2024-09-15 23:30:00+02,-0.72549087
1793,2024-09-16 00:00:00+02,-0.72493422
1794,2024-09-16 00:30:00+02,-0.632806
1795,2024-09-16 01:00:00+02,-0.58822858
1796,2024-09-16 01:30:00+02,-0.53009254
1797,2024-09-16 02:00:00+02,-0.45338422
1798,2024-09-16 02:30:00+02,-0.505018
1799,2024-09-16 03:00:00+02,-0.53529346
1800,2024-09-16 03:30:00+02,-0.54532301
1801,2024-09-16 04:00:00+02,-0.53547901
1802,2024-09-16 04:30:00+02,-0.57355511
1803,2024-09-16 05:00:00+02,-0.5455088
1804,2024-09-16 05:30:00+02,-0.52359182
1805,2024-09-16 06:00:00+02,-0.54718071
1806,2024-09-16 06:30:00+02,-0.50074649
1807,2024-09-16 07:00:00+02,-0.49313113
1808,2024-09-16 07:30:00+02,-0.51096159
1809,2024-09-16 08:00:00+02,-0.52563483
1810,2024-09-16 08:30:00+02,-0.54755175
1811,2024-09-16 09:00:00+02,-0.57782739
1812,2024-09-16 09:30:00+02,-0.57708418
1813,2024-09-16 10:00:00+02,-0.56315351
1814,2024-09-16 10:30:00+02,-0.59881556
1815,2024-09-16 11:00:00+02,-0.56965488
