0,2024-08-07 12:24:00+02,2388.0
1,2024-08-07 12:27:00+02,2385.0
2,2024-08-07 14:00:00+02,11766.0
3,2024-08-07 14:30:00+02,11672.0
4,2024-08-07 15:00:00+02,11946.0
5,2024-08-07 15:30:00+02,12255.0
6,2024-08-07 16:00:00+02,12347.0
7,2024-08-07 16:30:00+02,12339.0
8,2024-08-07 17:00:00+02,12608.0
9,2024-08-07 17:30:00+02,12444.0
10,2024-08-07 18:00:00+02,12627.0
11,2024-08-07 18:30:00+02,12169.0
12,2024-08-07 19:00:00+02,12176.0
13,2024-08-07 19:30:00+02,12195.0
14,2024-08-07 20:00:00+02,12180.0
15,2024-08-07 20:30:00+02,12244.0
16,2024-08-07 21:00:00+02,11840.0
17,2024-08-07 21:30:00+02,11883.0
18,2024-08-07 22:00:00+02,11904.0
19,2024-08-07 22:30:00+02,11876.0
20,2024-08-07 23:00:00+02,11888.0
21,2024-08-07 23:30:00+02,11776.0
22,2024-08-08 00:00:00+02,11920.0
23,2024-08-08 00:30:00+02,11864.0
24,2024-08-08 01:00:00+02,11961.0
25,2024-08-08 01:30:00+02,12039.0
26,2024-08-08 02:00:00+02,12072.0
27,2024-08-08 02:30:00+02,12106.0
28,2024-08-08 03:00:00+02,12326.0
29,2024-08-08 03:30:00+02,12448.0
30,2024-08-08 04:00:00+02,12662.0
31,2024-08-08 04:30:00+02,12732.0
32,2024-08-08 05:00:00+02,12928.0
33,2024-08-08 05:30:00+02,12946.0
34,2024-08-08 06:00:00+02,12900.0
35,2024-08-08 06:30:00+02,12947.0
36,2024-08-08 07:00:00+02,12744.0
37,2024-08-08 07:30:00+02,12680.0
38,2024-08-08 08:00:00+02,12545.0
39,2024-08-08 08:30:00+02,12416.0
40,2024-08-08 09:00:00+02,12370.0
41,2024-08-08 09:30:00+02,12192.0
42,2024-08-08 10:00:00+02,12312.0
43,2024-08-08 10:30:00+02,12358.0
44,2024-08-08 11:00:00+02,12379.0
45,2024-08-08 11:30:00+02,12409.0
46,2024-08-08 12:00:00+02,12522.0
47,2024-08-08 12:30:00+02,12883.0
48,2024-08-08 13:00:00+02,12738.0
49,2024-08-08 13:30:00+02,12836.0
50,2024-08-08 14:00:00+02,12340.0
51,2024-08-08 14:30:00+02,12224.0
52,2024-08-08 15:00:00+02,12646.0
53,2024-08-08 15:30:00+02,12849.0
54,2024-08-08 16:00:00+02,12640.0
55,2024-08-08 16:30:00+02,12486.0
56,2024-08-08 17:00:00+02,12688.0
57,2024-08-08 17:30:00+02,12456.0
58,2024-08-08 18:00:00+02,12452.0
59,2024-08-08 18:30:00+02,12520.0
60,2024-08-08 19:00:00+02,12833.0
61,2024-08-08 19:30:00+02,13042.0
62,2024-08-08 20:00:00+02,13088.0
63,2024-08-08 20:30:00+02,13591.0
64,2024-08-08 21:00:00+02,12792.0
65,2024-08-08 21:30:00+02,12968.0
66,2024-08-08 22:00:00+02,13100.0
67,2024-08-08 22:30:00+02,13492.0
68,2024-08-08 23:00:00+02,13672.0
69,2024-08-08 23:30:00+02,13059.0
70,2024-08-09 00:00:00+02,12994.0
71,2024-08-09 00:30:00+02,13120.0
72,2024-08-09 01:00:00+02,13128.0
73,2024-08-09 01:30:00+02,12944.0
74,2024-08-09 02:00:00+02,12402.0
75,2024-08-09 02:30:00+02,12390.0
76,2024-08-09 03:00:00+02,12842.0
77,2024-08-09 03:30:00+02,12855.0
78,2024-08-09 04:00:00+02,13210.0
79,2024-08-09 04:30:00+02,12608.0
80,2024-08-09 05:00:00+02,13184.0
81,2024-08-09 05:30:00+02,12833.0
82,2024-08-09 06:00:00+02,12873.0
83,2024-08-09 06:30:00+02,12800.0
84,2024-08-09 07:00:00+02,13071.0
85,2024-08-09 07:30:00+02,13764.0
86,2024-08-09 08:00:00+02,14000.0
87,2024-08-09 08:30:00+02,13516.0
88,2024-08-09 09:00:00+02,13364.0
89,2024-08-09 09:30:00+02,13296.0
90,2024-08-09 10:00:00+02,12816.0
91,2024-08-09 10:30:00+02,12419.0
92,2024-08-09 11:30:00+02,12357.0
93,2024-08-09 12:00:00+02,12220.0
94,2024-08-09 12:30:00+02,12559.0
95,2024-08-09 13:00:00+02,12255.0
96,2024-08-09 13:30:00+02,12714.0
97,2024-08-09 14:00:00+02,12582.0
98,2024-08-09 14:30:00+02,12564.0
99,2024-08-09 15:00:00+02,12456.0
100,2024-08-09 15:30:00+02,12599.0
101,2024-08-09 16:00:00+02,12425.0
102,2024-08-09 16:30:00+02,12684.0
103,2024-08-09 17:00:00+02,12854.0
104,2024-08-09 17:30:00+02,12948.0
105,2024-08-09 18:00:00+02,13246.0
106,2024-08-09 18:30:00+02,13185.0
107,2024-08-09 19:00:00+02,12835.0
108,2024-08-09 19:30:00+02,12704.0
109,2024-08-09 20:00:00+02,12498.0
110,2024-08-09 20:30:00+02,12939.0
111,2024-08-09 21:00:00+02,13064.0
112,2024-08-09 21:30:00+02,13580.0
113,2024-08-09 22:00:00+02,13801.0
114,2024-08-09 22:30:00+02,12434.0
115,2024-08-09 23:00:00+02,12438.0
116,2024-08-09 23:30:00+02,12408.0
117,2024-08-10 00:00:00+02,12060.0
118,2024-08-10 00:30:00+02,11768.0
119,2024-08-10 01:00:00+02,12212.0
120,2024-08-10 01:30:00+02,12511.0
121,2024-08-10 02:00:00+02,12444.0
122,2024-08-10 02:30:00+02,12224.0
123,2024-08-10 03:00:00+02,11653.0
124,2024-08-10 03:30:00+02,11943.0
125,2024-08-10 04:00:00+02,12243.0
126,2024-08-10 04:30:00+02,12428.0
127,2024-08-10 05:00:00+02,12236.0
128,2024-08-10 05:30:00+02,12065.0
129,2024-08-10 06:00:00+02,12467.0
130,2024-08-10 06:30:00+02,12664.0
131,2024-08-10 07:00:00+02,12588.0
132,2024-08-10 07:30:00+02,11920.0
133,2024-08-10 08:00:00+02,11971.0
134,2024-08-10 08:30:00+02,12855.0
135,2024-08-10 09:00:00+02,12698.0
136,2024-08-10 09:30:00+02,12404.0
137,2024-08-10 10:00:00+02,12463.0
138,2024-08-10 10:30:00+02,11830.0
139,2024-08-10 11:00:00+02,12192.0
140,2024-08-10 11:30:00+02,12268.0
141,2024-08-10 12:00:00+02,12236.0
142,2024-08-10 12:30:00+02,12274.0
143,2024-08-10 13:00:00+02,12344.0
144,2024-08-10 13:30:00+02,12471.0
145,2024-08-10 14:00:00+02,12580.0
146,2024-08-10 14:30:00+02,12468.0
147,2024-08-10 15:00:00+02,12164.0
148,2024-08-10 15:30:00+02,12507.0
149,2024-08-10 16:00:00+02,12443.0
150,2024-08-10 16:30:00+02,12520.0
151,2024-08-10 17:00:00+02,12620.0
152,2024-08-10 17:30:00+02,12802.0
153,2024-08-10 18:00:00+02,12848.0
154,2024-08-10 18:30:00+02,12775.0
155,2024-08-10 19:00:00+02,12870.0
156,2024-08-10 19:30:00+02,12409.0
157,2024-08-10 20:00:00+02,12780.0
158,2024-08-10 20:30:00+02,13312.0
159,2024-08-10 21:00:00+02,13424.0
160,2024-08-10 21:30:00+02,13195.0
161,2024-08-10 22:00:00+02,13162.0
162,2024-08-10 22:30:00+02,12840.0
163,2024-08-10 23:00:00+02,12626.0
164,2024-08-10 23:30:00+02,12584.0
165,2024-08-11 00:00:00+02,12547.0
166,2024-08-11 00:30:00+02,13026.0
167,2024-08-11 01:00:00+02,13042.0
168,2024-08-11 01:30:00+02,13056.0
169,2024-08-11 02:00:00+02,12954.0
170,2024-08-11 02:30:00+02,12873.0
171,2024-08-11 03:00:00+02,12510.0
172,2024-08-11 03:30:00+02,12397.0
173,2024-08-11 04:00:00+02,12494.0
174,2024-08-11 04:30:00+02,12403.0
175,2024-08-11 05:00:00+02,12707.0
176,2024-08-11 05:30:00+02,12768.0
177,2024-08-11 06:00:00+02,12926.0
178,2024-08-11 06:30:00+02,13121.0
179,2024-08-11 07:00:00+02,13304.0
180,2024-08-11 07:30:00+02,13311.0
181,2024-08-11 08:00:00+02,12814.0
182,2024-08-11 08:30:00+02,12525.0
183,2024-08-11 09:00:00+02,12730.0
184,2024-08-11 09:30:00+02,13430.0
185,2024-08-11 10:00:00+02,13728.0
186,2024-08-11 10:30:00+02,13513.0
187,2024-08-11 11:00:00+02,13609.0
188,2024-08-11 11:30:00+02,13353.0
189,2024-08-11 12:00:00+02,13283.0
190,2024-08-11 12:30:00+02,12996.0
191,2024-08-11 13:00:00+02,12886.0
192,2024-08-11 13:30:00+02,12992.0
193,2024-08-11 14:00:00+02,13402.0
194,2024-08-11 14:30:00+02,12981.0
195,2024-08-11 15:00:00+02,12929.0
196,2024-08-11 15:30:00+02,12751.0
197,2024-08-11 16:00:00+02,13377.0
198,2024-08-11 16:30:00+02,13584.0
199,2024-08-11 17:00:00+02,13236.0
200,2024-08-11 17:30:00+02,12766.0
201,2024-08-11 18:00:00+02,12756.0
202,2024-08-11 18:30:00+02,12845.0
203,2024-08-11 19:00:00+02,12510.0
204,2024-08-11 19:30:00+02,12508.0
205,2024-08-11 20:00:00+02,12512.0
206,2024-08-11 20:30:00+02,12035.0
207,2024-08-11 21:00:00+02,12352.0
208,2024-08-11 21:30:00+02,12434.0
209,2024-08-11 22:00:00+02,12444.0
210,2024-08-11 22:30:00+02,12389.0
211,2024-08-11 23:00:00+02,12347.0
212,2024-08-11 23:30:00+02,12189.0
213,2024-08-12 00:00:00+02,12224.0
214,2024-08-12 00:30:00+02,12305.0
215,2024-08-12 01:00:00+02,13213.0
216,2024-08-12 01:30:00+02,13289.0
217,2024-08-12 02:00:00+02,13371.0
218,2024-08-12 02:30:00+02,13362.0
219,2024-08-12 03:00:00+02,13124.0
220,2024-08-12 03:30:00+02,13328.0
221,2024-08-12 04:00:00+02,13484.0
222,2024-08-12 04:30:00+02,13326.0
223,2024-08-12 05:00:00+02,13148.0
224,2024-08-12 05:30:00+02,13296.0
225,2024-08-12 06:00:00+02,13125.0
226,2024-08-12 06:30:00+02,12525.0
227,2024-08-12 07:00:00+02,13043.0
228,2024-08-12 07:30:00+02,13029.0
229,2024-08-12 08:00:00+02,12986.0
230,2024-08-12 08:30:00+02,12945.0
231,2024-08-12 09:00:00+02,12933.0
232,2024-08-12 09:30:00+02,12928.0
233,2024-08-12 10:00:00+02,12871.0
234,2024-08-12 10:30:00+02,13020.0
235,2024-08-12 11:00:00+02,12946.0
236,2024-08-12 11:30:00+02,12768.0
237,2024-08-12 12:00:00+02,12615.0
238,2024-08-12 12:30:00+02,12898.0
239,2024-08-12 13:00:00+02,13173.0
240,2024-08-12 13:30:00+02,12832.0
241,2024-08-12 14:00:00+02,12594.0
242,2024-08-12 14:30:00+02,12782.0
243,2024-08-12 15:00:00+02,12634.0
244,2024-08-12 15:30:00+02,12688.0
245,2024-08-12 16:00:00+02,12472.0
246,2024-08-12 16:30:00+02,12559.0
247,2024-08-12 17:00:00+02,12603.0
248,2024-08-12 17:30:00+02,12634.0
249,2024-08-12 18:00:00+02,12656.0
250,2024-08-12 18:30:00+02,12564.0
251,2024-08-12 19:00:00+02,12504.0
252,2024-08-12 19:30:00+02,12698.0
253,2024-08-12 20:00:00+02,12857.0
254,2024-08-12 20:30:00+02,12704.0
255,2024-08-12 21:00:00+02,12616.0
256,2024-08-12 21:30:00+02,12742.0
257,2024-08-12 22:00:00+02,12720.0
258,2024-08-12 22:30:00+02,12706.0
259,2024-08-12 23:00:00+02,12688.0
260,2024-08-12 23:30:00+02,12779.0
261,2024-08-13 00:00:00+02,12775.0
262,2024-08-13 00:30:00+02,12560.0
263,2024-08-13 01:00:00+02,12637.0
264,2024-08-13 01:30:00+02,12478.0
265,2024-08-13 02:00:00+02,12488.0
266,2024-08-13 02:30:00+02,12661.0
267,2024-08-13 03:00:00+02,12712.0
268,2024-08-13 03:30:00+02,12692.0
269,2024-08-13 04:00:00+02,12645.0
270,2024-08-13 04:30:00+02,12551.0
271,2024-08-13 05:00:00+02,12704.0
272,2024-08-13 05:30:00+02,13168.0
273,2024-08-13 06:00:00+02,12930.0
274,2024-08-13 06:30:00+02,12913.0
275,2024-08-13 07:00:00+02,12824.0
276,2024-08-13 07:30:00+02,12832.0
277,2024-08-13 08:00:00+02,13019.0
278,2024-08-13 08:30:00+02,12876.0
279,2024-08-13 09:00:00+02,12704.0
280,2024-08-13 09:30:00+02,12636.0
281,2024-08-13 10:00:00+02,12946.0
282,2024-08-13 10:30:00+02,12975.0
283,2024-08-13 11:00:00+02,13006.0
284,2024-08-13 11:30:00+02,13084.0
285,2024-08-13 12:00:00+02,13154.0
286,2024-08-13 12:30:00+02,13332.0
287,2024-08-13 13:00:00+02,12933.0
288,2024-08-13 13:30:00+02,13030.0
289,2024-08-13 14:00:00+02,12800.0
290,2024-08-13 14:30:00+02,12782.0
291,2024-08-13 15:00:00+02,12640.0
292,2024-08-13 15:30:00+02,12617.0
293,2024-08-13 16:00:00+02,12608.0
294,2024-08-13 16:30:00+02,12496.0
295,2024-08-13 17:00:00+02,12536.0
296,2024-08-13 17:30:00+02,12548.0
297,2024-08-13 18:00:00+02,12907.0
298,2024-08-13 18:30:00+02,12719.0
299,2024-08-13 19:00:00+02,12842.0
300,2024-08-13 19:30:00+02,12929.0
301,2024-08-13 20:00:00+02,12448.0
302,2024-08-13 20:30:00+02,12404.0
303,2024-08-13 21:00:00+02,12398.0
304,2024-08-13 21:30:00+02,12783.0
305,2024-08-13 22:00:00+02,12974.0
306,2024-08-13 22:30:00+02,13160.0
307,2024-08-13 23:00:00+02,13256.0
308,2024-08-13 23:30:00+02,13110.0
309,2024-08-14 00:00:00+02,13248.0
310,2024-08-14 00:30:00+02,13338.0
311,2024-08-14 01:00:00+02,13336.0
312,2024-08-14 01:30:00+02,13139.0
313,2024-08-14 02:00:00+02,13365.0
314,2024-08-14 02:30:00+02,13236.0
315,2024-08-14 03:00:00+02,13252.0
316,2024-08-14 03:30:00+02,13256.0
317,2024-08-14 04:00:00+02,13110.0
318,2024-08-14 04:30:00+02,13033.0
319,2024-08-14 05:00:00+02,12976.0
320,2024-08-14 05:30:00+02,13120.0
321,2024-08-14 06:00:00+02,12768.0
322,2024-08-14 06:30:00+02,12684.0
323,2024-08-14 07:00:00+02,12929.0
324,2024-08-14 07:30:00+02,13144.0
325,2024-08-14 08:00:00+02,13347.0
326,2024-08-14 08:30:00+02,13137.0
327,2024-08-14 09:00:00+02,13369.0
328,2024-08-14 09:30:00+02,13222.0
329,2024-08-14 10:00:00+02,13182.0
330,2024-08-14 10:30:00+02,13327.0
331,2024-08-14 11:00:00+02,13493.0
332,2024-08-14 11:30:00+02,13775.0
333,2024-08-14 12:00:00+02,13592.0
334,2024-08-14 12:30:00+02,13697.0
335,2024-08-14 13:00:00+02,13639.0
336,2024-08-14 13:30:00+02,13442.0
337,2024-08-14 14:00:00+02,13536.0
338,2024-08-14 14:30:00+02,13312.0
339,2024-08-14 15:00:00+02,13380.0
340,2024-08-14 15:30:00+02,13306.0
341,2024-08-14 16:00:00+02,13103.0
342,2024-08-14 16:30:00+02,13109.0
343,2024-08-14 17:00:00+02,13124.0
344,2024-08-14 17:30:00+02,13154.0
345,2024-08-14 18:00:00+02,13156.0
346,2024-08-14 18:30:00+02,13218.0
347,2024-08-14 19:00:00+02,12957.0
348,2024-08-14 19:30:00+02,13313.0
349,2024-08-14 20:00:00+02,13260.0
350,2024-08-14 20:30:00+02,13184.0
351,2024-08-14 21:00:00+02,13128.0
352,2024-08-14 21:30:00+02,13012.0
353,2024-08-14 22:00:00+02,13258.0
354,2024-08-14 22:30:00+02,13374.0
355,2024-08-14 23:00:00+02,13278.0
356,2024-08-14 23:30:00+02,13252.0
357,2024-08-15 00:00:00+02,13525.0
358,2024-08-15 00:30:00+02,13763.0
359,2024-08-15 01:00:00+02,14004.0
360,2024-08-15 01:30:00+02,13654.0
361,2024-08-15 02:00:00+02,13697.0
362,2024-08-15 02:30:00+02,13391.0
363,2024-08-15 03:00:00+02,13258.0
364,2024-08-15 03:30:00+02,12900.0
365,2024-08-15 04:00:00+02,13088.0
366,2024-08-15 04:30:00+02,13189.0
367,2024-08-15 05:00:00+02,13368.0
368,2024-08-15 05:30:00+02,13395.0
369,2024-08-15 06:00:00+02,13524.0
370,2024-08-15 06:30:00+02,13806.0
371,2024-08-15 07:00:00+02,13504.0
372,2024-08-15 07:30:00+02,13440.0
373,2024-08-15 08:00:00+02,13266.0
374,2024-08-15 08:30:00+02,13058.0
375,2024-08-15 09:00:00+02,13352.0
376,2024-08-15 09:30:00+02,12816.0
377,2024-08-15 10:00:00+02,13286.0
378,2024-08-15 10:30:00+02,12956.0
379,2024-08-15 11:00:00+02,12874.0
380,2024-08-15 11:30:00+02,13503.0
381,2024-08-15 12:00:00+02,13132.0
382,2024-08-15 12:30:00+02,13236.0
383,2024-08-15 13:00:00+02,13236.0
384,2024-08-15 13:30:00+02,13133.0
385,2024-08-15 14:00:00+02,13024.0
386,2024-08-15 14:30:00+02,13580.0
387,2024-08-15 15:00:00+02,13704.0
388,2024-08-15 15:30:00+02,13632.0
389,2024-08-15 16:00:00+02,13672.0
390,2024-08-15 16:30:00+02,13601.0
391,2024-08-15 17:00:00+02,13728.0
392,2024-08-15 17:30:00+02,13708.0
393,2024-08-15 18:00:00+02,13559.0
394,2024-08-15 18:30:00+02,13495.0
395,2024-08-15 19:00:00+02,13098.0
396,2024-08-15 19:30:00+02,12759.0
397,2024-08-15 20:00:00+02,12690.0
398,2024-08-15 20:30:00+02,13330.0
399,2024-08-15 21:00:00+02,13489.0
400,2024-08-15 21:30:00+02,14024.0
401,2024-08-15 22:00:00+02,13500.0
402,2024-08-15 22:30:00+02,13664.0
403,2024-08-15 23:00:00+02,14006.0
404,2024-08-15 23:30:00+02,13796.0
405,2024-08-16 00:00:00+02,13911.0
406,2024-08-16 00:30:00+02,13824.0
407,2024-08-16 01:00:00+02,13896.0
408,2024-08-16 01:30:00+02,14126.0
409,2024-08-16 02:00:00+02,14028.0
410,2024-08-16 02:30:00+02,14208.0
411,2024-08-16 03:00:00+02,14386.0
412,2024-08-16 03:30:00+02,14420.0
413,2024-08-16 04:00:00+02,13968.0
414,2024-08-16 04:30:00+02,13477.0
415,2024-08-16 05:00:00+02,13883.0
416,2024-08-16 05:30:00+02,13994.0
417,2024-08-16 06:00:00+02,14012.0
418,2024-08-16 06:30:00+02,13958.0
419,2024-08-16 07:00:00+02,13396.0
420,2024-08-16 07:30:00+02,12928.0
421,2024-08-16 08:00:00+02,12934.0
422,2024-08-16 08:30:00+02,12886.0
423,2024-08-16 09:00:00+02,12715.0
424,2024-08-16 09:30:00+02,12832.0
425,2024-08-16 10:00:00+02,13184.0
426,2024-08-16 10:30:00+02,13283.0
427,2024-08-16 11:00:00+02,13315.0
428,2024-08-16 11:30:00+02,12884.0
429,2024-08-16 12:00:00+02,13248.0
430,2024-08-16 12:30:00+02,13721.0
431,2024-08-16 13:00:00+02,14210.0
432,2024-08-16 13:30:00+02,14582.0
433,2024-08-16 14:00:00+02,14552.0
434,2024-08-16 14:30:00+02,14644.0
435,2024-08-16 15:00:00+02,14608.0
436,2024-08-16 15:30:00+02,14400.0
437,2024-08-16 16:00:00+02,14470.0
438,2024-08-16 16:30:00+02,14673.0
439,2024-08-16 17:00:00+02,14456.0
440,2024-08-16 17:30:00+02,14360.0
441,2024-08-16 18:00:00+02,14212.0
442,2024-08-16 18:30:00+02,13687.0
443,2024-08-16 19:00:00+02,13988.0
444,2024-08-16 19:30:00+02,14516.0
445,2024-08-16 20:00:00+02,14535.0
446,2024-08-16 20:30:00+02,14491.0
447,2024-08-16 21:00:00+02,14502.0
448,2024-08-16 21:30:00+02,14496.0
449,2024-08-16 22:00:00+02,14465.0
450,2024-08-16 22:30:00+02,14432.0
451,2024-08-16 23:00:00+02,14576.0
452,2024-08-16 23:30:00+02,14624.0
453,2024-08-17 00:00:00+02,14475.0
454,2024-08-17 00:30:00+02,14508.0
455,2024-08-17 01:00:00+02,14528.0
456,2024-08-17 01:30:00+02,14505.0
457,2024-08-17 02:00:00+02,14694.0
458,2024-08-17 02:30:00+02,14520.0
459,2024-08-17 03:00:00+02,14689.0
460,2024-08-17 03:30:00+02,14617.0
461,2024-08-17 04:00:00+02,14948.0
462,2024-08-17 04:30:00+02,15082.0
463,2024-08-17 05:00:00+02,15040.0
464,2024-08-17 05:30:00+02,15292.0
465,2024-08-17 06:00:00+02,15417.0
466,2024-08-17 06:30:00+02,15168.0
467,2024-08-17 07:00:00+02,14768.0
468,2024-08-17 07:30:00+02,14354.0
469,2024-08-17 08:00:00+02,14696.0
470,2024-08-17 08:30:00+02,14621.0
471,2024-08-17 09:00:00+02,14147.0
472,2024-08-17 09:30:00+02,14463.0
473,2024-08-17 10:00:00+02,14351.0
474,2024-08-17 10:30:00+02,14638.0
475,2024-08-17 11:00:00+02,14752.0
476,2024-08-17 11:30:00+02,14798.0
477,2024-08-17 12:00:00+02,14968.0
478,2024-08-17 12:30:00+02,14968.0
479,2024-08-17 13:00:00+02,14924.0
480,2024-08-17 13:30:00+02,15036.0
481,2024-08-17 14:00:00+02,15072.0
482,2024-08-17 14:30:00+02,15159.0
483,2024-08-17 15:00:00+02,15298.0
484,2024-08-17 15:30:00+02,15498.0
485,2024-08-17 16:00:00+02,15307.0
486,2024-08-17 16:30:00+02,15504.0
487,2024-08-17 17:00:00+02,15223.0
488,2024-08-17 17:30:00+02,15209.0
489,2024-08-17 18:00:00+02,15204.0
490,2024-08-17 18:30:00+02,15208.0
491,2024-08-17 19:00:00+02,15183.0
492,2024-08-17 19:30:00+02,15147.0
493,2024-08-17 20:00:00+02,14952.0
494,2024-08-17 20:30:00+02,14676.0
495,2024-08-17 21:00:00+02,14847.0
496,2024-08-17 21:30:00+02,15020.0
497,2024-08-17 22:00:00+02,15040.0
498,2024-08-17 22:30:00+02,15074.0
499,2024-08-17 23:00:00+02,14983.0
500,2024-08-17 23:30:00+02,14948.0
501,2024-08-18 00:00:00+02,15012.0
502,2024-08-18 00:30:00+02,15122.0
503,2024-08-18 01:00:00+02,15272.0
504,2024-08-18 01:30:00+02,15483.0
505,2024-08-18 02:00:00+02,15633.0
506,2024-08-18 02:30:00+02,16332.0
507,2024-08-18 03:00:00+02,16576.0
508,2024-08-18 03:30:00+02,16712.0
509,2024-08-18 04:00:00+02,16555.0
510,2024-08-18 04:30:00+02,16163.0
511,2024-08-18 05:00:00+02,16220.0
512,2024-08-18 05:30:00+02,16253.0
513,2024-08-18 06:00:00+02,16034.0
514,2024-08-18 06:30:00+02,15997.0
515,2024-08-18 07:00:00+02,15857.0
516,2024-08-18 07:30:00+02,15787.0
517,2024-08-18 08:00:00+02,16484.0
518,2024-08-18 08:30:00+02,16145.0
519,2024-08-18 09:00:00+02,15760.0
520,2024-08-18 09:30:00+02,15711.0
521,2024-08-18 10:00:00+02,15960.0
522,2024-08-18 10:30:00+02,15877.0
523,2024-08-18 11:00:00+02,15716.0
524,2024-08-18 11:30:00+02,15808.0
525,2024-08-18 12:00:00+02,15791.0
526,2024-08-18 12:30:00+02,15852.0
527,2024-08-18 13:00:00+02,15908.0
528,2024-08-18 13:30:00+02,16009.0
529,2024-08-18 14:00:00+02,16230.0
530,2024-08-18 14:30:00+02,16199.0
531,2024-08-18 15:00:00+02,16161.0
532,2024-08-18 15:30:00+02,16244.0
533,2024-08-18 16:00:00+02,16385.0
534,2024-08-18 16:30:00+02,16342.0
535,2024-08-18 17:00:00+02,16068.0
536,2024-08-18 17:30:00+02,15702.0
537,2024-08-18 18:00:00+02,15753.0
538,2024-08-18 18:30:00+02,15472.0
539,2024-08-18 19:00:00+02,15636.0
540,2024-08-18 19:30:00+02,15650.0
541,2024-08-18 20:00:00+02,15662.0
542,2024-08-18 20:30:00+02,15552.0
543,2024-08-18 21:00:00+02,15400.0
544,2024-08-18 21:30:00+02,15463.0
545,2024-08-18 22:00:00+02,15400.0
546,2024-08-18 22:30:00+02,15536.0
547,2024-08-18 23:00:00+02,15488.0
548,2024-08-18 23:30:00+02,15424.0
549,2024-08-19 00:00:00+02,15412.0
550,2024-08-19 00:30:00+02,15692.0
551,2024-08-19 01:00:00+02,15815.0
552,2024-08-19 01:30:00+02,15707.0
553,2024-08-19 02:00:00+02,16192.0
554,2024-08-19 02:30:00+02,16602.0
555,2024-08-19 03:00:00+02,16569.0
556,2024-08-19 03:30:00+02,16350.0
557,2024-08-19 04:00:00+02,16118.0
558,2024-08-19 04:30:00+02,15616.0
559,2024-08-19 05:00:00+02,15236.0
560,2024-08-19 05:30:00+02,15236.0
561,2024-08-19 06:00:00+02,15174.0
562,2024-08-19 06:30:00+02,15192.0
563,2024-08-19 07:00:00+02,15335.0
564,2024-08-19 07:30:00+02,15296.0
565,2024-08-19 08:00:00+02,15441.0
566,2024-08-19 08:30:00+02,15424.0
567,2024-08-19 09:00:00+02,15446.0
568,2024-08-19 09:30:00+02,15434.0
569,2024-08-19 10:00:00+02,15302.0
570,2024-08-19 10:30:00+02,15158.0
571,2024-08-19 11:00:00+02,15123.0
572,2024-08-19 11:30:00+02,15128.0
573,2024-08-19 12:00:00+02,15196.0
574,2024-08-19 12:30:00+02,15192.0
575,2024-08-19 13:00:00+02,15318.0
576,2024-08-19 13:30:00+02,15247.0
577,2024-08-19 14:00:00+02,15472.0
578,2024-08-19 14:30:00+02,15763.0
579,2024-08-19 15:00:00+02,15742.0
580,2024-08-19 15:30:00+02,16065.0
581,2024-08-19 16:00:00+02,15923.0
582,2024-08-19 16:30:00+02,15852.0
583,2024-08-19 17:00:00+02,15681.0
584,2024-08-19 17:30:00+02,15410.0
585,2024-08-19 18:00:00+02,15406.0
586,2024-08-19 18:30:00+02,15368.0
587,2024-08-19 19:00:00+02,15264.0
588,2024-08-19 19:30:00+02,15184.0
589,2024-08-19 20:00:00+02,15133.0
590,2024-08-19 20:30:00+02,15119.0
591,2024-08-19 21:00:00+02,15392.0
592,2024-08-19 21:30:00+02,15053.0
593,2024-08-19 22:00:00+02,14800.0
594,2024-08-19 22:30:00+02,14659.0
595,2024-08-19 23:00:00+02,14576.0
596,2024-08-19 23:30:00+02,14700.0
597,2024-08-20 00:00:00+02,14782.0
598,2024-08-20 00:30:00+02,14815.0
599,2024-08-20 01:00:00+02,14833.0
600,2024-08-20 01:30:00+02,14802.0
601,2024-08-20 02:00:00+02,14850.0
602,2024-08-20 02:30:00+02,14947.0
603,2024-08-20 03:00:00+02,15161.0
604,2024-08-20 03:30:00+02,15232.0
605,2024-08-20 04:00:00+02,15443.0
606,2024-08-20 04:30:00+02,15177.0
607,2024-08-20 05:00:00+02,15552.0
608,2024-08-20 05:30:00+02,15736.0
609,2024-08-20 06:00:00+02,15824.0
610,2024-08-20 06:30:00+02,15637.0
611,2024-08-20 07:00:00+02,15778.0
612,2024-08-20 07:30:00+02,15927.0
613,2024-08-20 08:00:00+02,15626.0
614,2024-08-20 08:30:00+02,15797.0
615,2024-08-20 09:00:00+02,15543.0
616,2024-08-20 09:30:00+02,15187.0
617,2024-08-20 10:00:00+02,15014.0
618,2024-08-20 10:30:00+02,15120.0
619,2024-08-20 11:00:00+02,15120.0
620,2024-08-20 11:30:00+02,15016.0
621,2024-08-20 12:00:00+02,15037.0
622,2024-08-20 12:30:00+02,15187.0
623,2024-08-20 13:00:00+02,15216.0
624,2024-08-20 13:30:00+02,15630.0
625,2024-08-20 14:00:00+02,15768.0
626,2024-08-20 14:30:00+02,16157.0
627,2024-08-20 15:00:00+02,16550.0
628,2024-08-20 15:30:00+02,16866.0
629,2024-08-20 16:00:00+02,16773.0
630,2024-08-20 16:30:00+02,16643.0
631,2024-08-20 17:00:00+02,16512.0
632,2024-08-20 17:30:00+02,16376.0
633,2024-08-20 18:00:00+02,16330.0
634,2024-08-20 18:30:00+02,16384.0
635,2024-08-20 19:00:00+02,16583.0
636,2024-08-20 19:30:00+02,16489.0
637,2024-08-20 20:00:00+02,16403.0
638,2024-08-20 20:30:00+02,15909.0
639,2024-08-20 21:00:00+02,15689.0
640,2024-08-20 21:30:00+02,15570.0
641,2024-08-20 22:00:00+02,15085.0
642,2024-08-20 22:30:00+02,15116.0
643,2024-08-20 23:00:00+02,15316.0
644,2024-08-20 23:30:00+02,15538.0
645,2024-08-21 00:00:00+02,15370.0
646,2024-08-21 00:30:00+02,15511.0
647,2024-08-21 01:00:00+02,15444.0
648,2024-08-21 01:30:00+02,15720.0
649,2024-08-21 02:00:00+02,15927.0
650,2024-08-21 02:30:00+02,16196.0
651,2024-08-21 03:00:00+02,16267.0
652,2024-08-21 03:30:00+02,16159.0
653,2024-08-21 04:00:00+02,16168.0
654,2024-08-21 04:30:00+02,16257.0
655,2024-08-21 05:00:00+02,16312.0
656,2024-08-21 05:30:00+02,15980.0
657,2024-08-21 06:00:00+02,16224.0
658,2024-08-21 06:30:00+02,16074.0
659,2024-08-21 07:00:00+02,16148.0
660,2024-08-21 07:30:00+02,16096.0
661,2024-08-21 08:00:00+02,16076.0
662,2024-08-21 08:30:00+02,16099.0
663,2024-08-21 09:00:00+02,15322.0
664,2024-08-21 09:30:00+02,15199.0
665,2024-08-21 10:00:00+02,15392.0
666,2024-08-21 10:30:00+02,15489.0
667,2024-08-21 11:00:00+02,15686.0
668,2024-08-21 11:30:00+02,15707.0
669,2024-08-21 12:00:00+02,15775.0
670,2024-08-21 12:30:00+02,15755.0
671,2024-08-21 13:00:00+02,15568.0
672,2024-08-21 13:30:00+02,15558.0
673,2024-08-21 14:00:00+02,15877.0
674,2024-08-21 14:30:00+02,15974.0
675,2024-08-21 15:00:00+02,15780.0
676,2024-08-21 15:30:00+02,16482.0
677,2024-08-21 16:00:00+02,16216.0
678,2024-08-21 16:30:00+02,16077.0
679,2024-08-21 17:00:00+02,16384.0
680,2024-08-21 17:30:00+02,16480.0
681,2024-08-21 18:00:00+02,16145.0
682,2024-08-21 18:30:00+02,16074.0
683,2024-08-21 19:00:00+02,16077.0
684,2024-08-21 19:30:00+02,15924.0
685,2024-08-21 20:00:00+02,14976.0
686,2024-08-21 20:30:00+02,14940.0
687,2024-08-21 21:00:00+02,15462.0
688,2024-08-21 21:30:00+02,15434.0
689,2024-08-21 22:00:00+02,15272.0
690,2024-08-21 22:30:00+02,15210.0
691,2024-08-21 23:00:00+02,15335.0
692,2024-08-21 23:30:00+02,15143.0
693,2024-08-22 00:00:00+02,14992.0
694,2024-08-22 00:30:00+02,14701.0
695,2024-08-22 01:00:00+02,14898.0
696,2024-08-22 01:30:00+02,14983.0
697,2024-08-22 02:00:00+02,14924.0
698,2024-08-22 02:30:00+02,15112.0
699,2024-08-22 03:00:00+02,15301.0
700,2024-08-22 03:30:00+02,15337.0
701,2024-08-22 04:00:00+02,15112.0
702,2024-08-22 04:30:00+02,15369.0
703,2024-08-22 05:00:00+02,15568.0
704,2024-08-22 05:30:00+02,15560.0
705,2024-08-22 06:00:00+02,15616.0
706,2024-08-22 06:30:00+02,15938.0
707,2024-08-22 07:00:00+02,16009.0
708,2024-08-22 07:30:00+02,16302.0
709,2024-08-22 08:00:00+02,15958.0
710,2024-08-22 08:30:00+02,15711.0
711,2024-08-22 09:00:00+02,15737.0
712,2024-08-22 09:30:00+02,16035.0
713,2024-08-22 10:00:00+02,15772.0
714,2024-08-22 10:30:00+02,15984.0
715,2024-08-22 11:00:00+02,15955.0
716,2024-08-22 11:30:00+02,15960.0
717,2024-08-22 12:00:00+02,15760.0
718,2024-08-22 12:30:00+02,16048.0
719,2024-08-22 13:00:00+02,16045.0
720,2024-08-22 13:30:00+02,15880.0
721,2024-08-22 14:00:00+02,16016.0
722,2024-08-22 14:30:00+02,15920.0
723,2024-08-22 15:00:00+02,15901.0
724,2024-08-22 15:30:00+02,15988.0
725,2024-08-22 16:00:00+02,15958.0
726,2024-08-22 16:30:00+02,15979.0
727,2024-08-22 17:00:00+02,16199.0
728,2024-08-22 17:30:00+02,16095.0
729,2024-08-22 18:30:00+02,16176.0
730,2024-08-22 19:00:00+02,16181.0
731,2024-08-22 19:30:00+02,16184.0
732,2024-08-22 20:00:00+02,16280.0
733,2024-08-22 20:30:00+02,16260.0
734,2024-08-22 21:00:00+02,15993.0
735,2024-08-22 21:30:00+02,16231.0
736,2024-08-22 22:00:00+02,16261.0
737,2024-08-22 22:30:00+02,16176.0
738,2024-08-22 23:00:00+02,16143.0
739,2024-08-22 23:30:00+02,16177.0
740,2024-08-23 00:00:00+02,16212.0
741,2024-08-23 00:30:00+02,16183.0
742,2024-08-23 01:00:00+02,16176.0
743,2024-08-23 01:30:00+02,16224.0
744,2024-08-23 02:00:00+02,16281.0
745,2024-08-23 02:30:00+02,17509.0
746,2024-08-23 03:00:00+02,16284.0
747,2024-08-23 03:30:00+02,16520.0
748,2024-08-23 04:00:00+02,16288.0
749,2024-08-23 04:30:00+02,16228.0
750,2024-08-23 05:00:00+02,16832.0
751,2024-08-23 05:30:00+02,16491.0
752,2024-08-23 06:00:00+02,16689.0
753,2024-08-23 06:30:00+02,16548.0
754,2024-08-23 07:00:00+02,16576.0
755,2024-08-23 07:30:00+02,16646.0
756,2024-08-23 08:00:00+02,17131.0
757,2024-08-23 08:30:00+02,17178.0
758,2024-08-23 09:00:00+02,17232.0
759,2024-08-23 09:30:00+02,16688.0
760,2024-08-23 10:00:00+02,17067.0
761,2024-08-23 10:30:00+02,16310.0
762,2024-08-23 11:00:00+02,17042.0
763,2024-08-23 11:30:00+02,17570.0
764,2024-08-23 12:00:00+02,17299.0
765,2024-08-23 12:30:00+02,17568.0
766,2024-08-23 13:00:00+02,16890.0
767,2024-08-23 13:30:00+02,17294.0
768,2024-08-23 14:00:00+02,17164.0
769,2024-08-23 14:30:00+02,17024.0
770,2024-08-23 15:00:00+02,16928.0
771,2024-08-23 15:30:00+02,17153.0
772,2024-08-23 16:00:00+02,16648.0
773,2024-08-23 16:30:00+02,16905.0
774,2024-08-23 17:00:00+02,16384.0
775,2024-08-23 17:30:00+02,16192.0
776,2024-08-23 18:00:00+02,16366.0
777,2024-08-23 18:30:00+02,15863.0
778,2024-08-23 19:00:00+02,16489.0
779,2024-08-23 19:30:00+02,16301.0
780,2024-08-23 20:00:00+02,16144.0
781,2024-08-23 20:30:00+02,16224.0
782,2024-08-23 21:00:00+02,15828.0
783,2024-08-23 21:30:00+02,16351.0
784,2024-08-23 22:00:00+02,16529.0
785,2024-08-23 22:30:00+02,16458.0
786,2024-08-23 23:00:00+02,15720.0
787,2024-08-23 23:30:00+02,15471.0
788,2024-08-24 00:00:00+02,15656.0
789,2024-08-24 00:30:00+02,15984.0
790,2024-08-24 01:00:00+02,15942.0
791,2024-08-24 01:30:00+02,15562.0
792,2024-08-24 02:00:00+02,15301.0
793,2024-08-24 02:30:00+02,15632.0
794,2024-08-24 03:00:00+02,15916.0
795,2024-08-24 03:30:00+02,16036.0
796,2024-08-24 04:00:00+02,15658.0
797,2024-08-24 04:30:00+02,16600.0
798,2024-08-24 05:00:00+02,16480.0
799,2024-08-24 05:30:00+02,16626.0
800,2024-08-24 06:00:00+02,16696.0
801,2024-08-24 06:30:00+02,16807.0
802,2024-08-24 07:00:00+02,16506.0
803,2024-08-24 07:30:00+02,16521.0
804,2024-08-24 08:00:00+02,16188.0
805,2024-08-24 08:30:00+02,15472.0
806,2024-08-24 09:00:00+02,14840.0
807,2024-08-24 09:30:00+02,15042.0
808,2024-08-24 10:00:00+02,15180.0
809,2024-08-24 10:30:00+02,15400.0
810,2024-08-24 11:00:00+02,15672.0
811,2024-08-24 11:30:00+02,15258.0
812,2024-08-24 12:00:00+02,15384.0
813,2024-08-24 12:30:00+02,15597.0
814,2024-08-24 13:00:00+02,15364.0
815,2024-08-24 13:30:00+02,15820.0
816,2024-08-24 14:00:00+02,15559.0
817,2024-08-24 14:30:00+02,16384.0
818,2024-08-24 15:00:00+02,16232.0
819,2024-08-24 15:30:00+02,16344.0
820,2024-08-24 16:00:00+02,16388.0
821,2024-08-24 16:30:00+02,16840.0
822,2024-08-24 17:00:00+02,16897.0
823,2024-08-24 17:30:00+02,16768.0
824,2024-08-24 18:00:00+02,16392.0
825,2024-08-24 18:30:00+02,17132.0
826,2024-08-24 19:00:00+02,16244.0
827,2024-08-24 19:30:00+02,16945.0
828,2024-08-24 20:00:00+02,17104.0
829,2024-08-24 20:30:00+02,16948.0
830,2024-08-24 21:00:00+02,16976.0
831,2024-08-24 21:30:00+02,16568.0
832,2024-08-24 22:00:00+02,16332.0
833,2024-08-24 22:30:00+02,16341.0
834,2024-08-24 23:00:00+02,16038.0
835,2024-08-24 23:30:00+02,16175.0
836,2024-08-25 00:00:00+02,15786.0
837,2024-08-25 00:30:00+02,15368.0
838,2024-08-25 01:00:00+02,15460.0
839,2024-08-25 01:30:00+02,15488.0
840,2024-08-25 02:00:00+02,15312.0
841,2024-08-25 02:30:00+02,15264.0
842,2024-08-25 03:00:00+02,15012.0
843,2024-08-25 03:30:00+02,15264.0
844,2024-08-25 04:00:00+02,15392.0
845,2024-08-25 04:30:00+02,15376.0
846,2024-08-25 05:00:00+02,15723.0
847,2024-08-25 05:30:00+02,15707.0
848,2024-08-25 06:00:00+02,15998.0
849,2024-08-25 06:30:00+02,17385.0
850,2024-08-25 07:00:00+02,17936.0
851,2024-08-25 07:30:00+02,17865.0
852,2024-08-25 08:00:00+02,18008.0
853,2024-08-25 08:30:00+02,17849.0
854,2024-08-25 09:00:00+02,18105.0
855,2024-08-25 09:30:00+02,18026.0
856,2024-08-25 10:00:00+02,17922.0
857,2024-08-25 10:30:00+02,17589.0
858,2024-08-25 11:00:00+02,17936.0
859,2024-08-25 11:30:00+02,17997.0
860,2024-08-25 12:00:00+02,17736.0
861,2024-08-25 12:30:00+02,17216.0
862,2024-08-25 13:00:00+02,17129.0
863,2024-08-25 13:30:00+02,16755.0
864,2024-08-25 14:00:00+02,16813.0
865,2024-08-25 14:30:00+02,16167.0
866,2024-08-25 15:00:00+02,16256.0
867,2024-08-25 15:30:00+02,15976.0
868,2024-08-25 16:00:00+02,15600.0
869,2024-08-25 16:30:00+02,15630.0
870,2024-08-25 17:00:00+02,15629.0
871,2024-08-25 17:30:00+02,15650.0
872,2024-08-25 18:00:00+02,16496.0
873,2024-08-25 18:30:00+02,16952.0
874,2024-08-25 19:00:00+02,17620.0
875,2024-08-25 19:30:00+02,18690.0
876,2024-08-25 20:00:00+02,18457.0
877,2024-08-25 20:30:00+02,18632.0
878,2024-08-25 21:00:00+02,18508.0
879,2024-08-25 21:30:00+02,18402.0
880,2024-08-25 22:00:00+02,18316.0
881,2024-08-25 22:30:00+02,17482.0
882,2024-08-25 23:00:00+02,17199.0
883,2024-08-25 23:30:00+02,17027.0
884,2024-08-26 00:00:00+02,17071.0
885,2024-08-26 00:30:00+02,17040.0
886,2024-08-26 01:00:00+02,17143.0
887,2024-08-26 01:30:00+02,16944.0
888,2024-08-26 02:00:00+02,16432.0
889,2024-08-26 02:30:00+02,16732.0
890,2024-08-26 03:00:00+02,16384.0
891,2024-08-26 03:30:00+02,16838.0
892,2024-08-26 04:00:00+02,16490.0
893,2024-08-26 04:30:00+02,16432.0
894,2024-08-26 05:00:00+02,16512.0
895,2024-08-26 05:30:00+02,16872.0
896,2024-08-26 06:00:00+02,17130.0
897,2024-08-26 06:30:00+02,17381.0
898,2024-08-26 07:00:00+02,17548.0
899,2024-08-26 07:30:00+02,17630.0
900,2024-08-26 08:00:00+02,19033.0
901,2024-08-26 08:30:00+02,19904.0
902,2024-08-26 09:00:00+02,20402.0
903,2024-08-26 09:30:00+02,22410.0
904,2024-08-26 10:00:00+02,22360.0
905,2024-08-26 10:30:00+02,22946.0
906,2024-08-26 11:00:00+02,20537.0
907,2024-08-26 11:30:00+02,19072.0
908,2024-08-26 12:00:00+02,19744.0
909,2024-08-26 12:30:00+02,19594.0
910,2024-08-26 13:00:00+02,18944.0
911,2024-08-26 13:30:00+02,17499.0
912,2024-08-26 14:00:00+02,17312.0
913,2024-08-26 14:30:00+02,17252.0
914,2024-08-26 15:00:00+02,17128.0
915,2024-08-26 15:30:00+02,17168.0
916,2024-08-26 16:00:00+02,17264.0
917,2024-08-26 16:30:00+02,16905.0
918,2024-08-26 17:00:00+02,16661.0
919,2024-08-26 17:30:00+02,16649.0
920,2024-08-26 18:00:00+02,16672.0
921,2024-08-26 18:30:00+02,16737.0
922,2024-08-26 19:00:00+02,16720.0
923,2024-08-26 19:30:00+02,16852.0
924,2024-08-26 20:00:00+02,17064.0
925,2024-08-26 20:30:00+02,17736.0
926,2024-08-26 21:00:00+02,17548.0
927,2024-08-26 21:30:00+02,17796.0
928,2024-08-26 22:00:00+02,18382.0
929,2024-08-26 22:30:00+02,18292.0
930,2024-08-26 23:00:00+02,18345.0
931,2024-08-26 23:30:00+02,18432.0
932,2024-08-27 00:00:00+02,18788.0
933,2024-08-27 00:30:00+02,17865.0
934,2024-08-27 01:00:00+02,17671.0
935,2024-08-27 01:30:00+02,17620.0
936,2024-08-27 02:00:00+02,17537.0
937,2024-08-27 02:30:00+02,17452.0
938,2024-08-27 03:00:00+02,17760.0
939,2024-08-27 03:30:00+02,17188.0
940,2024-08-27 04:00:00+02,16427.0
941,2024-08-27 04:30:00+02,15843.0
942,2024-08-27 05:00:00+02,15902.0
943,2024-08-27 05:30:00+02,15961.0
944,2024-08-27 06:00:00+02,15991.0
945,2024-08-27 06:30:00+02,16096.0
946,2024-08-27 07:00:00+02,16160.0
947,2024-08-27 07:30:00+02,15972.0
948,2024-08-27 08:00:00+02,16072.0
949,2024-08-27 08:30:00+02,16168.0
950,2024-08-27 09:00:00+02,16402.0
951,2024-08-27 09:30:00+02,16290.0
952,2024-08-27 10:00:00+02,16932.0
953,2024-08-27 10:30:00+02,17196.0
954,2024-08-27 11:00:00+02,17348.0
955,2024-08-27 11:30:00+02,17944.0
956,2024-08-27 12:00:00+02,17679.0
957,2024-08-27 12:30:00+02,17371.0
958,2024-08-27 13:00:00+02,16729.0
959,2024-08-27 13:30:00+02,16234.0
960,2024-08-27 14:00:00+02,15880.0
961,2024-08-27 14:30:00+02,15524.0
962,2024-08-27 15:00:00+02,16016.0
963,2024-08-27 15:30:00+02,15670.0
964,2024-08-27 16:00:00+02,15684.0
965,2024-08-27 16:30:00+02,15495.0
966,2024-08-27 17:00:00+02,15427.0
967,2024-08-27 17:30:00+02,15303.0
968,2024-08-27 18:00:00+02,15501.0
969,2024-08-27 18:30:00+02,15987.0
970,2024-08-27 19:00:00+02,16048.0
971,2024-08-27 19:30:00+02,15909.0
972,2024-08-27 20:00:00+02,15574.0
973,2024-08-27 20:30:00+02,15778.0
974,2024-08-27 21:00:00+02,16064.0
975,2024-08-27 21:30:00+02,15682.0
976,2024-08-27 22:00:00+02,16131.0
977,2024-08-27 22:30:00+02,16302.0
978,2024-08-27 23:00:00+02,16554.0
979,2024-08-27 23:30:00+02,16986.0
980,2024-08-28 00:00:00+02,17167.0
981,2024-08-28 00:30:00+02,18195.0
982,2024-08-28 01:00:00+02,18558.0
983,2024-08-28 01:30:00+02,17636.0
984,2024-08-28 02:00:00+02,18049.0
985,2024-08-28 02:30:00+02,18549.0
986,2024-08-28 03:00:00+02,18348.0
987,2024-08-28 03:30:00+02,18333.0
988,2024-08-28 04:00:00+02,18838.0
989,2024-08-28 04:30:00+02,18091.0
990,2024-08-28 05:00:00+02,17401.0
991,2024-08-28 05:30:00+02,17414.0
992,2024-08-28 06:00:00+02,16722.0
993,2024-08-28 06:30:00+02,16853.0
994,2024-08-28 07:00:00+02,16868.0
995,2024-08-28 07:30:00+02,16913.0
996,2024-08-28 08:00:00+02,16743.0
997,2024-08-28 08:30:00+02,17008.0
998,2024-08-28 09:00:00+02,17116.0
999,2024-08-28 09:30:00+02,17009.0
1000,2024-08-28 10:00:00+02,17423.0
1001,2024-08-28 10:30:00+02,18048.0
1002,2024-08-28 11:00:00+02,18176.0
1003,2024-08-28 11:30:00+02,18708.0
1004,2024-08-28 12:00:00+02,19020.0
1005,2024-08-28 12:30:00+02,19658.0
1006,2024-08-28 13:00:00+02,21259.0
1007,2024-08-28 13:30:00+02,21969.0
1008,2024-08-28 14:00:00+02,26465.0
1009,2024-08-28 14:30:00+02,25074.0
1010,2024-08-28 15:00:00+02,23752.0
1011,2024-08-28 15:30:00+02,23232.0
1012,2024-08-28 16:00:00+02,23512.0
1013,2024-08-28 16:30:00+02,24544.0
1014,2024-08-28 17:00:00+02,19567.0
1015,2024-08-28 17:30:00+02,19721.0
1016,2024-08-28 18:00:00+02,21736.0
1017,2024-08-28 18:30:00+02,18080.0
1018,2024-08-28 19:00:00+02,17794.0
1019,2024-08-28 19:30:00+02,17784.0
1020,2024-08-28 20:00:00+02,17196.0
1021,2024-08-28 20:30:00+02,16854.0
1022,2024-08-28 21:00:00+02,16614.0
1023,2024-08-28 21:30:00+02,16182.0
1024,2024-08-28 22:00:00+02,17344.0
1025,2024-08-28 22:30:00+02,17130.0
1026,2024-08-28 23:00:00+02,17453.0
1027,2024-08-28 23:30:00+02,17456.0
1028,2024-08-29 00:00:00+02,18263.0
1029,2024-08-29 00:30:00+02,19394.0
1030,2024-08-29 01:00:00+02,19687.0
1031,2024-08-29 01:30:00+02,19619.0
1032,2024-08-29 02:00:00+02,21379.0
1033,2024-08-29 02:30:00+02,20751.0
1034,2024-08-29 03:00:00+02,20088.0
1035,2024-08-29 03:30:00+02,18864.0
1036,2024-08-29 04:00:00+02,18217.0
1037,2024-08-29 04:30:00+02,20669.0
1038,2024-08-29 05:00:00+02,21956.0
1039,2024-08-29 05:30:00+02,21465.0
1040,2024-08-29 06:00:00+02,20886.0
1041,2024-08-29 06:30:00+02,20271.0
1042,2024-08-29 07:00:00+02,18235.0
1043,2024-08-29 07:30:00+02,18468.0
1044,2024-08-29 08:00:00+02,18833.0
1045,2024-08-29 08:30:00+02,18667.0
1046,2024-08-29 09:00:00+02,19325.0
1047,2024-08-29 09:30:00+02,17845.0
1048,2024-08-29 10:00:00+02,18883.0
1049,2024-08-29 10:30:00+02,19204.0
1050,2024-08-29 11:00:00+02,18837.0
1051,2024-08-29 11:30:00+02,19647.0
1052,2024-08-29 12:00:00+02,18887.0
1053,2024-08-29 12:30:00+02,18700.0
1054,2024-08-29 13:00:00+02,17888.0
1055,2024-08-29 13:30:00+02,18623.0
1056,2024-08-29 14:00:00+02,18075.0
1057,2024-08-29 14:30:00+02,18626.0
1058,2024-08-29 15:00:00+02,18831.0
1059,2024-08-29 15:30:00+02,18162.0
1060,2024-08-29 16:00:00+02,18224.0
1061,2024-08-29 16:30:00+02,17612.0
1062,2024-08-29 17:00:00+02,17870.0
1063,2024-08-29 17:30:00+02,17817.0
1064,2024-08-29 18:00:00+02,16988.0
1065,2024-08-29 18:30:00+02,17254.0
1066,2024-08-29 19:00:00+02,17143.0
1067,2024-08-29 19:30:00+02,17267.0
1068,2024-08-29 20:00:00+02,17292.0
1069,2024-08-29 20:30:00+02,17664.0
1070,2024-08-29 21:00:00+02,18039.0
1071,2024-08-29 21:30:00+02,17500.0
1072,2024-08-29 22:00:00+02,17173.0
1073,2024-08-29 22:30:00+02,17674.0
1074,2024-08-29 23:00:00+02,16944.0
1075,2024-08-29 23:30:00+02,16900.0
1076,2024-08-30 00:00:00+02,16919.0
1077,2024-08-30 00:30:00+02,17145.0
1078,2024-08-30 01:00:00+02,17156.0
1079,2024-08-30 01:30:00+02,17127.0
1080,2024-08-30 02:00:00+02,17192.0
1081,2024-08-30 02:30:00+02,17380.0
1082,2024-08-30 03:00:00+02,17488.0
1083,2024-08-30 03:30:00+02,17633.0
1084,2024-08-30 04:00:00+02,17726.0
1085,2024-08-30 04:30:00+02,17420.0
1086,2024-08-30 05:00:00+02,17484.0
1087,2024-08-30 05:30:00+02,17641.0
1088,2024-08-30 06:00:00+02,17900.0
1089,2024-08-30 06:30:00+02,18341.0
1090,2024-08-30 07:00:00+02,17960.0
1091,2024-08-30 07:30:00+02,17988.0
1092,2024-08-30 08:00:00+02,17887.0
1093,2024-08-30 08:30:00+02,18193.0
1094,2024-08-30 09:00:00+02,18379.0
1095,2024-08-30 09:30:00+02,17982.0
1096,2024-08-30 10:00:00+02,17465.0
1097,2024-08-30 10:30:00+02,18108.0
1098,2024-08-30 11:00:00+02,18145.0
1099,2024-08-30 11:30:00+02,18104.0
1100,2024-08-30 12:00:00+02,17876.0
1101,2024-08-30 12:30:00+02,17835.0
1102,2024-08-30 13:00:00+02,17920.0
1103,2024-08-30 13:30:00+02,18319.0
1104,2024-08-30 14:00:00+02,18682.0
1105,2024-08-30 14:30:00+02,18643.0
1106,2024-08-30 15:00:00+02,18414.0
1107,2024-08-30 15:30:00+02,18325.0
1108,2024-08-30 16:00:00+02,18102.0
1109,2024-08-30 16:30:00+02,17280.0
1110,2024-08-30 17:00:00+02,17968.0
1111,2024-08-30 17:30:00+02,17384.0
1112,2024-08-30 18:00:00+02,17563.0
1113,2024-08-30 18:30:00+02,17485.0
1114,2024-08-30 19:00:00+02,17728.0
1115,2024-08-30 19:30:00+02,17654.0
1116,2024-08-30 20:00:00+02,17567.0
1117,2024-08-30 20:30:00+02,17600.0
1118,2024-08-30 21:00:00+02,18446.0
1119,2024-08-30 21:30:00+02,18643.0
1120,2024-08-30 22:00:00+02,19151.0
1121,2024-08-30 22:30:00+02,19330.0
1122,2024-08-30 23:00:00+02,18322.0
1123,2024-08-30 23:30:00+02,17987.0
1124,2024-08-31 00:00:00+02,17580.0
1125,2024-08-31 00:30:00+02,18137.0
1126,2024-08-31 01:00:00+02,17630.0
1127,2024-08-31 01:30:00+02,17408.0
1128,2024-08-31 02:00:00+02,17432.0
1129,2024-08-31 02:30:00+02,17334.0
1130,2024-08-31 03:00:00+02,17384.0
1131,2024-08-31 03:30:00+02,17492.0
1132,2024-08-31 04:00:00+02,17706.0
1133,2024-08-31 04:30:00+02,17484.0
1134,2024-08-31 05:00:00+02,17491.0
1135,2024-08-31 05:30:00+02,17536.0
1136,2024-08-31 06:00:00+02,17583.0
1137,2024-08-31 06:30:00+02,17712.0
1138,2024-08-31 07:00:00+02,17527.0
1139,2024-08-31 07:30:00+02,17538.0
1140,2024-08-31 08:00:00+02,17624.0
1141,2024-08-31 08:30:00+02,17766.0
1142,2024-08-31 09:00:00+02,17650.0
1143,2024-08-31 09:30:00+02,18356.0
1144,2024-08-31 10:00:00+02,17608.0
1145,2024-08-31 10:30:00+02,18099.0
1146,2024-08-31 11:00:00+02,18176.0
1147,2024-08-31 11:30:00+02,18281.0
1148,2024-08-31 12:00:00+02,19412.0
1149,2024-08-31 12:30:00+02,20071.0
1150,2024-08-31 13:00:00+02,20712.0
1151,2024-08-31 13:30:00+02,20915.0
1152,2024-08-31 14:00:00+02,19996.0
1153,2024-08-31 14:30:00+02,20474.0
1154,2024-08-31 15:00:00+02,19972.0
1155,2024-08-31 15:30:00+02,18983.0
1156,2024-08-31 16:00:00+02,18991.0
1157,2024-08-31 16:30:00+02,18518.0
1158,2024-08-31 17:00:00+02,18850.0
1159,2024-08-31 17:30:00+02,18596.0
1160,2024-08-31 18:00:00+02,18503.0
1161,2024-08-31 18:30:00+02,17968.0
1162,2024-08-31 19:00:00+02,17939.0
1163,2024-08-31 19:30:00+02,18240.0
1164,2024-08-31 20:00:00+02,17923.0
1165,2024-08-31 20:30:00+02,18290.0
1166,2024-08-31 21:00:00+02,18877.0
1167,2024-08-31 21:30:00+02,18840.0
1168,2024-08-31 22:00:00+02,18898.0
1169,2024-08-31 22:30:00+02,17770.0
1170,2024-08-31 23:00:00+02,17864.0
1171,2024-08-31 23:30:00+02,18128.0
1172,2024-09-01 00:00:00+02,18911.0
1173,2024-09-01 00:30:00+02,18849.0
1174,2024-09-01 01:00:00+02,18648.0
1175,2024-09-01 01:30:00+02,20463.0
1176,2024-09-01 02:00:00+02,19841.0
1177,2024-09-01 02:30:00+02,21447.0
1178,2024-09-01 03:00:00+02,22088.0
1179,2024-09-01 03:30:00+02,21544.0
1180,2024-09-01 04:00:00+02,20832.0
1181,2024-09-01 04:30:00+02,18808.0
1182,2024-09-01 05:00:00+02,18832.0
1183,2024-09-01 05:30:00+02,19031.0
1184,2024-09-01 06:00:00+02,19846.0
1185,2024-09-01 06:30:00+02,19356.0
1186,2024-09-01 07:00:00+02,19145.0
1187,2024-09-01 07:30:00+02,18585.0
1188,2024-09-01 08:00:00+02,18904.0
1189,2024-09-01 08:30:00+02,18787.0
1190,2024-09-01 09:00:00+02,20036.0
1191,2024-09-01 09:30:00+02,18267.0
1192,2024-09-01 10:00:00+02,18560.0
1193,2024-09-01 10:30:00+02,18903.0
1194,2024-09-01 11:00:00+02,18665.0
1195,2024-09-01 11:30:00+02,18746.0
1196,2024-09-01 12:00:00+02,19084.0
1197,2024-09-01 13:30:00+02,21711.0
1198,2024-09-01 14:00:00+02,21520.0
1199,2024-09-01 14:30:00+02,21636.0
1200,2024-09-01 15:00:00+02,21088.0
1201,2024-09-01 15:30:00+02,20504.0
1202,2024-09-01 16:00:00+02,20432.0
1203,2024-09-01 16:30:00+02,19796.0
1204,2024-09-01 17:00:00+02,19220.0
1205,2024-09-01 17:30:00+02,20183.0
1206,2024-09-01 18:00:00+02,20012.0
1207,2024-09-01 18:30:00+02,19443.0
1208,2024-09-01 19:00:00+02,19186.0
1209,2024-09-01 19:30:00+02,18706.0
1210,2024-09-01 20:00:00+02,17920.0
1211,2024-09-01 20:30:00+02,18346.0
1212,2024-09-01 21:00:00+02,18608.0
1213,2024-09-01 21:30:00+02,18212.0
1214,2024-09-01 22:00:00+02,18042.0
1215,2024-09-01 22:30:00+02,18384.0
1216,2024-09-01 23:00:00+02,18620.0
1217,2024-09-02 00:30:00+02,19772.0
1218,2024-09-02 01:00:00+02,21339.0
1219,2024-09-02 01:30:00+02,22749.0
1220,2024-09-02 02:00:00+02,21454.0
1221,2024-09-02 02:30:00+02,25903.0
1222,2024-09-02 03:00:00+02,25003.0
1223,2024-09-02 03:30:00+02,23916.0
1224,2024-09-02 04:00:00+02,24129.0
1225,2024-09-02 04:30:00+02,23112.0
1226,2024-09-02 05:00:00+02,22198.0
1227,2024-09-02 05:30:00+02,22374.0
1228,2024-09-02 06:00:00+02,20976.0
1229,2024-09-02 06:30:00+02,20260.0
1230,2024-09-02 07:00:00+02,19777.0
1231,2024-09-02 07:30:00+02,20286.0
1232,2024-09-02 08:00:00+02,19834.0
1233,2024-09-02 08:30:00+02,19830.0
1234,2024-09-02 09:00:00+02,20184.0
1235,2024-09-02 09:30:00+02,19874.0
1236,2024-09-02 10:00:00+02,20238.0
1237,2024-09-02 10:30:00+02,20344.0
1238,2024-09-02 11:00:00+02,20704.0
1239,2024-09-02 11:30:00+02,20583.0
1240,2024-09-02 12:00:00+02,20243.0
1241,2024-09-02 12:30:00+02,20217.0
1242,2024-09-02 13:00:00+02,20992.0
1243,2024-09-02 13:30:00+02,22124.0
1244,2024-09-02 14:00:00+02,22527.0
1245,2024-09-02 14:30:00+02,24363.0
1246,2024-09-02 15:00:00+02,24032.0
1247,2024-09-02 15:30:00+02,23969.0
1248,2024-09-02 16:00:00+02,23349.0
1249,2024-09-02 16:30:00+02,20954.0
1250,2024-09-02 17:00:00+02,21550.0
1251,2024-09-02 17:30:00+02,20752.0
1252,2024-09-02 18:00:00+02,20050.0
1253,2024-09-02 18:30:00+02,20415.0
1254,2024-09-02 19:00:00+02,18968.0
1255,2024-09-02 19:30:00+02,19180.0
1256,2024-09-02 20:00:00+02,19444.0
1257,2024-09-02 20:30:00+02,18673.0
1258,2024-09-02 21:00:00+02,18681.0
1259,2024-09-02 21:30:00+02,18827.0
1260,2024-09-02 22:00:00+02,18546.0
1261,2024-09-02 22:30:00+02,18513.0
1262,2024-09-02 23:00:00+02,18719.0
1263,2024-09-02 23:30:00+02,18444.0
1264,2024-09-03 00:00:00+02,18419.0
1265,2024-09-03 00:30:00+02,18645.0
1266,2024-09-03 01:00:00+02,19474.0
1267,2024-09-03 01:30:00+02,19755.0
1268,2024-09-03 02:00:00+02,20931.0
1269,2024-09-03 02:30:00+02,21208.0
1270,2024-09-03 03:00:00+02,22025.0
1271,2024-09-03 03:30:00+02,22851.0
1272,2024-09-03 04:00:00+02,22919.0
1273,2024-09-03 04:30:00+02,21676.0
1274,2024-09-03 05:00:00+02,20908.0
1275,2024-09-03 05:30:00+02,21312.0
1276,2024-09-03 06:00:00+02,21079.0
1277,2024-09-03 06:30:00+02,20736.0
1278,2024-09-03 07:00:00+02,20623.0
1279,2024-09-03 07:30:00+02,19898.0
1280,2024-09-03 08:00:00+02,18915.0
1281,2024-09-03 08:30:00+02,19201.0
1282,2024-09-03 09:00:00+02,19178.0
1283,2024-09-03 09:30:00+02,18589.0
1284,2024-09-03 10:00:00+02,18570.0
1285,2024-09-03 10:30:00+02,18756.0
1286,2024-09-03 11:00:00+02,18970.0
1287,2024-09-03 11:30:00+02,19024.0
1288,2024-09-03 12:00:00+02,19152.0
1289,2024-09-03 12:30:00+02,19578.0
1290,2024-09-03 13:00:00+02,20128.0
1291,2024-09-03 13:30:00+02,20943.0
1292,2024-09-03 14:00:00+02,20521.0
1293,2024-09-03 14:30:00+02,21604.0
1294,2024-09-03 15:00:00+02,22496.0
1295,2024-09-03 15:30:00+02,21935.0
1296,2024-09-03 16:00:00+02,22329.0
1297,2024-09-03 16:30:00+02,21600.0
1298,2024-09-03 17:00:00+02,20600.0
1299,2024-09-03 17:30:00+02,21864.0
1300,2024-09-03 18:00:00+02,24064.0
1301,2024-09-03 18:30:00+02,22934.0
1302,2024-09-03 19:00:00+02,23232.0
1303,2024-09-03 19:30:00+02,23233.0
1304,2024-09-03 20:00:00+02,22951.0
1305,2024-09-03 20:30:00+02,21718.0
1306,2024-09-03 21:00:00+02,21544.0
1307,2024-09-03 21:30:00+02,19184.0
1308,2024-09-03 22:00:00+02,18504.0
1309,2024-09-03 22:30:00+02,18256.0
1310,2024-09-03 23:00:00+02,18270.0
1311,2024-09-03 23:30:00+02,18582.0
1312,2024-09-04 00:00:00+02,19025.0
1313,2024-09-04 00:30:00+02,18908.0
1314,2024-09-04 01:00:00+02,18863.0
1315,2024-09-04 01:30:00+02,18840.0
1316,2024-09-04 02:00:00+02,20210.0
1317,2024-09-04 02:30:00+02,21787.0
1318,2024-09-04 03:00:00+02,23264.0
1319,2024-09-04 03:30:00+02,23854.0
1320,2024-09-04 04:00:00+02,24727.0
1321,2024-09-04 04:30:00+02,23880.0
1322,2024-09-04 05:00:00+02,23552.0
1323,2024-09-04 05:30:00+02,23282.0
1324,2024-09-04 06:00:00+02,22092.0
1325,2024-09-04 06:30:00+02,22384.0
1326,2024-09-04 07:00:00+02,22128.0
1327,2024-09-04 07:30:00+02,21816.0
1328,2024-09-04 08:00:00+02,20493.0
1329,2024-09-04 08:30:00+02,19169.0
1330,2024-09-04 09:00:00+02,18740.0
1331,2024-09-04 09:30:00+02,18927.0
1332,2024-09-04 10:00:00+02,18742.0
1333,2024-09-04 10:30:00+02,19140.0
1334,2024-09-04 11:00:00+02,18866.0
1335,2024-09-04 11:30:00+02,18280.0
1336,2024-09-04 12:00:00+02,18656.0
1337,2024-09-04 12:30:00+02,19511.0
1338,2024-09-04 13:00:00+02,19700.0
1339,2024-09-04 13:30:00+02,19792.0
1340,2024-09-04 14:00:00+02,20009.0
1341,2024-09-04 14:30:00+02,19878.0
1342,2024-09-04 15:00:00+02,20034.0
1343,2024-09-04 15:30:00+02,20116.0
1344,2024-09-04 16:00:00+02,21828.0
1345,2024-09-04 16:30:00+02,21472.0
1346,2024-09-04 17:00:00+02,21858.0
1347,2024-09-04 17:30:00+02,22780.0
1348,2024-09-04 18:00:00+02,22766.0
1349,2024-09-04 18:30:00+02,22595.0
1350,2024-09-04 19:00:00+02,21657.0
1351,2024-09-04 19:30:00+02,21437.0
1352,2024-09-04 20:00:00+02,20997.0
1353,2024-09-04 20:30:00+02,20171.0
1354,2024-09-04 21:00:00+02,19424.0
1355,2024-09-04 21:30:00+02,19379.0
1356,2024-09-04 22:00:00+02,19326.0
1357,2024-09-04 22:30:00+02,19536.0
1358,2024-09-04 23:00:00+02,19200.0
1359,2024-09-04 23:30:00+02,19170.0
1360,2024-09-05 00:00:00+02,19465.0
1361,2024-09-05 00:30:00+02,19543.0
1362,2024-09-05 01:00:00+02,19952.0
1363,2024-09-05 01:30:00+02,20576.0
1364,2024-09-05 02:00:00+02,21063.0
1365,2024-09-05 02:30:00+02,20455.0
1366,2024-09-05 03:00:00+02,21031.0
1367,2024-09-05 03:30:00+02,21806.0
1368,2024-09-05 04:00:00+02,22064.0
1369,2024-09-05 04:30:00+02,21365.0
1370,2024-09-05 05:00:00+02,21440.0
1371,2024-09-05 05:30:00+02,21648.0
1372,2024-09-05 06:00:00+02,20928.0
1373,2024-09-05 06:30:00+02,21505.0
1374,2024-09-05 07:00:00+02,21724.0
1375,2024-09-05 07:30:00+02,21895.0
1376,2024-09-05 08:00:00+02,20094.0
1377,2024-09-05 08:30:00+02,19104.0
1378,2024-09-05 09:00:00+02,19876.0
1379,2024-09-05 09:30:00+02,19968.0
1380,2024-09-05 10:00:00+02,19560.0
1381,2024-09-05 10:30:00+02,18944.0
1382,2024-09-05 11:00:00+02,19017.0
1383,2024-09-05 11:30:00+02,18912.0
1384,2024-09-05 12:00:00+02,18984.0
1385,2024-09-05 12:30:00+02,19212.0
1386,2024-09-05 13:00:00+02,19110.0
1387,2024-09-05 13:30:00+02,19443.0
1388,2024-09-05 14:00:00+02,19742.0
1389,2024-09-05 14:30:00+02,19953.0
1390,2024-09-05 15:00:00+02,20155.0
1391,2024-09-05 15:30:00+02,20221.0
1392,2024-09-05 16:00:00+02,20962.0
1393,2024-09-05 16:30:00+02,20338.0
1394,2024-09-05 17:00:00+02,20190.0
1395,2024-09-05 17:30:00+02,20001.0
1396,2024-09-05 18:00:00+02,20580.0
1397,2024-09-05 18:30:00+02,21123.0
1398,2024-09-05 19:00:00+02,21782.0
1399,2024-09-05 19:30:00+02,20288.0
1400,2024-09-05 20:00:00+02,20650.0
1401,2024-09-05 20:30:00+02,20708.0
1402,2024-09-05 21:00:00+02,19395.0
1403,2024-09-05 21:30:00+02,19653.0
1404,2024-09-05 22:00:00+02,20047.0
1405,2024-09-05 22:30:00+02,18925.0
1406,2024-09-05 23:00:00+02,18871.0
1407,2024-09-05 23:30:00+02,18535.0
1408,2024-09-06 00:00:00+02,18660.0
1409,2024-09-06 00:30:00+02,18696.0
1410,2024-09-06 01:00:00+02,19046.0
1411,2024-09-06 01:30:00+02,18928.0
1412,2024-09-06 02:00:00+02,18698.0
1413,2024-09-06 02:30:00+02,18818.0
1414,2024-09-06 03:00:00+02,19098.0
1415,2024-09-06 03:30:00+02,20112.0
1416,2024-09-06 04:00:00+02,21364.0
1417,2024-09-06 04:30:00+02,22132.0
1418,2024-09-06 05:00:00+02,21988.0
1419,2024-09-06 05:30:00+02,21378.0
1420,2024-09-06 06:00:00+02,20564.0
1421,2024-09-06 06:30:00+02,20416.0
1422,2024-09-06 07:00:00+02,20256.0
1423,2024-09-06 07:30:00+02,19777.0
1424,2024-09-06 08:00:00+02,19352.0
1425,2024-09-06 08:30:00+02,19265.0
1426,2024-09-06 09:00:00+02,19132.0
1427,2024-09-06 09:30:00+02,18755.0
1428,2024-09-06 10:00:00+02,18834.0
1429,2024-09-06 10:30:00+02,19036.0
1430,2024-09-06 11:00:00+02,18493.0
1431,2024-09-06 11:30:00+02,18337.0
1432,2024-09-06 12:00:00+02,18352.0
1433,2024-09-06 12:30:00+02,18400.0
1434,2024-09-06 13:00:00+02,18460.0
1435,2024-09-06 13:30:00+02,18422.0
1436,2024-09-06 14:00:00+02,18233.0
1437,2024-09-06 14:30:00+02,18399.0
1438,2024-09-06 15:00:00+02,18688.0
1439,2024-09-06 15:30:00+02,18928.0
1440,2024-09-06 16:00:00+02,19392.0
1441,2024-09-06 16:30:00+02,20278.0
1442,2024-09-06 17:00:00+02,20988.0
1443,2024-09-06 17:30:00+02,21535.0
1444,2024-09-06 18:00:00+02,20610.0
1445,2024-09-06 18:30:00+02,19872.0
1446,2024-09-06 19:00:00+02,19382.0
1447,2024-09-06 19:30:00+02,19200.0
1448,2024-09-06 20:00:00+02,18924.0
1449,2024-09-06 20:30:00+02,18548.0
1450,2024-09-06 21:00:00+02,17930.0
1451,2024-09-06 21:30:00+02,18214.0
1452,2024-09-06 22:00:00+02,18183.0
1453,2024-09-06 22:30:00+02,18275.0
1454,2024-09-06 23:00:00+02,18128.0
1455,2024-09-06 23:30:00+02,18399.0
1456,2024-09-07 00:00:00+02,18257.0
1457,2024-09-07 00:30:00+02,18606.0
1458,2024-09-07 01:00:00+02,18872.0
1459,2024-09-07 01:30:00+02,19168.0
1460,2024-09-07 02:00:00+02,18936.0
1461,2024-09-07 02:30:00+02,19224.0
1462,2024-09-07 03:00:00+02,19381.0
1463,2024-09-07 03:30:00+02,19544.0
1464,2024-09-07 04:00:00+02,19599.0
1465,2024-09-07 04:30:00+02,20071.0
1466,2024-09-07 05:00:00+02,20419.0
1467,2024-09-07 05:30:00+02,20484.0
1468,2024-09-07 06:00:00+02,20163.0
1469,2024-09-07 06:30:00+02,19081.0
1470,2024-09-07 07:00:00+02,18848.0
1471,2024-09-07 07:30:00+02,18391.0
1472,2024-09-07 08:00:00+02,18276.0
1473,2024-09-07 08:30:00+02,18638.0
1474,2024-09-07 09:00:00+02,18278.0
1475,2024-09-07 09:30:00+02,18136.0
1476,2024-09-07 10:00:00+02,18160.0
1477,2024-09-07 10:30:00+02,18140.0
1478,2024-09-07 11:00:00+02,18121.0
1479,2024-09-07 11:30:00+02,18121.0
1480,2024-09-07 12:00:00+02,18183.0
1481,2024-09-07 12:30:00+02,18261.0
1482,2024-09-07 13:00:00+02,18433.0
1483,2024-09-07 13:30:00+02,18586.0
1484,2024-09-07 14:00:00+02,18496.0
1485,2024-09-07 14:30:00+02,18546.0
1486,2024-09-07 15:00:00+02,18628.0
1487,2024-09-07 15:30:00+02,18570.0
1488,2024-09-07 16:00:00+02,18272.0
1489,2024-09-07 16:30:00+02,18330.0
1490,2024-09-07 17:00:00+02,18689.0
1491,2024-09-07 17:30:00+02,18707.0
1492,2024-09-07 18:00:00+02,18833.0
1493,2024-09-07 18:30:00+02,18798.0
1494,2024-09-07 19:00:00+02,18694.0
1495,2024-09-07 19:30:00+02,18624.0
1496,2024-09-07 20:00:00+02,18528.0
1497,2024-09-07 20:30:00+02,18367.0
1498,2024-09-07 21:00:00+02,18210.0
1499,2024-09-07 21:30:00+02,18190.0
1500,2024-09-07 22:00:00+02,18255.0
1501,2024-09-07 22:30:00+02,18258.0
1502,2024-09-07 23:00:00+02,18157.0
1503,2024-09-07 23:30:00+02,18140.0
1504,2024-09-08 00:00:00+02,18135.0
1505,2024-09-08 00:30:00+02,18133.0
1506,2024-09-08 01:00:00+02,18154.0
1507,2024-09-08 01:30:00+02,18250.0
1508,2024-09-08 02:00:00+02,18238.0
1509,2024-09-08 02:30:00+02,18112.0
1510,2024-09-08 03:00:00+02,18312.0
1511,2024-09-08 03:30:00+02,18756.0
1512,2024-09-08 04:00:00+02,18808.0
1513,2024-09-08 04:30:00+02,18351.0
1514,2024-09-08 05:00:00+02,18185.0
1515,2024-09-08 05:30:00+02,18180.0
1516,2024-09-08 06:00:00+02,18238.0
1517,2024-09-08 06:30:00+02,18429.0
1518,2024-09-08 07:00:00+02,18757.0
1519,2024-09-08 07:30:00+02,18648.0
1520,2024-09-08 08:00:00+02,18584.0
1521,2024-09-08 08:30:00+02,18558.0
1522,2024-09-08 09:00:00+02,18452.0
1523,2024-09-08 09:30:00+02,18461.0
1524,2024-09-08 10:00:00+02,18328.0
1525,2024-09-08 10:30:00+02,18220.0
1526,2024-09-08 11:00:00+02,18195.0
1527,2024-09-08 11:30:00+02,18213.0
1528,2024-09-08 12:00:00+02,18222.0
1529,2024-09-08 12:30:00+02,18208.0
1530,2024-09-08 13:00:00+02,18176.0
1531,2024-09-08 13:30:00+02,18240.0
1532,2024-09-08 14:00:00+02,18225.0
1533,2024-09-08 14:30:00+02,18240.0
1534,2024-09-08 15:00:00+02,18212.0
1535,2024-09-08 15:30:00+02,18284.0
1536,2024-09-08 16:00:00+02,18354.0
1537,2024-09-08 16:30:00+02,18230.0
1538,2024-09-08 17:00:00+02,18243.0
1539,2024-09-08 17:30:00+02,18576.0
1540,2024-09-08 18:00:00+02,18470.0
1541,2024-09-08 18:30:00+02,18492.0
1542,2024-09-08 19:00:00+02,18769.0
1543,2024-09-08 19:30:00+02,18615.0
1544,2024-09-08 20:00:00+02,18560.0
1545,2024-09-08 20:30:00+02,18483.0
1546,2024-09-08 21:00:00+02,18378.0
1547,2024-09-08 21:30:00+02,18280.0
1548,2024-09-08 22:00:00+02,18339.0
1549,2024-09-08 22:30:00+02,18122.0
1550,2024-09-08 23:00:00+02,18464.0
1551,2024-09-08 23:30:00+02,18289.0
1552,2024-09-09 00:00:00+02,18270.0
1553,2024-09-09 00:30:00+02,18219.0
1554,2024-09-09 01:00:00+02,18144.0
1555,2024-09-09 01:30:00+02,18232.0
1556,2024-09-09 02:00:00+02,18176.0
1557,2024-09-09 02:30:00+02,18252.0
1558,2024-09-09 03:00:00+02,18280.0
1559,2024-09-09 03:30:00+02,18321.0
1560,2024-09-09 04:00:00+02,18323.0
1561,2024-09-09 04:30:00+02,18370.0
1562,2024-09-09 05:00:00+02,18532.0
1563,2024-09-09 05:30:00+02,18180.0
1564,2024-09-09 06:00:00+02,18264.0
1565,2024-09-09 06:30:00+02,18441.0
1566,2024-09-09 07:00:00+02,18420.0
1567,2024-09-09 07:30:00+02,18434.0
1568,2024-09-09 08:00:00+02,18532.0
1569,2024-09-09 08:30:00+02,18434.0
1570,2024-09-09 09:00:00+02,18113.0
1571,2024-09-09 09:30:00+02,18121.0
1572,2024-09-09 10:00:00+02,18148.0
1573,2024-09-09 10:30:00+02,18179.0
1574,2024-09-09 11:00:00+02,18299.0
1575,2024-09-09 11:30:00+02,18380.0
1576,2024-09-09 12:00:00+02,18420.0
1577,2024-09-09 12:30:00+02,18401.0
1578,2024-09-09 13:00:00+02,18418.0
1579,2024-09-09 13:30:00+02,18700.0
1580,2024-09-09 14:00:00+02,18328.0
1581,2024-09-09 14:30:00+02,18290.0
1582,2024-09-09 15:00:00+02,18336.0
1583,2024-09-09 15:30:00+02,18262.0
1584,2024-09-09 16:00:00+02,18280.0
1585,2024-09-09 16:30:00+02,18287.0
1586,2024-09-09 17:00:00+02,18104.0
1587,2024-09-09 17:30:00+02,18200.0
1588,2024-09-09 18:00:00+02,18223.0
1589,2024-09-09 18:30:00+02,18232.0
1590,2024-09-09 19:00:00+02,18120.0
1591,2024-09-09 19:30:00+02,18257.0
1592,2024-09-09 20:00:00+02,18264.0
1593,2024-09-09 20:30:00+02,18214.0
1594,2024-09-09 21:00:00+02,18236.0
1595,2024-09-09 21:30:00+02,18329.0
1596,2024-09-09 22:00:00+02,18349.0
1597,2024-09-09 22:30:00+02,18293.0
1598,2024-09-09 23:00:00+02,18380.0
1599,2024-09-09 23:30:00+02,18242.0
1600,2024-09-10 00:00:00+02,18352.0
1601,2024-09-10 00:30:00+02,18449.0
1602,2024-09-10 01:00:00+02,18562.0
1603,2024-09-10 01:30:00+02,18160.0
1604,2024-09-10 02:00:00+02,18252.0
1605,2024-09-10 02:30:00+02,18280.0
1606,2024-09-10 03:00:00+02,18326.0
1607,2024-09-10 03:30:00+02,18072.0
1608,2024-09-10 04:00:00+02,18111.0
1609,2024-09-10 04:30:00+02,18071.0
1610,2024-09-10 05:00:00+02,18013.0
1611,2024-09-10 05:30:00+02,18028.0
1612,2024-09-10 06:00:00+02,18159.0
1613,2024-09-10 06:30:00+02,18140.0
1614,2024-09-10 07:00:00+02,18240.0
1615,2024-09-10 07:30:00+02,18492.0
1616,2024-09-10 08:00:00+02,18868.0
1617,2024-09-10 08:30:00+02,18665.0
1618,2024-09-10 09:00:00+02,18653.0
1619,2024-09-10 09:30:00+02,18560.0
1620,2024-09-10 10:00:00+02,18632.0
1621,2024-09-10 10:30:00+02,18510.0
1622,2024-09-10 11:00:00+02,18080.0
1623,2024-09-10 11:30:00+02,18156.0
1624,2024-09-10 12:00:00+02,18180.0
1625,2024-09-10 12:30:00+02,18176.0
1626,2024-09-10 13:00:00+02,18154.0
1627,2024-09-10 13:30:00+02,18050.0
1628,2024-09-10 14:00:00+02,18063.0
1629,2024-09-10 14:30:00+02,17965.0
1630,2024-09-10 15:00:00+02,18184.0
1631,2024-09-10 15:30:00+02,18364.0
1632,2024-09-10 16:00:00+02,18112.0
1633,2024-09-10 16:30:00+02,17816.0
1634,2024-09-10 17:00:00+02,17906.0
1635,2024-09-10 17:30:00+02,17938.0
1636,2024-09-10 18:00:00+02,18828.0
1637,2024-09-10 18:30:00+02,18257.0
1638,2024-09-10 19:00:00+02,18631.0
1639,2024-09-10 19:30:00+02,18431.0
1640,2024-09-10 20:00:00+02,18696.0
1641,2024-09-10 20:30:00+02,18411.0
1642,2024-09-10 21:00:00+02,18457.0
1643,2024-09-10 21:30:00+02,18053.0
1644,2024-09-10 22:00:00+02,19532.0
1645,2024-09-10 22:30:00+02,20706.0
1646,2024-09-10 23:00:00+02,21679.0
1647,2024-09-10 23:30:00+02,19195.0
1648,2024-09-11 00:00:00+02,20945.0
1649,2024-09-11 00:30:00+02,20794.0
1650,2024-09-11 01:00:00+02,20380.0
1651,2024-09-11 01:30:00+02,20322.0
1652,2024-09-11 02:00:00+02,20725.0
1653,2024-09-11 02:30:00+02,20472.0
1654,2024-09-11 03:00:00+02,19568.0
1655,2024-09-11 03:30:00+02,19809.0
1656,2024-09-11 04:00:00+02,20112.0
1657,2024-09-11 04:30:00+02,20048.0
1658,2024-09-11 05:00:00+02,19504.0
1659,2024-09-11 05:30:00+02,19120.0
1660,2024-09-11 06:00:00+02,19003.0
1661,2024-09-11 06:30:00+02,18794.0
1662,2024-09-11 07:00:00+02,18949.0
1663,2024-09-11 07:30:00+02,19242.0
1664,2024-09-11 08:00:00+02,19536.0
1665,2024-09-11 08:30:00+02,20594.0
1666,2024-09-11 09:00:00+02,21000.0
1667,2024-09-11 09:30:00+02,20586.0
1668,2024-09-11 10:00:00+02,20017.0
1669,2024-09-11 10:30:00+02,19495.0
1670,2024-09-11 11:00:00+02,19284.0
1671,2024-09-11 11:30:00+02,19563.0
1672,2024-09-11 12:00:00+02,19732.0
1673,2024-09-11 12:30:00+02,20764.0
1674,2024-09-11 13:00:00+02,20295.0
1675,2024-09-11 13:30:00+02,20392.0
1676,2024-09-11 14:00:00+02,20159.0
1677,2024-09-11 14:30:00+02,19884.0
1678,2024-09-11 15:00:00+02,19792.0
1679,2024-09-11 15:30:00+02,19980.0
1680,2024-09-11 16:00:00+02,20344.0
1681,2024-09-11 16:30:00+02,20889.0
1682,2024-09-11 17:00:00+02,20336.0
1683,2024-09-11 17:30:00+02,19732.0
1684,2024-09-11 18:00:00+02,20171.0
1685,2024-09-11 18:30:00+02,20648.0
1686,2024-09-11 19:00:00+02,20448.0
1687,2024-09-11 19:30:00+02,20360.0
1688,2024-09-11 20:00:00+02,20608.0
1689,2024-09-11 20:30:00+02,20801.0
1690,2024-09-11 21:00:00+02,20939.0
1691,2024-09-11 21:30:00+02,21172.0
1692,2024-09-11 22:00:00+02,21408.0
1693,2024-09-11 22:30:00+02,22004.0
1694,2024-09-11 23:00:00+02,22248.0
1695,2024-09-11 23:30:00+02,23273.0
1696,2024-09-12 00:00:00+02,22479.0
1697,2024-09-12 00:30:00+02,21320.0
1698,2024-09-12 01:00:00+02,21051.0
1699,2024-09-12 01:30:00+02,21344.0
1700,2024-09-12 02:00:00+02,21664.0
1701,2024-09-12 02:30:00+02,23206.0
1702,2024-09-12 03:00:00+02,22423.0
1703,2024-09-12 03:30:00+02,21880.0
1704,2024-09-12 04:00:00+02,21888.0
1705,2024-09-12 04:30:00+02,21184.0
1706,2024-09-12 05:00:00+02,21264.0
1707,2024-09-12 05:30:00+02,21511.0
1708,2024-09-12 06:00:00+02,22338.0
1709,2024-09-12 06:30:00+02,20979.0
1710,2024-09-12 07:00:00+02,20636.0
1711,2024-09-12 07:30:00+02,21013.0
1712,2024-09-12 08:00:00+02,22130.0
1713,2024-09-12 08:30:00+02,24087.0
1714,2024-09-12 09:00:00+02,24817.0
1715,2024-09-12 09:30:00+02,24415.0
1716,2024-09-12 10:00:00+02,23680.0
1717,2024-09-12 10:30:00+02,23830.0
1718,2024-09-12 11:00:00+02,22905.0
1719,2024-09-12 11:30:00+02,22260.0
1720,2024-09-12 12:00:00+02,21021.0
1721,2024-09-12 12:30:00+02,21968.0
1722,2024-09-12 13:00:00+02,21932.0
1723,2024-09-12 13:30:00+02,23451.0
1724,2024-09-12 14:00:00+02,23618.0
1725,2024-09-12 14:30:00+02,25553.0
1726,2024-09-12 15:00:00+02,26444.0
1727,2024-09-12 15:30:00+02,25062.0
1728,2024-09-12 16:00:00+02,24560.0
1729,2024-09-12 16:30:00+02,25176.0
1730,2024-09-12 17:00:00+02,25216.0
1731,2024-09-12 17:30:00+02,25346.0
1732,2024-09-12 18:00:00+02,25508.0
1733,2024-09-12 18:30:00+02,25429.0
1734,2024-09-12 19:00:00+02,24126.0
1735,2024-09-12 19:30:00+02,22486.0
1736,2024-09-12 20:00:00+02,22027.0
1737,2024-09-12 20:30:00+02,22424.0
1738,2024-09-12 21:00:00+02,22307.0
1739,2024-09-12 21:30:00+02,22482.0
1740,2024-09-12 22:00:00+02,22876.0
1741,2024-09-12 22:30:00+02,22960.0
1742,2024-09-12 23:00:00+02,24088.0
1743,2024-09-12 23:30:00+02,24010.0
1744,2024-09-13 00:00:00+02,24205.0
1745,2024-09-13 00:30:00+02,23620.0
1746,2024-09-13 01:00:00+02,23216.0
1747,2024-09-13 01:30:00+02,23042.0
1748,2024-09-13 02:00:00+02,22519.0
1749,2024-09-13 02:30:00+02,23124.0
1750,2024-09-13 03:00:00+02,22826.0
1751,2024-09-13 03:30:00+02,23121.0
1752,2024-09-13 04:00:00+02,22853.0
1753,2024-09-13 04:30:00+02,22265.0
1754,2024-09-13 05:00:00+02,22250.0
1755,2024-09-13 05:30:00+02,21750.0
1756,2024-09-13 06:00:00+02,21728.0
1757,2024-09-13 06:30:00+02,21760.0
1758,2024-09-13 07:00:00+02,21817.0
1759,2024-09-13 07:30:00+02,21922.0
1760,2024-09-13 08:00:00+02,22256.0
1761,2024-09-13 08:30:00+02,22401.0
1762,2024-09-13 09:00:00+02,22643.0
1763,2024-09-13 09:30:00+02,22299.0
1764,2024-09-13 10:00:00+02,21646.0
1765,2024-09-13 10:30:00+02,22080.0
1766,2024-09-13 11:00:00+02,21633.0
1767,2024-09-13 11:30:00+02,21760.0
1768,2024-09-13 12:00:00+02,22002.0
1769,2024-09-13 12:30:00+02,21738.0
1770,2024-09-13 13:00:00+02,21640.0
1771,2024-09-13 13:30:00+02,21772.0
1772,2024-09-13 14:00:00+02,22352.0
1773,2024-09-13 14:30:00+02,22024.0
1774,2024-09-13 15:00:00+02,22159.0
1775,2024-09-13 15:30:00+02,22287.0
1776,2024-09-13 16:00:00+02,21848.0
1777,2024-09-13 16:30:00+02,21800.0
1778,2024-09-13 17:00:00+02,21415.0
1779,2024-09-13 17:30:00+02,21749.0
1780,2024-09-13 18:00:00+02,21700.0
1781,2024-09-13 18:30:00+02,21848.0
1782,2024-09-13 19:00:00+02,21820.0
1783,2024-09-13 19:30:00+02,21942.0
1784,2024-09-13 20:00:00+02,21882.0
1785,2024-09-13 20:30:00+02,21852.0
1786,2024-09-13 21:00:00+02,21804.0
1787,2024-09-13 21:30:00+02,21504.0
1788,2024-09-13 22:00:00+02,21352.0
1789,2024-09-13 22:30:00+02,21442.0
1790,2024-09-13 23:00:00+02,21712.0
1791,2024-09-13 23:30:00+02,21834.0
1792,2024-09-14 00:00:00+02,21611.0
1793,2024-09-14 00:30:00+02,22038.0
1794,2024-09-14 01:00:00+02,21877.0
1795,2024-09-14 01:30:00+02,21809.0
1796,2024-09-14 02:00:00+02,23202.0
1797,2024-09-14 02:30:00+02,23065.0
1798,2024-09-14 03:00:00+02,22822.0
1799,2024-09-14 03:30:00+02,22946.0
1800,2024-09-14 04:00:00+02,22824.0
1801,2024-09-14 04:30:00+02,22656.0
1802,2024-09-14 05:00:00+02,22467.0
1803,2024-09-14 05:30:00+02,22464.0
1804,2024-09-14 06:00:00+02,22512.0
1805,2024-09-14 06:30:00+02,22115.0
1806,2024-09-14 07:00:00+02,22078.0
1807,2024-09-14 07:30:00+02,22564.0
1808,2024-09-14 08:00:00+02,22420.0
1809,2024-09-14 08:30:00+02,22854.0
1810,2024-09-14 09:00:00+02,23388.0
1811,2024-09-14 09:30:00+02,23313.0
1812,2024-09-14 10:00:00+02,22183.0
1813,2024-09-14 10:30:00+02,22671.0
1814,2024-09-14 11:00:00+02,22103.0
1815,2024-09-14 11:30:00+02,21746.0
1816,2024-09-14 12:00:00+02,22363.0
1817,2024-09-14 12:30:00+02,22309.0
1818,2024-09-14 13:00:00+02,22412.0
1819,2024-09-14 15:00:00+02,22329.0
1820,2024-09-14 15:30:00+02,22558.0
1821,2024-09-14 16:00:00+02,22737.0
1822,2024-09-14 16:30:00+02,22807.0
1823,2024-09-14 17:00:00+02,22529.0
1824,2024-09-14 17:30:00+02,22752.0
1825,2024-09-14 18:00:00+02,22211.0
1826,2024-09-14 18:30:00+02,22414.0
1827,2024-09-14 19:00:00+02,22746.0
1828,2024-09-14 19:30:00+02,22594.0
1829,2024-09-14 20:00:00+02,22458.0
1830,2024-09-14 20:30:00+02,22316.0
1831,2024-09-14 21:00:00+02,22224.0
1832,2024-09-14 21:30:00+02,22681.0
1833,2024-09-14 22:00:00+02,22720.0
1834,2024-09-14 22:30:00+02,22470.0
1835,2024-09-14 23:00:00+02,22018.0
1836,2024-09-14 23:30:00+02,22633.0
1837,2024-09-15 00:00:00+02,22727.0
1838,2024-09-15 00:30:00+02,22961.0
1839,2024-09-15 01:00:00+02,23496.0
1840,2024-09-15 01:30:00+02,23763.0
1841,2024-09-15 02:00:00+02,23268.0
1842,2024-09-15 02:30:00+02,23474.0
1843,2024-09-15 03:00:00+02,23900.0
1844,2024-09-15 03:30:00+02,23714.0
1845,2024-09-15 04:00:00+02,23409.0
1846,2024-09-15 04:30:00+02,24179.0
1847,2024-09-15 05:00:00+02,25324.0
1848,2024-09-15 05:30:00+02,25025.0
1849,2024-09-15 06:00:00+02,23945.0
1850,2024-09-15 06:30:00+02,23184.0
1851,2024-09-15 07:00:00+02,23223.0
1852,2024-09-15 07:30:00+02,22558.0
1853,2024-09-15 08:00:00+02,21862.0
1854,2024-09-15 08:30:00+02,22697.0
1855,2024-09-15 09:00:00+02,22408.0
1856,2024-09-15 09:30:00+02,22636.0
1857,2024-09-15 10:00:00+02,22452.0
1858,2024-09-15 10:30:00+02,22984.0
1859,2024-09-15 11:00:00+02,23226.0
1860,2024-09-15 11:30:00+02,23332.0
1861,2024-09-15 12:00:00+02,23632.0
1862,2024-09-15 12:30:00+02,23620.0
1863,2024-09-15 13:00:00+02,23112.0
1864,2024-09-15 13:30:00+02,22548.0
1865,2024-09-15 14:00:00+02,22720.0
1866,2024-09-15 14:30:00+02,22497.0
1867,2024-09-15 15:00:00+02,23064.0
1868,2024-09-15 15:30:00+02,23713.0
1869,2024-09-15 16:00:00+02,23680.0
1870,2024-09-15 16:30:00+02,23728.0
1871,2024-09-15 17:00:00+02,23578.0
1872,2024-09-15 17:30:00+02,23642.0
1873,2024-09-15 18:00:00+02,23604.0
1874,2024-09-15 18:30:00+02,23972.0
1875,2024-09-15 19:00:00+02,23576.0
1876,2024-09-15 19:30:00+02,23519.0
1877,2024-09-15 20:00:00+02,24256.0
1878,2024-09-15 20:30:00+02,23097.0
1879,2024-09-15 21:00:00+02,23224.0
1880,2024-09-15 21:30:00+02,23562.0
1881,2024-09-15 22:00:00+02,24964.0
1882,2024-09-15 22:30:00+02,24179.0
1883,2024-09-15 23:00:00+02,23903.0
1884,2024-09-15 23:30:00+02,23988.0
1885,2024-09-16 00:00:00+02,23815.0
1886,2024-09-16 00:30:00+02,23487.0
1887,2024-09-16 01:00:00+02,24303.0
1888,2024-09-16 01:30:00+02,24104.0
1889,2024-09-16 02:00:00+02,22642.0
1890,2024-09-16 02:30:00+02,22993.0
1891,2024-09-16 03:00:00+02,23508.0
1892,2024-09-16 03:30:00+02,22973.0
1893,2024-09-16 04:00:00+02,23524.0
1894,2024-09-16 04:30:00+02,24816.0
1895,2024-09-16 05:00:00+02,24323.0
1896,2024-09-16 05:30:00+02,24664.0
1897,2024-09-16 06:00:00+02,23709.0
1898,2024-09-16 06:30:00+02,22964.0
1899,2024-09-16 07:00:00+02,23053.0
1900,2024-09-16 07:30:00+02,22500.0
1901,2024-09-16 08:00:00+02,22514.0
1902,2024-09-16 08:30:00+02,22464.0
1903,2024-09-16 09:00:00+02,22691.0
1904,2024-09-16 09:30:00+02,21670.0
1905,2024-09-16 10:00:00+02,21494.0
1906,2024-09-16 10:30:00+02,21056.0
1907,2024-09-16 11:00:00+02,20865.0
