0,2024-08-07 12:24:00+02,524800.0
1,2024-08-07 12:27:00+02,524288.0
2,2024-08-07 14:00:00+02,0.0
3,2024-08-07 14:30:00+02,0.0
4,2024-08-07 15:00:00+02,0.0
5,2024-08-07 15:30:00+02,0.0
6,2024-08-07 16:00:00+02,0.0
7,2024-08-07 16:30:00+02,0.0
8,2024-08-07 17:00:00+02,0.0
9,2024-08-07 17:30:00+02,0.0
10,2024-08-07 18:00:00+02,0.0
11,2024-08-07 18:30:00+02,0.0
12,2024-08-07 19:00:00+02,0.0
13,2024-08-07 19:30:00+02,0.0
14,2024-08-07 20:00:00+02,0.0
15,2024-08-07 20:30:00+02,0.0
16,2024-08-07 21:00:00+02,0.0
17,2024-08-07 21:30:00+02,0.0
18,2024-08-07 22:00:00+02,0.0
19,2024-08-07 22:30:00+02,0.0
20,2024-08-07 23:00:00+02,0.0
21,2024-08-07 23:30:00+02,0.0
22,2024-08-08 00:00:00+02,0.0
23,2024-08-08 00:30:00+02,0.0
24,2024-08-08 01:00:00+02,0.0
25,2024-08-08 01:30:00+02,0.0
26,2024-08-08 02:00:00+02,0.0
27,2024-08-08 02:30:00+02,0.0
28,2024-08-08 03:00:00+02,0.0
29,2024-08-08 03:30:00+02,0.0
30,2024-08-08 04:00:00+02,0.0
31,2024-08-08 04:30:00+02,136.0
32,2024-08-08 05:00:00+02,0.0
33,2024-08-08 05:30:00+02,0.0
34,2024-08-08 06:00:00+02,0.0
35,2024-08-08 06:30:00+02,0.0
36,2024-08-08 07:00:00+02,0.0
37,2024-08-08 07:30:00+02,0.0
38,2024-08-08 08:00:00+02,0.0
39,2024-08-08 08:30:00+02,0.0
40,2024-08-08 09:00:00+02,0.0
41,2024-08-08 09:30:00+02,0.0
42,2024-08-08 10:00:00+02,0.0
43,2024-08-08 10:30:00+02,0.0
44,2024-08-08 11:00:00+02,0.0
45,2024-08-08 11:30:00+02,0.0
46,2024-08-08 12:00:00+02,0.0
47,2024-08-08 12:30:00+02,0.0
48,2024-08-08 13:00:00+02,0.0
49,2024-08-08 13:30:00+02,0.0
50,2024-08-08 14:00:00+02,0.0
51,2024-08-08 14:30:00+02,0.0
52,2024-08-08 15:00:00+02,0.0
53,2024-08-08 15:30:00+02,0.0
54,2024-08-08 16:00:00+02,0.0
55,2024-08-08 16:30:00+02,0.0
56,2024-08-08 17:00:00+02,0.0
57,2024-08-08 17:30:00+02,0.0
58,2024-08-08 18:00:00+02,0.0
59,2024-08-08 18:30:00+02,0.0
60,2024-08-08 19:00:00+02,0.0
61,2024-08-08 19:30:00+02,0.0
62,2024-08-08 20:00:00+02,0.0
63,2024-08-08 20:30:00+02,0.0
64,2024-08-08 21:00:00+02,0.0
65,2024-08-08 21:30:00+02,0.0
66,2024-08-08 22:00:00+02,0.0
67,2024-08-08 22:30:00+02,0.0
68,2024-08-08 23:00:00+02,0.0
69,2024-08-08 23:30:00+02,0.0
70,2024-08-09 00:00:00+02,0.0
71,2024-08-09 00:30:00+02,0.0
72,2024-08-09 01:00:00+02,0.0
73,2024-08-09 01:30:00+02,0.0
74,2024-08-09 02:00:00+02,0.0
75,2024-08-09 02:30:00+02,0.0
76,2024-08-09 03:00:00+02,0.0
77,2024-08-09 03:30:00+02,0.0
78,2024-08-09 04:00:00+02,0.0
79,2024-08-09 04:30:00+02,0.0
80,2024-08-09 05:00:00+02,0.0
81,2024-08-09 05:30:00+02,0.0
82,2024-08-09 06:00:00+02,0.0
83,2024-08-09 06:30:00+02,0.0
84,2024-08-09 07:00:00+02,0.0
85,2024-08-09 07:30:00+02,0.0
86,2024-08-09 08:00:00+02,0.0
87,2024-08-09 08:30:00+02,0.0
88,2024-08-09 09:00:00+02,0.0
89,2024-08-09 09:30:00+02,0.0
90,2024-08-09 10:00:00+02,0.0
91,2024-08-09 10:30:00+02,0.0
92,2024-08-09 11:30:00+02,0.0
93,2024-08-09 12:00:00+02,0.0
94,2024-08-09 12:30:00+02,0.0
95,2024-08-09 13:00:00+02,0.0
96,2024-08-09 13:30:00+02,0.0
97,2024-08-09 14:00:00+02,0.0
98,2024-08-09 14:30:00+02,0.0
99,2024-08-09 15:00:00+02,0.0
100,2024-08-09 15:30:00+02,0.0
101,2024-08-09 16:00:00+02,0.0
102,2024-08-09 16:30:00+02,0.0
103,2024-08-09 17:00:00+02,0.0
104,2024-08-09 17:30:00+02,0.0
105,2024-08-09 18:00:00+02,0.0
106,2024-08-09 18:30:00+02,0.0
107,2024-08-09 19:00:00+02,0.0
108,2024-08-09 19:30:00+02,0.0
109,2024-08-09 20:00:00+02,0.0
110,2024-08-09 20:30:00+02,0.0
111,2024-08-09 21:00:00+02,0.0
112,2024-08-09 21:30:00+02,0.0
113,2024-08-09 22:00:00+02,0.0
114,2024-08-09 22:30:00+02,0.0
115,2024-08-09 23:00:00+02,0.0
116,2024-08-09 23:30:00+02,136.0
117,2024-08-10 00:00:00+02,0.0
118,2024-08-10 00:30:00+02,0.0
119,2024-08-10 01:00:00+02,0.0
120,2024-08-10 01:30:00+02,0.0
121,2024-08-10 02:00:00+02,0.0
122,2024-08-10 02:30:00+02,0.0
123,2024-08-10 03:00:00+02,0.0
124,2024-08-10 03:30:00+02,0.0
125,2024-08-10 04:00:00+02,0.0
126,2024-08-10 04:30:00+02,0.0
127,2024-08-10 05:00:00+02,0.0
128,2024-08-10 05:30:00+02,0.0
129,2024-08-10 06:00:00+02,0.0
130,2024-08-10 06:30:00+02,0.0
131,2024-08-10 07:00:00+02,0.0
132,2024-08-10 07:30:00+02,0.0
133,2024-08-10 08:00:00+02,0.0
134,2024-08-10 08:30:00+02,0.0
135,2024-08-10 09:00:00+02,0.0
136,2024-08-10 09:30:00+02,0.0
137,2024-08-10 10:00:00+02,0.0
138,2024-08-10 10:30:00+02,0.0
139,2024-08-10 11:00:00+02,0.0
140,2024-08-10 11:30:00+02,0.0
141,2024-08-10 12:00:00+02,0.0
142,2024-08-10 12:30:00+02,0.0
143,2024-08-10 13:00:00+02,0.0
144,2024-08-10 13:30:00+02,0.0
145,2024-08-10 14:00:00+02,0.0
146,2024-08-10 14:30:00+02,0.0
147,2024-08-10 15:00:00+02,0.0
148,2024-08-10 15:30:00+02,0.0
149,2024-08-10 16:00:00+02,0.0
150,2024-08-10 16:30:00+02,0.0
151,2024-08-10 17:00:00+02,0.0
152,2024-08-10 17:30:00+02,8.0
153,2024-08-10 18:00:00+02,0.0
154,2024-08-10 18:30:00+02,0.0
155,2024-08-10 19:00:00+02,0.0
156,2024-08-10 19:30:00+02,0.0
157,2024-08-10 20:00:00+02,0.0
158,2024-08-10 20:30:00+02,0.0
159,2024-08-10 21:00:00+02,0.0
160,2024-08-10 21:30:00+02,0.0
161,2024-08-10 22:00:00+02,0.0
162,2024-08-10 22:30:00+02,0.0
163,2024-08-10 23:00:00+02,0.0
164,2024-08-10 23:30:00+02,0.0
165,2024-08-11 00:00:00+02,0.0
166,2024-08-11 00:30:00+02,0.0
167,2024-08-11 01:00:00+02,0.0
168,2024-08-11 01:30:00+02,0.0
169,2024-08-11 02:00:00+02,0.0
170,2024-08-11 02:30:00+02,0.0
171,2024-08-11 03:00:00+02,0.0
172,2024-08-11 03:30:00+02,0.0
173,2024-08-11 04:00:00+02,0.0
174,2024-08-11 04:30:00+02,0.0
175,2024-08-11 05:00:00+02,0.0
176,2024-08-11 05:30:00+02,0.0
177,2024-08-11 06:00:00+02,0.0
178,2024-08-11 06:30:00+02,0.0
179,2024-08-11 07:00:00+02,0.0
180,2024-08-11 07:30:00+02,0.0
181,2024-08-11 08:00:00+02,0.0
182,2024-08-11 08:30:00+02,0.0
183,2024-08-11 09:00:00+02,0.0
184,2024-08-11 09:30:00+02,0.0
185,2024-08-11 10:00:00+02,0.0
186,2024-08-11 10:30:00+02,0.0
187,2024-08-11 11:00:00+02,0.0
188,2024-08-11 11:30:00+02,0.0
189,2024-08-11 12:00:00+02,0.0
190,2024-08-11 12:30:00+02,0.0
191,2024-08-11 13:00:00+02,0.0
192,2024-08-11 13:30:00+02,0.0
193,2024-08-11 14:00:00+02,0.0
194,2024-08-11 14:30:00+02,0.0
195,2024-08-11 15:00:00+02,0.0
196,2024-08-11 15:30:00+02,0.0
197,2024-08-11 16:00:00+02,0.0
198,2024-08-11 16:30:00+02,0.0
199,2024-08-11 17:00:00+02,0.0
200,2024-08-11 17:30:00+02,0.0
201,2024-08-11 18:00:00+02,0.0
202,2024-08-11 18:30:00+02,0.0
203,2024-08-11 19:00:00+02,0.0
204,2024-08-11 19:30:00+02,0.0
205,2024-08-11 20:00:00+02,0.0
206,2024-08-11 20:30:00+02,0.0
207,2024-08-11 21:00:00+02,0.0
208,2024-08-11 21:30:00+02,0.0
209,2024-08-11 22:00:00+02,0.0
210,2024-08-11 22:30:00+02,0.0
211,2024-08-11 23:00:00+02,0.0
212,2024-08-11 23:30:00+02,0.0
213,2024-08-12 00:00:00+02,0.0
214,2024-08-12 00:30:00+02,0.0
215,2024-08-12 01:00:00+02,0.0
216,2024-08-12 01:30:00+02,0.0
217,2024-08-12 02:00:00+02,0.0
218,2024-08-12 02:30:00+02,0.0
219,2024-08-12 03:00:00+02,0.0
220,2024-08-12 03:30:00+02,0.0
221,2024-08-12 04:00:00+02,0.0
222,2024-08-12 04:30:00+02,0.0
223,2024-08-12 05:00:00+02,0.0
224,2024-08-12 05:30:00+02,0.0
225,2024-08-12 06:00:00+02,0.0
226,2024-08-12 06:30:00+02,0.0
227,2024-08-12 07:00:00+02,0.0
228,2024-08-12 07:30:00+02,0.0
229,2024-08-12 08:00:00+02,0.0
230,2024-08-12 08:30:00+02,0.0
231,2024-08-12 09:00:00+02,0.0
232,2024-08-12 09:30:00+02,0.0
233,2024-08-12 10:00:00+02,0.0
234,2024-08-12 10:30:00+02,0.0
235,2024-08-12 11:00:00+02,0.0
236,2024-08-12 11:30:00+02,0.0
237,2024-08-12 12:00:00+02,0.0
238,2024-08-12 12:30:00+02,0.0
239,2024-08-12 13:00:00+02,0.0
240,2024-08-12 13:30:00+02,0.0
241,2024-08-12 14:00:00+02,0.0
242,2024-08-12 14:30:00+02,0.0
243,2024-08-12 15:00:00+02,0.0
244,2024-08-12 15:30:00+02,0.0
245,2024-08-12 16:00:00+02,0.0
246,2024-08-12 16:30:00+02,0.0
247,2024-08-12 17:00:00+02,0.0
248,2024-08-12 17:30:00+02,0.0
249,2024-08-12 18:00:00+02,0.0
250,2024-08-12 18:30:00+02,0.0
251,2024-08-12 19:00:00+02,0.0
252,2024-08-12 19:30:00+02,0.0
253,2024-08-12 20:00:00+02,0.0
254,2024-08-12 20:30:00+02,0.0
255,2024-08-12 21:00:00+02,0.0
256,2024-08-12 21:30:00+02,0.0
257,2024-08-12 22:00:00+02,0.0
258,2024-08-12 22:30:00+02,0.0
259,2024-08-12 23:00:00+02,0.0
260,2024-08-12 23:30:00+02,0.0
261,2024-08-13 00:00:00+02,0.0
262,2024-08-13 00:30:00+02,0.0
263,2024-08-13 01:00:00+02,0.0
264,2024-08-13 01:30:00+02,0.0
265,2024-08-13 02:00:00+02,0.0
266,2024-08-13 02:30:00+02,0.0
267,2024-08-13 03:00:00+02,0.0
268,2024-08-13 03:30:00+02,0.0
269,2024-08-13 04:00:00+02,0.0
270,2024-08-13 04:30:00+02,0.0
271,2024-08-13 05:00:00+02,0.0
272,2024-08-13 05:30:00+02,0.0
273,2024-08-13 06:00:00+02,0.0
274,2024-08-13 06:30:00+02,0.0
275,2024-08-13 07:00:00+02,0.0
276,2024-08-13 07:30:00+02,0.0
277,2024-08-13 08:00:00+02,0.0
278,2024-08-13 08:30:00+02,0.0
279,2024-08-13 09:00:00+02,0.0
280,2024-08-13 09:30:00+02,0.0
281,2024-08-13 10:00:00+02,0.0
282,2024-08-13 10:30:00+02,0.0
283,2024-08-13 11:00:00+02,0.0
284,2024-08-13 11:30:00+02,0.0
285,2024-08-13 12:00:00+02,0.0
286,2024-08-13 12:30:00+02,0.0
287,2024-08-13 13:00:00+02,0.0
288,2024-08-13 13:30:00+02,0.0
289,2024-08-13 14:00:00+02,0.0
290,2024-08-13 14:30:00+02,0.0
291,2024-08-13 15:00:00+02,0.0
292,2024-08-13 15:30:00+02,0.0
293,2024-08-13 16:00:00+02,0.0
294,2024-08-13 16:30:00+02,0.0
295,2024-08-13 17:00:00+02,0.0
296,2024-08-13 17:30:00+02,0.0
297,2024-08-13 18:00:00+02,0.0
298,2024-08-13 18:30:00+02,0.0
299,2024-08-13 19:00:00+02,0.0
300,2024-08-13 19:30:00+02,0.0
301,2024-08-13 20:00:00+02,0.0
302,2024-08-13 20:30:00+02,0.0
303,2024-08-13 21:00:00+02,0.0
304,2024-08-13 21:30:00+02,0.0
305,2024-08-13 22:00:00+02,0.0
306,2024-08-13 22:30:00+02,0.0
307,2024-08-13 23:00:00+02,0.0
308,2024-08-13 23:30:00+02,0.0
309,2024-08-14 00:00:00+02,0.0
310,2024-08-14 00:30:00+02,0.0
311,2024-08-14 01:00:00+02,0.0
312,2024-08-14 01:30:00+02,0.0
313,2024-08-14 02:00:00+02,0.0
314,2024-08-14 02:30:00+02,0.0
315,2024-08-14 03:00:00+02,0.0
316,2024-08-14 03:30:00+02,0.0
317,2024-08-14 04:00:00+02,0.0
318,2024-08-14 04:30:00+02,0.0
319,2024-08-14 05:00:00+02,0.0
320,2024-08-14 05:30:00+02,0.0
321,2024-08-14 06:00:00+02,0.0
322,2024-08-14 06:30:00+02,0.0
323,2024-08-14 07:00:00+02,0.0
324,2024-08-14 07:30:00+02,0.0
325,2024-08-14 08:00:00+02,512.0
326,2024-08-14 08:30:00+02,0.0
327,2024-08-14 09:00:00+02,0.0
328,2024-08-14 09:30:00+02,0.0
329,2024-08-14 10:00:00+02,0.0
330,2024-08-14 10:30:00+02,0.0
331,2024-08-14 11:00:00+02,0.0
332,2024-08-14 11:30:00+02,0.0
333,2024-08-14 12:00:00+02,0.0
334,2024-08-14 12:30:00+02,0.0
335,2024-08-14 13:00:00+02,0.0
336,2024-08-14 13:30:00+02,0.0
337,2024-08-14 14:00:00+02,0.0
338,2024-08-14 14:30:00+02,0.0
339,2024-08-14 15:00:00+02,0.0
340,2024-08-14 15:30:00+02,0.0
341,2024-08-14 16:00:00+02,0.0
342,2024-08-14 16:30:00+02,0.0
343,2024-08-14 17:00:00+02,0.0
344,2024-08-14 17:30:00+02,0.0
345,2024-08-14 18:00:00+02,0.0
346,2024-08-14 18:30:00+02,0.0
347,2024-08-14 19:00:00+02,0.0
348,2024-08-14 19:30:00+02,0.0
349,2024-08-14 20:00:00+02,0.0
350,2024-08-14 20:30:00+02,0.0
351,2024-08-14 21:00:00+02,0.0
352,2024-08-14 21:30:00+02,0.0
353,2024-08-14 22:00:00+02,0.0
354,2024-08-14 22:30:00+02,0.0
355,2024-08-14 23:00:00+02,0.0
356,2024-08-14 23:30:00+02,0.0
357,2024-08-15 00:00:00+02,0.0
358,2024-08-15 00:30:00+02,0.0
359,2024-08-15 01:00:00+02,0.0
360,2024-08-15 01:30:00+02,0.0
361,2024-08-15 02:00:00+02,0.0
362,2024-08-15 02:30:00+02,0.0
363,2024-08-15 03:00:00+02,0.0
364,2024-08-15 03:30:00+02,0.0
365,2024-08-15 04:00:00+02,0.0
366,2024-08-15 04:30:00+02,0.0
367,2024-08-15 05:00:00+02,0.0
368,2024-08-15 05:30:00+02,0.0
369,2024-08-15 06:00:00+02,0.0
370,2024-08-15 06:30:00+02,0.0
371,2024-08-15 07:00:00+02,0.0
372,2024-08-15 07:30:00+02,0.0
373,2024-08-15 08:00:00+02,0.0
374,2024-08-15 08:30:00+02,0.0
375,2024-08-15 09:00:00+02,0.0
376,2024-08-15 09:30:00+02,0.0
377,2024-08-15 10:00:00+02,0.0
378,2024-08-15 10:30:00+02,0.0
379,2024-08-15 11:00:00+02,0.0
380,2024-08-15 11:30:00+02,0.0
381,2024-08-15 12:00:00+02,0.0
382,2024-08-15 12:30:00+02,0.0
383,2024-08-15 13:00:00+02,0.0
384,2024-08-15 13:30:00+02,0.0
385,2024-08-15 14:00:00+02,0.0
386,2024-08-15 14:30:00+02,0.0
387,2024-08-15 15:00:00+02,0.0
388,2024-08-15 15:30:00+02,0.0
389,2024-08-15 16:00:00+02,0.0
390,2024-08-15 16:30:00+02,0.0
391,2024-08-15 17:00:00+02,0.0
392,2024-08-15 17:30:00+02,0.0
393,2024-08-15 18:00:00+02,0.0
394,2024-08-15 18:30:00+02,0.0
395,2024-08-15 19:00:00+02,0.0
396,2024-08-15 19:30:00+02,0.0
397,2024-08-15 20:00:00+02,0.0
398,2024-08-15 20:30:00+02,0.0
399,2024-08-15 21:00:00+02,0.0
400,2024-08-15 21:30:00+02,0.0
401,2024-08-15 22:00:00+02,0.0
402,2024-08-15 22:30:00+02,0.0
403,2024-08-15 23:00:00+02,0.0
404,2024-08-15 23:30:00+02,0.0
405,2024-08-16 00:00:00+02,0.0
406,2024-08-16 00:30:00+02,0.0
407,2024-08-16 01:00:00+02,0.0
408,2024-08-16 01:30:00+02,0.0
409,2024-08-16 02:00:00+02,0.0
410,2024-08-16 02:30:00+02,0.0
411,2024-08-16 03:00:00+02,0.0
412,2024-08-16 03:30:00+02,0.0
413,2024-08-16 04:00:00+02,0.0
414,2024-08-16 04:30:00+02,0.0
415,2024-08-16 05:00:00+02,0.0
416,2024-08-16 05:30:00+02,0.0
417,2024-08-16 06:00:00+02,0.0
418,2024-08-16 06:30:00+02,0.0
419,2024-08-16 07:00:00+02,0.0
420,2024-08-16 07:30:00+02,0.0
421,2024-08-16 08:00:00+02,0.0
422,2024-08-16 08:30:00+02,0.0
423,2024-08-16 09:00:00+02,0.0
424,2024-08-16 09:30:00+02,0.0
425,2024-08-16 10:00:00+02,0.0
426,2024-08-16 10:30:00+02,0.0
427,2024-08-16 11:00:00+02,0.0
428,2024-08-16 11:30:00+02,0.0
429,2024-08-16 12:00:00+02,0.0
430,2024-08-16 12:30:00+02,0.0
431,2024-08-16 13:00:00+02,0.0
432,2024-08-16 13:30:00+02,0.0
433,2024-08-16 14:00:00+02,0.0
434,2024-08-16 14:30:00+02,0.0
435,2024-08-16 15:00:00+02,0.0
436,2024-08-16 15:30:00+02,0.0
437,2024-08-16 16:00:00+02,0.0
438,2024-08-16 16:30:00+02,0.0
439,2024-08-16 17:00:00+02,0.0
440,2024-08-16 17:30:00+02,32.0
441,2024-08-16 18:00:00+02,0.0
442,2024-08-16 18:30:00+02,0.0
443,2024-08-16 19:00:00+02,0.0
444,2024-08-16 19:30:00+02,0.0
445,2024-08-16 20:00:00+02,0.0
446,2024-08-16 20:30:00+02,0.0
447,2024-08-16 21:00:00+02,0.0
448,2024-08-16 21:30:00+02,0.0
449,2024-08-16 22:00:00+02,0.0
450,2024-08-16 22:30:00+02,0.0
451,2024-08-16 23:00:00+02,0.0
452,2024-08-16 23:30:00+02,0.0
453,2024-08-17 00:00:00+02,0.0
454,2024-08-17 00:30:00+02,0.0
455,2024-08-17 01:00:00+02,0.0
456,2024-08-17 01:30:00+02,0.0
457,2024-08-17 02:00:00+02,0.0
458,2024-08-17 02:30:00+02,0.0
459,2024-08-17 03:00:00+02,0.0
460,2024-08-17 03:30:00+02,0.0
461,2024-08-17 04:00:00+02,0.0
462,2024-08-17 04:30:00+02,0.0
463,2024-08-17 05:00:00+02,0.0
464,2024-08-17 05:30:00+02,0.0
465,2024-08-17 06:00:00+02,0.0
466,2024-08-17 06:30:00+02,0.0
467,2024-08-17 07:00:00+02,0.0
468,2024-08-17 07:30:00+02,0.0
469,2024-08-17 08:00:00+02,0.0
470,2024-08-17 08:30:00+02,0.0
471,2024-08-17 09:00:00+02,0.0
472,2024-08-17 09:30:00+02,0.0
473,2024-08-17 10:00:00+02,0.0
474,2024-08-17 10:30:00+02,0.0
475,2024-08-17 11:00:00+02,0.0
476,2024-08-17 11:30:00+02,0.0
477,2024-08-17 12:00:00+02,0.0
478,2024-08-17 12:30:00+02,0.0
479,2024-08-17 13:00:00+02,0.0
480,2024-08-17 13:30:00+02,0.0
481,2024-08-17 14:00:00+02,0.0
482,2024-08-17 14:30:00+02,0.0
483,2024-08-17 15:00:00+02,0.0
484,2024-08-17 15:30:00+02,0.0
485,2024-08-17 16:00:00+02,0.0
486,2024-08-17 16:30:00+02,0.0
487,2024-08-17 17:00:00+02,0.0
488,2024-08-17 17:30:00+02,0.0
489,2024-08-17 18:00:00+02,0.0
490,2024-08-17 18:30:00+02,0.0
491,2024-08-17 19:00:00+02,0.0
492,2024-08-17 19:30:00+02,0.0
493,2024-08-17 20:00:00+02,0.0
494,2024-08-17 20:30:00+02,0.0
495,2024-08-17 21:00:00+02,0.0
496,2024-08-17 21:30:00+02,0.0
497,2024-08-17 22:00:00+02,0.0
498,2024-08-17 22:30:00+02,0.0
499,2024-08-17 23:00:00+02,0.0
500,2024-08-17 23:30:00+02,0.0
501,2024-08-18 00:00:00+02,0.0
502,2024-08-18 00:30:00+02,0.0
503,2024-08-18 01:00:00+02,0.0
504,2024-08-18 01:30:00+02,0.0
505,2024-08-18 02:00:00+02,0.0
506,2024-08-18 02:30:00+02,0.0
507,2024-08-18 03:00:00+02,0.0
508,2024-08-18 03:30:00+02,0.0
509,2024-08-18 04:00:00+02,0.0
510,2024-08-18 04:30:00+02,0.0
511,2024-08-18 05:00:00+02,0.0
512,2024-08-18 05:30:00+02,0.0
513,2024-08-18 06:00:00+02,0.0
514,2024-08-18 06:30:00+02,0.0
515,2024-08-18 07:00:00+02,0.0
516,2024-08-18 07:30:00+02,0.0
517,2024-08-18 08:00:00+02,0.0
518,2024-08-18 08:30:00+02,0.0
519,2024-08-18 09:00:00+02,0.0
520,2024-08-18 09:30:00+02,0.0
521,2024-08-18 10:00:00+02,0.0
522,2024-08-18 10:30:00+02,0.0
523,2024-08-18 11:00:00+02,0.0
524,2024-08-18 11:30:00+02,0.0
525,2024-08-18 12:00:00+02,0.0
526,2024-08-18 12:30:00+02,0.0
527,2024-08-18 13:00:00+02,0.0
528,2024-08-18 13:30:00+02,0.0
529,2024-08-18 14:00:00+02,0.0
530,2024-08-18 14:30:00+02,0.0
531,2024-08-18 15:00:00+02,0.0
532,2024-08-18 15:30:00+02,0.0
533,2024-08-18 16:00:00+02,0.0
534,2024-08-18 16:30:00+02,0.0
535,2024-08-18 17:00:00+02,0.0
536,2024-08-18 17:30:00+02,0.0
537,2024-08-18 18:00:00+02,0.0
538,2024-08-18 18:30:00+02,0.0
539,2024-08-18 19:00:00+02,0.0
540,2024-08-18 19:30:00+02,0.0
541,2024-08-18 20:00:00+02,0.0
542,2024-08-18 20:30:00+02,0.0
543,2024-08-18 21:00:00+02,0.0
544,2024-08-18 21:30:00+02,0.0
545,2024-08-18 22:00:00+02,0.0
546,2024-08-18 22:30:00+02,0.0
547,2024-08-18 23:00:00+02,0.0
548,2024-08-18 23:30:00+02,0.0
549,2024-08-19 00:00:00+02,0.0
550,2024-08-19 00:30:00+02,0.0
551,2024-08-19 01:00:00+02,0.0
552,2024-08-19 01:30:00+02,0.0
553,2024-08-19 02:00:00+02,0.0
554,2024-08-19 02:30:00+02,0.0
555,2024-08-19 03:00:00+02,0.0
556,2024-08-19 03:30:00+02,0.0
557,2024-08-19 04:00:00+02,0.0
558,2024-08-19 04:30:00+02,0.0
559,2024-08-19 05:00:00+02,0.0
560,2024-08-19 05:30:00+02,0.0
561,2024-08-19 06:00:00+02,0.0
562,2024-08-19 06:30:00+02,0.0
563,2024-08-19 07:00:00+02,0.0
564,2024-08-19 07:30:00+02,0.0
565,2024-08-19 08:00:00+02,0.0
566,2024-08-19 08:30:00+02,0.0
567,2024-08-19 09:00:00+02,0.0
568,2024-08-19 09:30:00+02,0.0
569,2024-08-19 10:00:00+02,0.0
570,2024-08-19 10:30:00+02,0.0
571,2024-08-19 11:00:00+02,0.0
572,2024-08-19 11:30:00+02,0.0
573,2024-08-19 12:00:00+02,0.0
574,2024-08-19 12:30:00+02,0.0
575,2024-08-19 13:00:00+02,0.0
576,2024-08-19 13:30:00+02,0.0
577,2024-08-19 14:00:00+02,0.0
578,2024-08-19 14:30:00+02,0.0
579,2024-08-19 15:00:00+02,0.0
580,2024-08-19 15:30:00+02,0.0
581,2024-08-19 16:00:00+02,0.0
582,2024-08-19 16:30:00+02,0.0
583,2024-08-19 17:00:00+02,0.0
584,2024-08-19 17:30:00+02,0.0
585,2024-08-19 18:00:00+02,0.0
586,2024-08-19 18:30:00+02,0.0
587,2024-08-19 19:00:00+02,0.0
588,2024-08-19 19:30:00+02,0.0
589,2024-08-19 20:00:00+02,0.0
590,2024-08-19 20:30:00+02,0.0
591,2024-08-19 21:00:00+02,0.0
592,2024-08-19 21:30:00+02,0.0
593,2024-08-19 22:00:00+02,0.0
594,2024-08-19 22:30:00+02,0.0
595,2024-08-19 23:00:00+02,0.0
596,2024-08-19 23:30:00+02,0.0
597,2024-08-20 00:00:00+02,0.0
598,2024-08-20 00:30:00+02,0.0
599,2024-08-20 01:00:00+02,0.0
600,2024-08-20 01:30:00+02,0.0
601,2024-08-20 02:00:00+02,0.0
602,2024-08-20 02:30:00+02,0.0
603,2024-08-20 03:00:00+02,0.0
604,2024-08-20 03:30:00+02,0.0
605,2024-08-20 04:00:00+02,0.0
606,2024-08-20 04:30:00+02,0.0
607,2024-08-20 05:00:00+02,0.0
608,2024-08-20 05:30:00+02,0.0
609,2024-08-20 06:00:00+02,0.0
610,2024-08-20 06:30:00+02,0.0
611,2024-08-20 07:00:00+02,0.0
612,2024-08-20 07:30:00+02,0.0
613,2024-08-20 08:00:00+02,0.0
614,2024-08-20 08:30:00+02,0.0
615,2024-08-20 09:00:00+02,0.0
616,2024-08-20 09:30:00+02,0.0
617,2024-08-20 10:00:00+02,0.0
618,2024-08-20 10:30:00+02,0.0
619,2024-08-20 11:00:00+02,0.0
620,2024-08-20 11:30:00+02,0.0
621,2024-08-20 12:00:00+02,0.0
622,2024-08-20 12:30:00+02,0.0
623,2024-08-20 13:00:00+02,0.0
624,2024-08-20 13:30:00+02,0.0
625,2024-08-20 14:00:00+02,0.0
626,2024-08-20 14:30:00+02,0.0
627,2024-08-20 15:00:00+02,0.0
628,2024-08-20 15:30:00+02,0.0
629,2024-08-20 16:00:00+02,0.0
630,2024-08-20 16:30:00+02,0.0
631,2024-08-20 17:00:00+02,0.0
632,2024-08-20 17:30:00+02,0.0
633,2024-08-20 18:00:00+02,0.0
634,2024-08-20 18:30:00+02,0.0
635,2024-08-20 19:00:00+02,0.0
636,2024-08-20 19:30:00+02,0.0
637,2024-08-20 20:00:00+02,0.0
638,2024-08-20 20:30:00+02,0.0
639,2024-08-20 21:00:00+02,0.0
640,2024-08-20 21:30:00+02,0.0
641,2024-08-20 22:00:00+02,0.0
642,2024-08-20 22:30:00+02,0.0
643,2024-08-20 23:00:00+02,0.0
644,2024-08-20 23:30:00+02,0.0
645,2024-08-21 00:00:00+02,0.0
646,2024-08-21 00:30:00+02,0.0
647,2024-08-21 01:00:00+02,0.0
648,2024-08-21 01:30:00+02,0.0
649,2024-08-21 02:00:00+02,0.0
650,2024-08-21 02:30:00+02,0.0
651,2024-08-21 03:00:00+02,0.0
652,2024-08-21 03:30:00+02,0.0
653,2024-08-21 04:00:00+02,0.0
654,2024-08-21 04:30:00+02,0.0
655,2024-08-21 05:00:00+02,0.0
656,2024-08-21 05:30:00+02,0.0
657,2024-08-21 06:00:00+02,0.0
658,2024-08-21 06:30:00+02,0.0
659,2024-08-21 07:00:00+02,0.0
660,2024-08-21 07:30:00+02,0.0
661,2024-08-21 08:00:00+02,128.0
662,2024-08-21 08:30:00+02,0.0
663,2024-08-21 09:00:00+02,0.0
664,2024-08-21 09:30:00+02,0.0
665,2024-08-21 10:00:00+02,0.0
666,2024-08-21 10:30:00+02,0.0
667,2024-08-21 11:00:00+02,0.0
668,2024-08-21 11:30:00+02,0.0
669,2024-08-21 12:00:00+02,0.0
670,2024-08-21 12:30:00+02,0.0
671,2024-08-21 13:00:00+02,0.0
672,2024-08-21 13:30:00+02,0.0
673,2024-08-21 14:00:00+02,0.0
674,2024-08-21 14:30:00+02,0.0
675,2024-08-21 15:00:00+02,0.0
676,2024-08-21 15:30:00+02,0.0
677,2024-08-21 16:00:00+02,0.0
678,2024-08-21 16:30:00+02,0.0
679,2024-08-21 17:00:00+02,0.0
680,2024-08-21 17:30:00+02,512.0
681,2024-08-21 18:00:00+02,0.0
682,2024-08-21 18:30:00+02,0.0
683,2024-08-21 19:00:00+02,0.0
684,2024-08-21 19:30:00+02,0.0
685,2024-08-21 20:00:00+02,0.0
686,2024-08-21 20:30:00+02,0.0
687,2024-08-21 21:00:00+02,0.0
688,2024-08-21 21:30:00+02,0.0
689,2024-08-21 22:00:00+02,0.0
690,2024-08-21 22:30:00+02,0.0
691,2024-08-21 23:00:00+02,0.0
692,2024-08-21 23:30:00+02,0.0
693,2024-08-22 00:00:00+02,0.0
694,2024-08-22 00:30:00+02,0.0
695,2024-08-22 01:00:00+02,0.0
696,2024-08-22 01:30:00+02,0.0
697,2024-08-22 02:00:00+02,0.0
698,2024-08-22 02:30:00+02,0.0
699,2024-08-22 03:00:00+02,0.0
700,2024-08-22 03:30:00+02,0.0
701,2024-08-22 04:00:00+02,0.0
702,2024-08-22 04:30:00+02,0.0
703,2024-08-22 05:00:00+02,0.0
704,2024-08-22 05:30:00+02,0.0
705,2024-08-22 06:00:00+02,0.0
706,2024-08-22 06:30:00+02,0.0
707,2024-08-22 07:00:00+02,0.0
708,2024-08-22 07:30:00+02,0.0
709,2024-08-22 08:00:00+02,0.0
710,2024-08-22 08:30:00+02,0.0
711,2024-08-22 09:00:00+02,0.0
712,2024-08-22 09:30:00+02,0.0
713,2024-08-22 10:00:00+02,0.0
714,2024-08-22 10:30:00+02,0.0
715,2024-08-22 11:00:00+02,0.0
716,2024-08-22 11:30:00+02,0.0
717,2024-08-22 12:00:00+02,0.0
718,2024-08-22 12:30:00+02,0.0
719,2024-08-22 13:00:00+02,0.0
720,2024-08-22 13:30:00+02,0.0
721,2024-08-22 14:00:00+02,0.0
722,2024-08-22 14:30:00+02,0.0
723,2024-08-22 15:00:00+02,0.0
724,2024-08-22 15:30:00+02,0.0
725,2024-08-22 16:00:00+02,0.0
726,2024-08-22 16:30:00+02,0.0
727,2024-08-22 17:00:00+02,0.0
728,2024-08-22 17:30:00+02,0.0
729,2024-08-22 18:30:00+02,0.0
730,2024-08-22 19:00:00+02,0.0
731,2024-08-22 19:30:00+02,0.0
732,2024-08-22 20:00:00+02,0.0
733,2024-08-22 20:30:00+02,0.0
734,2024-08-22 21:00:00+02,0.0
735,2024-08-22 21:30:00+02,0.0
736,2024-08-22 22:00:00+02,0.0
737,2024-08-22 22:30:00+02,0.0
738,2024-08-22 23:00:00+02,0.0
739,2024-08-22 23:30:00+02,0.0
740,2024-08-23 00:00:00+02,0.0
741,2024-08-23 00:30:00+02,0.0
742,2024-08-23 01:00:00+02,0.0
743,2024-08-23 01:30:00+02,0.0
744,2024-08-23 02:00:00+02,0.0
745,2024-08-23 02:30:00+02,0.0
746,2024-08-23 03:00:00+02,0.0
747,2024-08-23 03:30:00+02,0.0
748,2024-08-23 04:00:00+02,0.0
749,2024-08-23 04:30:00+02,0.0
750,2024-08-23 05:00:00+02,0.0
751,2024-08-23 05:30:00+02,0.0
752,2024-08-23 06:00:00+02,0.0
753,2024-08-23 06:30:00+02,0.0
754,2024-08-23 07:00:00+02,0.0
755,2024-08-23 07:30:00+02,0.0
756,2024-08-23 08:00:00+02,0.0
757,2024-08-23 08:30:00+02,0.0
758,2024-08-23 09:00:00+02,0.0
759,2024-08-23 09:30:00+02,0.0
760,2024-08-23 10:00:00+02,0.0
761,2024-08-23 10:30:00+02,0.0
762,2024-08-23 11:00:00+02,0.0
763,2024-08-23 11:30:00+02,0.0
764,2024-08-23 12:00:00+02,0.0
765,2024-08-23 12:30:00+02,0.0
766,2024-08-23 13:00:00+02,0.0
767,2024-08-23 13:30:00+02,0.0
768,2024-08-23 14:00:00+02,0.0
769,2024-08-23 14:30:00+02,0.0
770,2024-08-23 15:00:00+02,0.0
771,2024-08-23 15:30:00+02,0.0
772,2024-08-23 16:00:00+02,0.0
773,2024-08-23 16:30:00+02,0.0
774,2024-08-23 17:00:00+02,0.0
775,2024-08-23 17:30:00+02,0.0
776,2024-08-23 18:00:00+02,0.0
777,2024-08-23 18:30:00+02,0.0
778,2024-08-23 19:00:00+02,0.0
779,2024-08-23 19:30:00+02,0.0
780,2024-08-23 20:00:00+02,0.0
781,2024-08-23 20:30:00+02,0.0
782,2024-08-23 21:00:00+02,0.0
783,2024-08-23 21:30:00+02,0.0
784,2024-08-23 22:00:00+02,0.0
785,2024-08-23 22:30:00+02,0.0
786,2024-08-23 23:00:00+02,0.0
787,2024-08-23 23:30:00+02,0.0
788,2024-08-24 00:00:00+02,0.0
789,2024-08-24 00:30:00+02,0.0
790,2024-08-24 01:00:00+02,0.0
791,2024-08-24 01:30:00+02,0.0
792,2024-08-24 02:00:00+02,0.0
793,2024-08-24 02:30:00+02,0.0
794,2024-08-24 03:00:00+02,0.0
795,2024-08-24 03:30:00+02,0.0
796,2024-08-24 04:00:00+02,0.0
797,2024-08-24 04:30:00+02,0.0
798,2024-08-24 05:00:00+02,0.0
799,2024-08-24 05:30:00+02,0.0
800,2024-08-24 06:00:00+02,0.0
801,2024-08-24 06:30:00+02,0.0
802,2024-08-24 07:00:00+02,0.0
803,2024-08-24 07:30:00+02,0.0
804,2024-08-24 08:00:00+02,0.0
805,2024-08-24 08:30:00+02,0.0
806,2024-08-24 09:00:00+02,0.0
807,2024-08-24 09:30:00+02,162.0
808,2024-08-24 10:00:00+02,0.0
809,2024-08-24 10:30:00+02,0.0
810,2024-08-24 11:00:00+02,0.0
811,2024-08-24 11:30:00+02,0.0
812,2024-08-24 12:00:00+02,138.0
813,2024-08-24 12:30:00+02,0.0
814,2024-08-24 13:00:00+02,0.0
815,2024-08-24 13:30:00+02,0.0
816,2024-08-24 14:00:00+02,0.0
817,2024-08-24 14:30:00+02,0.0
818,2024-08-24 15:00:00+02,0.0
819,2024-08-24 15:30:00+02,0.0
820,2024-08-24 16:00:00+02,0.0
821,2024-08-24 16:30:00+02,0.0
822,2024-08-24 17:00:00+02,0.0
823,2024-08-24 17:30:00+02,0.0
824,2024-08-24 18:00:00+02,0.0
825,2024-08-24 18:30:00+02,0.0
826,2024-08-24 19:00:00+02,0.0
827,2024-08-24 19:30:00+02,0.0
828,2024-08-24 20:00:00+02,0.0
829,2024-08-24 20:30:00+02,0.0
830,2024-08-24 21:00:00+02,0.0
831,2024-08-24 21:30:00+02,0.0
832,2024-08-24 22:00:00+02,0.0
833,2024-08-24 22:30:00+02,0.0
834,2024-08-24 23:00:00+02,0.0
835,2024-08-24 23:30:00+02,0.0
836,2024-08-25 00:00:00+02,0.0
837,2024-08-25 00:30:00+02,0.0
838,2024-08-25 01:00:00+02,0.0
839,2024-08-25 01:30:00+02,0.0
840,2024-08-25 02:00:00+02,0.0
841,2024-08-25 02:30:00+02,0.0
842,2024-08-25 03:00:00+02,0.0
843,2024-08-25 03:30:00+02,0.0
844,2024-08-25 04:00:00+02,0.0
845,2024-08-25 04:30:00+02,0.0
846,2024-08-25 05:00:00+02,0.0
847,2024-08-25 05:30:00+02,0.0
848,2024-08-25 06:00:00+02,0.0
849,2024-08-25 06:30:00+02,0.0
850,2024-08-25 07:00:00+02,0.0
851,2024-08-25 07:30:00+02,0.0
852,2024-08-25 08:00:00+02,0.0
853,2024-08-25 08:30:00+02,0.0
854,2024-08-25 09:00:00+02,0.0
855,2024-08-25 09:30:00+02,0.0
856,2024-08-25 10:00:00+02,0.0
857,2024-08-25 10:30:00+02,0.0
858,2024-08-25 11:00:00+02,0.0
859,2024-08-25 11:30:00+02,0.0
860,2024-08-25 12:00:00+02,0.0
861,2024-08-25 12:30:00+02,0.0
862,2024-08-25 13:00:00+02,0.0
863,2024-08-25 13:30:00+02,0.0
864,2024-08-25 14:00:00+02,0.0
865,2024-08-25 14:30:00+02,0.0
866,2024-08-25 15:00:00+02,0.0
867,2024-08-25 15:30:00+02,0.0
868,2024-08-25 16:00:00+02,0.0
869,2024-08-25 16:30:00+02,0.0
870,2024-08-25 17:00:00+02,0.0
871,2024-08-25 17:30:00+02,0.0
872,2024-08-25 18:00:00+02,0.0
873,2024-08-25 18:30:00+02,0.0
874,2024-08-25 19:00:00+02,0.0
875,2024-08-25 19:30:00+02,0.0
876,2024-08-25 20:00:00+02,0.0
877,2024-08-25 20:30:00+02,0.0
878,2024-08-25 21:00:00+02,0.0
879,2024-08-25 21:30:00+02,0.0
880,2024-08-25 22:00:00+02,0.0
881,2024-08-25 22:30:00+02,0.0
882,2024-08-25 23:00:00+02,0.0
883,2024-08-25 23:30:00+02,0.0
884,2024-08-26 00:00:00+02,0.0
885,2024-08-26 00:30:00+02,0.0
886,2024-08-26 01:00:00+02,0.0
887,2024-08-26 01:30:00+02,0.0
888,2024-08-26 02:00:00+02,0.0
889,2024-08-26 02:30:00+02,0.0
890,2024-08-26 03:00:00+02,0.0
891,2024-08-26 03:30:00+02,0.0
892,2024-08-26 04:00:00+02,0.0
893,2024-08-26 04:30:00+02,0.0
894,2024-08-26 05:00:00+02,0.0
895,2024-08-26 05:30:00+02,0.0
896,2024-08-26 06:00:00+02,0.0
897,2024-08-26 06:30:00+02,0.0
898,2024-08-26 07:00:00+02,0.0
899,2024-08-26 07:30:00+02,0.0
900,2024-08-26 08:00:00+02,0.0
901,2024-08-26 08:30:00+02,0.0
902,2024-08-26 09:00:00+02,0.0
903,2024-08-26 09:30:00+02,0.0
904,2024-08-26 10:00:00+02,0.0
905,2024-08-26 10:30:00+02,0.0
906,2024-08-26 11:00:00+02,0.0
907,2024-08-26 11:30:00+02,0.0
908,2024-08-26 12:00:00+02,0.0
909,2024-08-26 12:30:00+02,0.0
910,2024-08-26 13:00:00+02,0.0
911,2024-08-26 13:30:00+02,0.0
912,2024-08-26 14:00:00+02,0.0
913,2024-08-26 14:30:00+02,0.0
914,2024-08-26 15:00:00+02,0.0
915,2024-08-26 15:30:00+02,0.0
916,2024-08-26 16:00:00+02,0.0
917,2024-08-26 16:30:00+02,0.0
918,2024-08-26 17:00:00+02,0.0
919,2024-08-26 17:30:00+02,0.0
920,2024-08-26 18:00:00+02,0.0
921,2024-08-26 18:30:00+02,0.0
922,2024-08-26 19:00:00+02,0.0
923,2024-08-26 19:30:00+02,0.0
924,2024-08-26 20:00:00+02,0.0
925,2024-08-26 20:30:00+02,0.0
926,2024-08-26 21:00:00+02,0.0
927,2024-08-26 21:30:00+02,0.0
928,2024-08-26 22:00:00+02,0.0
929,2024-08-26 22:30:00+02,0.0
930,2024-08-26 23:00:00+02,0.0
931,2024-08-26 23:30:00+02,0.0
932,2024-08-27 00:00:00+02,0.0
933,2024-08-27 00:30:00+02,0.0
934,2024-08-27 01:00:00+02,0.0
935,2024-08-27 01:30:00+02,0.0
936,2024-08-27 02:00:00+02,0.0
937,2024-08-27 02:30:00+02,0.0
938,2024-08-27 03:00:00+02,0.0
939,2024-08-27 03:30:00+02,0.0
940,2024-08-27 04:00:00+02,0.0
941,2024-08-27 04:30:00+02,0.0
942,2024-08-27 05:00:00+02,0.0
943,2024-08-27 05:30:00+02,0.0
944,2024-08-27 06:00:00+02,0.0
945,2024-08-27 06:30:00+02,0.0
946,2024-08-27 07:00:00+02,0.0
947,2024-08-27 07:30:00+02,0.0
948,2024-08-27 08:00:00+02,0.0
949,2024-08-27 08:30:00+02,0.0
950,2024-08-27 09:00:00+02,0.0
951,2024-08-27 09:30:00+02,0.0
952,2024-08-27 10:00:00+02,0.0
953,2024-08-27 10:30:00+02,0.0
954,2024-08-27 11:00:00+02,0.0
955,2024-08-27 11:30:00+02,0.0
956,2024-08-27 12:00:00+02,0.0
957,2024-08-27 12:30:00+02,0.0
958,2024-08-27 13:00:00+02,0.0
959,2024-08-27 13:30:00+02,0.0
960,2024-08-27 14:00:00+02,0.0
961,2024-08-27 14:30:00+02,0.0
962,2024-08-27 15:00:00+02,0.0
963,2024-08-27 15:30:00+02,0.0
964,2024-08-27 16:00:00+02,0.0
965,2024-08-27 16:30:00+02,0.0
966,2024-08-27 17:00:00+02,0.0
967,2024-08-27 17:30:00+02,0.0
968,2024-08-27 18:00:00+02,0.0
969,2024-08-27 18:30:00+02,0.0
970,2024-08-27 19:00:00+02,0.0
971,2024-08-27 19:30:00+02,0.0
972,2024-08-27 20:00:00+02,0.0
973,2024-08-27 20:30:00+02,0.0
974,2024-08-27 21:00:00+02,0.0
975,2024-08-27 21:30:00+02,0.0
976,2024-08-27 22:00:00+02,0.0
977,2024-08-27 22:30:00+02,0.0
978,2024-08-27 23:00:00+02,0.0
979,2024-08-27 23:30:00+02,0.0
980,2024-08-28 00:00:00+02,0.0
981,2024-08-28 00:30:00+02,0.0
982,2024-08-28 01:00:00+02,0.0
983,2024-08-28 01:30:00+02,0.0
984,2024-08-28 02:00:00+02,0.0
985,2024-08-28 02:30:00+02,0.0
986,2024-08-28 03:00:00+02,0.0
987,2024-08-28 03:30:00+02,0.0
988,2024-08-28 04:00:00+02,0.0
989,2024-08-28 04:30:00+02,0.0
990,2024-08-28 05:00:00+02,0.0
991,2024-08-28 05:30:00+02,0.0
992,2024-08-28 06:00:00+02,0.0
993,2024-08-28 06:30:00+02,0.0
994,2024-08-28 07:00:00+02,0.0
995,2024-08-28 07:30:00+02,0.0
996,2024-08-28 08:00:00+02,0.0
997,2024-08-28 08:30:00+02,0.0
998,2024-08-28 09:00:00+02,0.0
999,2024-08-28 09:30:00+02,0.0
1000,2024-08-28 10:00:00+02,0.0
1001,2024-08-28 10:30:00+02,0.0
1002,2024-08-28 11:00:00+02,0.0
1003,2024-08-28 11:30:00+02,0.0
1004,2024-08-28 12:00:00+02,0.0
1005,2024-08-28 12:30:00+02,0.0
1006,2024-08-28 13:00:00+02,0.0
1007,2024-08-28 13:30:00+02,0.0
1008,2024-08-28 14:00:00+02,0.0
1009,2024-08-28 14:30:00+02,0.0
1010,2024-08-28 15:00:00+02,0.0
1011,2024-08-28 15:30:00+02,0.0
1012,2024-08-28 16:00:00+02,0.0
1013,2024-08-28 16:30:00+02,0.0
1014,2024-08-28 17:00:00+02,0.0
1015,2024-08-28 17:30:00+02,0.0
1016,2024-08-28 18:00:00+02,0.0
1017,2024-08-28 18:30:00+02,0.0
1018,2024-08-28 19:00:00+02,0.0
1019,2024-08-28 19:30:00+02,0.0
1020,2024-08-28 20:00:00+02,0.0
1021,2024-08-28 20:30:00+02,0.0
1022,2024-08-28 21:00:00+02,0.0
1023,2024-08-28 21:30:00+02,0.0
1024,2024-08-28 22:00:00+02,0.0
1025,2024-08-28 22:30:00+02,0.0
1026,2024-08-28 23:00:00+02,0.0
1027,2024-08-28 23:30:00+02,0.0
1028,2024-08-29 00:00:00+02,0.0
1029,2024-08-29 00:30:00+02,0.0
1030,2024-08-29 01:00:00+02,0.0
1031,2024-08-29 01:30:00+02,0.0
1032,2024-08-29 02:00:00+02,0.0
1033,2024-08-29 02:30:00+02,0.0
1034,2024-08-29 03:00:00+02,0.0
1035,2024-08-29 03:30:00+02,0.0
1036,2024-08-29 04:00:00+02,0.0
1037,2024-08-29 04:30:00+02,0.0
1038,2024-08-29 05:00:00+02,0.0
1039,2024-08-29 05:30:00+02,0.0
1040,2024-08-29 06:00:00+02,0.0
1041,2024-08-29 06:30:00+02,0.0
1042,2024-08-29 07:00:00+02,0.0
1043,2024-08-29 07:30:00+02,0.0
1044,2024-08-29 08:00:00+02,0.0
1045,2024-08-29 08:30:00+02,0.0
1046,2024-08-29 09:00:00+02,136.0
1047,2024-08-29 09:30:00+02,0.0
1048,2024-08-29 10:00:00+02,0.0
1049,2024-08-29 10:30:00+02,0.0
1050,2024-08-29 11:00:00+02,0.0
1051,2024-08-29 11:30:00+02,0.0
1052,2024-08-29 12:00:00+02,0.0
1053,2024-08-29 12:30:00+02,0.0
1054,2024-08-29 13:00:00+02,0.0
1055,2024-08-29 13:30:00+02,160.0
1056,2024-08-29 14:00:00+02,0.0
1057,2024-08-29 14:30:00+02,0.0
1058,2024-08-29 15:00:00+02,0.0
1059,2024-08-29 15:30:00+02,0.0
1060,2024-08-29 16:00:00+02,0.0
1061,2024-08-29 16:30:00+02,0.0
1062,2024-08-29 17:00:00+02,0.0
1063,2024-08-29 17:30:00+02,0.0
1064,2024-08-29 18:00:00+02,0.0
1065,2024-08-29 18:30:00+02,0.0
1066,2024-08-29 19:00:00+02,0.0
1067,2024-08-29 19:30:00+02,0.0
1068,2024-08-29 20:00:00+02,0.0
1069,2024-08-29 20:30:00+02,0.0
1070,2024-08-29 21:00:00+02,0.0
1071,2024-08-29 21:30:00+02,0.0
1072,2024-08-29 22:00:00+02,0.0
1073,2024-08-29 22:30:00+02,0.0
1074,2024-08-29 23:00:00+02,0.0
1075,2024-08-29 23:30:00+02,0.0
1076,2024-08-30 00:00:00+02,0.0
1077,2024-08-30 00:30:00+02,0.0
1078,2024-08-30 01:00:00+02,0.0
1079,2024-08-30 01:30:00+02,0.0
1080,2024-08-30 02:00:00+02,0.0
1081,2024-08-30 02:30:00+02,0.0
1082,2024-08-30 03:00:00+02,0.0
1083,2024-08-30 03:30:00+02,0.0
1084,2024-08-30 04:00:00+02,0.0
1085,2024-08-30 04:30:00+02,0.0
1086,2024-08-30 05:00:00+02,0.0
1087,2024-08-30 05:30:00+02,0.0
1088,2024-08-30 06:00:00+02,0.0
1089,2024-08-30 06:30:00+02,0.0
1090,2024-08-30 07:00:00+02,0.0
1091,2024-08-30 07:30:00+02,0.0
1092,2024-08-30 08:00:00+02,0.0
1093,2024-08-30 08:30:00+02,0.0
1094,2024-08-30 09:00:00+02,0.0
1095,2024-08-30 09:30:00+02,0.0
1096,2024-08-30 10:00:00+02,0.0
1097,2024-08-30 10:30:00+02,0.0
1098,2024-08-30 11:00:00+02,0.0
1099,2024-08-30 11:30:00+02,0.0
1100,2024-08-30 12:00:00+02,0.0
1101,2024-08-30 12:30:00+02,0.0
1102,2024-08-30 13:00:00+02,0.0
1103,2024-08-30 13:30:00+02,0.0
1104,2024-08-30 14:00:00+02,0.0
1105,2024-08-30 14:30:00+02,0.0
1106,2024-08-30 15:00:00+02,0.0
1107,2024-08-30 15:30:00+02,0.0
1108,2024-08-30 16:00:00+02,0.0
1109,2024-08-30 16:30:00+02,0.0
1110,2024-08-30 17:00:00+02,0.0
1111,2024-08-30 17:30:00+02,0.0
1112,2024-08-30 18:00:00+02,0.0
1113,2024-08-30 18:30:00+02,0.0
1114,2024-08-30 19:00:00+02,0.0
1115,2024-08-30 19:30:00+02,0.0
1116,2024-08-30 20:00:00+02,0.0
1117,2024-08-30 20:30:00+02,0.0
1118,2024-08-30 21:00:00+02,0.0
1119,2024-08-30 21:30:00+02,0.0
1120,2024-08-30 22:00:00+02,0.0
1121,2024-08-30 22:30:00+02,0.0
1122,2024-08-30 23:00:00+02,0.0
1123,2024-08-30 23:30:00+02,0.0
1124,2024-08-31 00:00:00+02,0.0
1125,2024-08-31 00:30:00+02,0.0
1126,2024-08-31 01:00:00+02,0.0
1127,2024-08-31 01:30:00+02,0.0
1128,2024-08-31 02:00:00+02,0.0
1129,2024-08-31 02:30:00+02,0.0
1130,2024-08-31 03:00:00+02,0.0
1131,2024-08-31 03:30:00+02,0.0
1132,2024-08-31 04:00:00+02,0.0
1133,2024-08-31 04:30:00+02,0.0
1134,2024-08-31 05:00:00+02,0.0
1135,2024-08-31 05:30:00+02,0.0
1136,2024-08-31 06:00:00+02,0.0
1137,2024-08-31 06:30:00+02,0.0
1138,2024-08-31 07:00:00+02,0.0
1139,2024-08-31 07:30:00+02,0.0
1140,2024-08-31 08:00:00+02,0.0
1141,2024-08-31 08:30:00+02,0.0
1142,2024-08-31 09:00:00+02,0.0
1143,2024-08-31 09:30:00+02,0.0
1144,2024-08-31 10:00:00+02,0.0
1145,2024-08-31 10:30:00+02,0.0
1146,2024-08-31 11:00:00+02,0.0
1147,2024-08-31 11:30:00+02,0.0
1148,2024-08-31 12:00:00+02,0.0
1149,2024-08-31 12:30:00+02,0.0
1150,2024-08-31 13:00:00+02,0.0
1151,2024-08-31 13:30:00+02,0.0
1152,2024-08-31 14:00:00+02,0.0
1153,2024-08-31 14:30:00+02,0.0
1154,2024-08-31 15:00:00+02,0.0
1155,2024-08-31 15:30:00+02,0.0
1156,2024-08-31 16:00:00+02,0.0
1157,2024-08-31 16:30:00+02,0.0
1158,2024-08-31 17:00:00+02,0.0
1159,2024-08-31 17:30:00+02,0.0
1160,2024-08-31 18:00:00+02,0.0
1161,2024-08-31 18:30:00+02,0.0
1162,2024-08-31 19:00:00+02,0.0
1163,2024-08-31 19:30:00+02,0.0
1164,2024-08-31 20:00:00+02,0.0
1165,2024-08-31 20:30:00+02,0.0
1166,2024-08-31 21:00:00+02,0.0
1167,2024-08-31 21:30:00+02,0.0
1168,2024-08-31 22:00:00+02,0.0
1169,2024-08-31 22:30:00+02,0.0
1170,2024-08-31 23:00:00+02,0.0
1171,2024-08-31 23:30:00+02,0.0
1172,2024-09-01 00:00:00+02,0.0
1173,2024-09-01 00:30:00+02,0.0
1174,2024-09-01 01:00:00+02,0.0
1175,2024-09-01 01:30:00+02,0.0
1176,2024-09-01 02:00:00+02,0.0
1177,2024-09-01 02:30:00+02,0.0
1178,2024-09-01 03:00:00+02,0.0
1179,2024-09-01 03:30:00+02,0.0
1180,2024-09-01 04:00:00+02,0.0
1181,2024-09-01 04:30:00+02,0.0
1182,2024-09-01 05:00:00+02,0.0
1183,2024-09-01 05:30:00+02,0.0
1184,2024-09-01 06:00:00+02,0.0
1185,2024-09-01 06:30:00+02,0.0
1186,2024-09-01 07:00:00+02,0.0
1187,2024-09-01 07:30:00+02,0.0
1188,2024-09-01 08:00:00+02,0.0
1189,2024-09-01 08:30:00+02,0.0
1190,2024-09-01 09:00:00+02,0.0
1191,2024-09-01 09:30:00+02,0.0
1192,2024-09-01 10:00:00+02,0.0
1193,2024-09-01 10:30:00+02,0.0
1194,2024-09-01 11:00:00+02,0.0
1195,2024-09-01 11:30:00+02,0.0
1196,2024-09-01 12:00:00+02,0.0
1197,2024-09-01 13:30:00+02,0.0
1198,2024-09-01 14:00:00+02,0.0
1199,2024-09-01 14:30:00+02,0.0
1200,2024-09-01 15:00:00+02,0.0
1201,2024-09-01 15:30:00+02,0.0
1202,2024-09-01 16:00:00+02,0.0
1203,2024-09-01 16:30:00+02,0.0
1204,2024-09-01 17:00:00+02,0.0
1205,2024-09-01 17:30:00+02,0.0
1206,2024-09-01 18:00:00+02,0.0
1207,2024-09-01 18:30:00+02,0.0
1208,2024-09-01 19:00:00+02,0.0
1209,2024-09-01 19:30:00+02,0.0
1210,2024-09-01 20:00:00+02,512.0
1211,2024-09-01 20:30:00+02,0.0
1212,2024-09-01 21:00:00+02,0.0
1213,2024-09-01 21:30:00+02,0.0
1214,2024-09-01 22:00:00+02,0.0
1215,2024-09-01 22:30:00+02,0.0
1216,2024-09-01 23:00:00+02,0.0
1217,2024-09-02 00:30:00+02,0.0
1218,2024-09-02 01:00:00+02,0.0
1219,2024-09-02 01:30:00+02,0.0
1220,2024-09-02 02:00:00+02,0.0
1221,2024-09-02 02:30:00+02,0.0
1222,2024-09-02 03:00:00+02,0.0
1223,2024-09-02 03:30:00+02,0.0
1224,2024-09-02 04:00:00+02,0.0
1225,2024-09-02 04:30:00+02,0.0
1226,2024-09-02 05:00:00+02,0.0
1227,2024-09-02 05:30:00+02,0.0
1228,2024-09-02 06:00:00+02,0.0
1229,2024-09-02 06:30:00+02,0.0
1230,2024-09-02 07:00:00+02,0.0
1231,2024-09-02 07:30:00+02,0.0
1232,2024-09-02 08:00:00+02,0.0
1233,2024-09-02 08:30:00+02,0.0
1234,2024-09-02 09:00:00+02,0.0
1235,2024-09-02 09:30:00+02,0.0
1236,2024-09-02 10:00:00+02,0.0
1237,2024-09-02 10:30:00+02,0.0
1238,2024-09-02 11:00:00+02,0.0
1239,2024-09-02 11:30:00+02,0.0
1240,2024-09-02 12:00:00+02,0.0
1241,2024-09-02 12:30:00+02,0.0
1242,2024-09-02 13:00:00+02,0.0
1243,2024-09-02 13:30:00+02,0.0
1244,2024-09-02 14:00:00+02,0.0
1245,2024-09-02 14:30:00+02,0.0
1246,2024-09-02 15:00:00+02,0.0
1247,2024-09-02 15:30:00+02,0.0
1248,2024-09-02 16:00:00+02,0.0
1249,2024-09-02 16:30:00+02,0.0
1250,2024-09-02 17:00:00+02,0.0
1251,2024-09-02 17:30:00+02,0.0
1252,2024-09-02 18:00:00+02,0.0
1253,2024-09-02 18:30:00+02,0.0
1254,2024-09-02 19:00:00+02,0.0
1255,2024-09-02 19:30:00+02,0.0
1256,2024-09-02 20:00:00+02,0.0
1257,2024-09-02 20:30:00+02,0.0
1258,2024-09-02 21:00:00+02,0.0
1259,2024-09-02 21:30:00+02,0.0
1260,2024-09-02 22:00:00+02,0.0
1261,2024-09-02 22:30:00+02,0.0
1262,2024-09-02 23:00:00+02,0.0
1263,2024-09-02 23:30:00+02,0.0
1264,2024-09-03 00:00:00+02,0.0
1265,2024-09-03 00:30:00+02,0.0
1266,2024-09-03 01:00:00+02,0.0
1267,2024-09-03 01:30:00+02,0.0
1268,2024-09-03 02:00:00+02,0.0
1269,2024-09-03 02:30:00+02,0.0
1270,2024-09-03 03:00:00+02,0.0
1271,2024-09-03 03:30:00+02,0.0
1272,2024-09-03 04:00:00+02,0.0
1273,2024-09-03 04:30:00+02,0.0
1274,2024-09-03 05:00:00+02,0.0
1275,2024-09-03 05:30:00+02,0.0
1276,2024-09-03 06:00:00+02,0.0
1277,2024-09-03 06:30:00+02,0.0
1278,2024-09-03 07:00:00+02,0.0
1279,2024-09-03 07:30:00+02,0.0
1280,2024-09-03 08:00:00+02,0.0
1281,2024-09-03 08:30:00+02,0.0
1282,2024-09-03 09:00:00+02,0.0
1283,2024-09-03 09:30:00+02,0.0
1284,2024-09-03 10:00:00+02,0.0
1285,2024-09-03 10:30:00+02,0.0
1286,2024-09-03 11:00:00+02,0.0
1287,2024-09-03 11:30:00+02,0.0
1288,2024-09-03 12:00:00+02,0.0
1289,2024-09-03 12:30:00+02,0.0
1290,2024-09-03 13:00:00+02,0.0
1291,2024-09-03 13:30:00+02,0.0
1292,2024-09-03 14:00:00+02,32.0
1293,2024-09-03 14:30:00+02,0.0
1294,2024-09-03 15:00:00+02,0.0
1295,2024-09-03 15:30:00+02,0.0
1296,2024-09-03 16:00:00+02,0.0
1297,2024-09-03 16:30:00+02,0.0
1298,2024-09-03 17:00:00+02,0.0
1299,2024-09-03 17:30:00+02,0.0
1300,2024-09-03 18:00:00+02,0.0
1301,2024-09-03 18:30:00+02,0.0
1302,2024-09-03 19:00:00+02,0.0
1303,2024-09-03 19:30:00+02,0.0
1304,2024-09-03 20:00:00+02,0.0
1305,2024-09-03 20:30:00+02,0.0
1306,2024-09-03 21:00:00+02,0.0
1307,2024-09-03 21:30:00+02,0.0
1308,2024-09-03 22:00:00+02,0.0
1309,2024-09-03 22:30:00+02,0.0
1310,2024-09-03 23:00:00+02,0.0
1311,2024-09-03 23:30:00+02,0.0
1312,2024-09-04 00:00:00+02,0.0
1313,2024-09-04 00:30:00+02,0.0
1314,2024-09-04 01:00:00+02,0.0
1315,2024-09-04 01:30:00+02,0.0
1316,2024-09-04 02:00:00+02,0.0
1317,2024-09-04 02:30:00+02,0.0
1318,2024-09-04 03:00:00+02,0.0
1319,2024-09-04 03:30:00+02,0.0
1320,2024-09-04 04:00:00+02,0.0
1321,2024-09-04 04:30:00+02,0.0
1322,2024-09-04 05:00:00+02,0.0
1323,2024-09-04 05:30:00+02,0.0
1324,2024-09-04 06:00:00+02,0.0
1325,2024-09-04 06:30:00+02,0.0
1326,2024-09-04 07:00:00+02,0.0
1327,2024-09-04 07:30:00+02,0.0
1328,2024-09-04 08:00:00+02,0.0
1329,2024-09-04 08:30:00+02,0.0
1330,2024-09-04 09:00:00+02,0.0
1331,2024-09-04 09:30:00+02,0.0
1332,2024-09-04 10:00:00+02,0.0
1333,2024-09-04 10:30:00+02,0.0
1334,2024-09-04 11:00:00+02,0.0
1335,2024-09-04 11:30:00+02,0.0
1336,2024-09-04 12:00:00+02,0.0
1337,2024-09-04 12:30:00+02,0.0
1338,2024-09-04 13:00:00+02,0.0
1339,2024-09-04 13:30:00+02,0.0
1340,2024-09-04 14:00:00+02,0.0
1341,2024-09-04 14:30:00+02,0.0
1342,2024-09-04 15:00:00+02,0.0
1343,2024-09-04 15:30:00+02,0.0
1344,2024-09-04 16:00:00+02,0.0
1345,2024-09-04 16:30:00+02,0.0
1346,2024-09-04 17:00:00+02,0.0
1347,2024-09-04 17:30:00+02,0.0
1348,2024-09-04 18:00:00+02,0.0
1349,2024-09-04 18:30:00+02,0.0
1350,2024-09-04 19:00:00+02,0.0
1351,2024-09-04 19:30:00+02,0.0
1352,2024-09-04 20:00:00+02,0.0
1353,2024-09-04 20:30:00+02,0.0
1354,2024-09-04 21:00:00+02,0.0
1355,2024-09-04 21:30:00+02,0.0
1356,2024-09-04 22:00:00+02,0.0
1357,2024-09-04 22:30:00+02,0.0
1358,2024-09-04 23:00:00+02,0.0
1359,2024-09-04 23:30:00+02,0.0
1360,2024-09-05 00:00:00+02,0.0
1361,2024-09-05 00:30:00+02,0.0
1362,2024-09-05 01:00:00+02,0.0
1363,2024-09-05 01:30:00+02,0.0
1364,2024-09-05 02:00:00+02,0.0
1365,2024-09-05 02:30:00+02,0.0
1366,2024-09-05 03:00:00+02,0.0
1367,2024-09-05 03:30:00+02,0.0
1368,2024-09-05 04:00:00+02,0.0
1369,2024-09-05 04:30:00+02,0.0
1370,2024-09-05 05:00:00+02,0.0
1371,2024-09-05 05:30:00+02,0.0
1372,2024-09-05 06:00:00+02,0.0
1373,2024-09-05 06:30:00+02,0.0
1374,2024-09-05 07:00:00+02,0.0
1375,2024-09-05 07:30:00+02,0.0
1376,2024-09-05 08:00:00+02,0.0
1377,2024-09-05 08:30:00+02,0.0
1378,2024-09-05 09:00:00+02,0.0
1379,2024-09-05 09:30:00+02,0.0
1380,2024-09-05 10:00:00+02,0.0
1381,2024-09-05 10:30:00+02,0.0
1382,2024-09-05 11:00:00+02,0.0
1383,2024-09-05 11:30:00+02,0.0
1384,2024-09-05 12:00:00+02,0.0
1385,2024-09-05 12:30:00+02,0.0
1386,2024-09-05 13:00:00+02,0.0
1387,2024-09-05 13:30:00+02,0.0
1388,2024-09-05 14:00:00+02,0.0
1389,2024-09-05 14:30:00+02,0.0
1390,2024-09-05 15:00:00+02,0.0
1391,2024-09-05 15:30:00+02,0.0
1392,2024-09-05 16:00:00+02,0.0
1393,2024-09-05 16:30:00+02,0.0
1394,2024-09-05 17:00:00+02,0.0
1395,2024-09-05 17:30:00+02,0.0
1396,2024-09-05 18:00:00+02,0.0
1397,2024-09-05 18:30:00+02,0.0
1398,2024-09-05 19:00:00+02,0.0
1399,2024-09-05 19:30:00+02,0.0
1400,2024-09-05 20:00:00+02,0.0
1401,2024-09-05 20:30:00+02,0.0
1402,2024-09-05 21:00:00+02,0.0
1403,2024-09-05 21:30:00+02,0.0
1404,2024-09-05 22:00:00+02,0.0
1405,2024-09-05 22:30:00+02,0.0
1406,2024-09-05 23:00:00+02,0.0
1407,2024-09-05 23:30:00+02,0.0
1408,2024-09-06 00:00:00+02,0.0
1409,2024-09-06 00:30:00+02,0.0
1410,2024-09-06 01:00:00+02,0.0
1411,2024-09-06 01:30:00+02,0.0
1412,2024-09-06 02:00:00+02,0.0
1413,2024-09-06 02:30:00+02,0.0
1414,2024-09-06 03:00:00+02,0.0
1415,2024-09-06 03:30:00+02,0.0
1416,2024-09-06 04:00:00+02,0.0
1417,2024-09-06 04:30:00+02,0.0
1418,2024-09-06 05:00:00+02,0.0
1419,2024-09-06 05:30:00+02,0.0
1420,2024-09-06 06:00:00+02,0.0
1421,2024-09-06 06:30:00+02,0.0
1422,2024-09-06 07:00:00+02,0.0
1423,2024-09-06 07:30:00+02,0.0
1424,2024-09-06 08:00:00+02,0.0
1425,2024-09-06 08:30:00+02,0.0
1426,2024-09-06 09:00:00+02,0.0
1427,2024-09-06 09:30:00+02,0.0
1428,2024-09-06 10:00:00+02,0.0
1429,2024-09-06 10:30:00+02,0.0
1430,2024-09-06 11:00:00+02,0.0
1431,2024-09-06 11:30:00+02,0.0
1432,2024-09-06 12:00:00+02,0.0
1433,2024-09-06 12:30:00+02,0.0
1434,2024-09-06 13:00:00+02,0.0
1435,2024-09-06 13:30:00+02,0.0
1436,2024-09-06 14:00:00+02,0.0
1437,2024-09-06 14:30:00+02,0.0
1438,2024-09-06 15:00:00+02,0.0
1439,2024-09-06 15:30:00+02,0.0
1440,2024-09-06 16:00:00+02,0.0
1441,2024-09-06 16:30:00+02,0.0
1442,2024-09-06 17:00:00+02,0.0
1443,2024-09-06 17:30:00+02,0.0
1444,2024-09-06 18:00:00+02,0.0
1445,2024-09-06 18:30:00+02,0.0
1446,2024-09-06 19:00:00+02,0.0
1447,2024-09-06 19:30:00+02,0.0
1448,2024-09-06 20:00:00+02,0.0
1449,2024-09-06 20:30:00+02,0.0
1450,2024-09-06 21:00:00+02,0.0
1451,2024-09-06 21:30:00+02,0.0
1452,2024-09-06 22:00:00+02,0.0
1453,2024-09-06 22:30:00+02,0.0
1454,2024-09-06 23:00:00+02,0.0
1455,2024-09-06 23:30:00+02,0.0
1456,2024-09-07 00:00:00+02,0.0
1457,2024-09-07 00:30:00+02,0.0
1458,2024-09-07 01:00:00+02,0.0
1459,2024-09-07 01:30:00+02,0.0
1460,2024-09-07 02:00:00+02,0.0
1461,2024-09-07 02:30:00+02,0.0
1462,2024-09-07 03:00:00+02,0.0
1463,2024-09-07 03:30:00+02,0.0
1464,2024-09-07 04:00:00+02,0.0
1465,2024-09-07 04:30:00+02,0.0
1466,2024-09-07 05:00:00+02,0.0
1467,2024-09-07 05:30:00+02,0.0
1468,2024-09-07 06:00:00+02,0.0
1469,2024-09-07 06:30:00+02,0.0
1470,2024-09-07 07:00:00+02,0.0
1471,2024-09-07 07:30:00+02,0.0
1472,2024-09-07 08:00:00+02,0.0
1473,2024-09-07 08:30:00+02,0.0
1474,2024-09-07 09:00:00+02,0.0
1475,2024-09-07 09:30:00+02,0.0
1476,2024-09-07 10:00:00+02,0.0
1477,2024-09-07 10:30:00+02,0.0
1478,2024-09-07 11:00:00+02,0.0
1479,2024-09-07 11:30:00+02,0.0
1480,2024-09-07 12:00:00+02,0.0
1481,2024-09-07 12:30:00+02,0.0
1482,2024-09-07 13:00:00+02,0.0
1483,2024-09-07 13:30:00+02,0.0
1484,2024-09-07 14:00:00+02,2.0
1485,2024-09-07 14:30:00+02,0.0
1486,2024-09-07 15:00:00+02,0.0
1487,2024-09-07 15:30:00+02,0.0
1488,2024-09-07 16:00:00+02,0.0
1489,2024-09-07 16:30:00+02,0.0
1490,2024-09-07 17:00:00+02,0.0
1491,2024-09-07 17:30:00+02,0.0
1492,2024-09-07 18:00:00+02,0.0
1493,2024-09-07 18:30:00+02,0.0
1494,2024-09-07 19:00:00+02,0.0
1495,2024-09-07 19:30:00+02,0.0
1496,2024-09-07 20:00:00+02,0.0
1497,2024-09-07 20:30:00+02,0.0
1498,2024-09-07 21:00:00+02,0.0
1499,2024-09-07 21:30:00+02,0.0
1500,2024-09-07 22:00:00+02,0.0
1501,2024-09-07 22:30:00+02,0.0
1502,2024-09-07 23:00:00+02,0.0
1503,2024-09-07 23:30:00+02,0.0
1504,2024-09-08 00:00:00+02,0.0
1505,2024-09-08 00:30:00+02,0.0
1506,2024-09-08 01:00:00+02,0.0
1507,2024-09-08 01:30:00+02,0.0
1508,2024-09-08 02:00:00+02,0.0
1509,2024-09-08 02:30:00+02,0.0
1510,2024-09-08 03:00:00+02,0.0
1511,2024-09-08 03:30:00+02,0.0
1512,2024-09-08 04:00:00+02,0.0
1513,2024-09-08 04:30:00+02,0.0
1514,2024-09-08 05:00:00+02,0.0
1515,2024-09-08 05:30:00+02,0.0
1516,2024-09-08 06:00:00+02,0.0
1517,2024-09-08 06:30:00+02,0.0
1518,2024-09-08 07:00:00+02,0.0
1519,2024-09-08 07:30:00+02,0.0
1520,2024-09-08 08:00:00+02,0.0
1521,2024-09-08 08:30:00+02,0.0
1522,2024-09-08 09:00:00+02,0.0
1523,2024-09-08 09:30:00+02,0.0
1524,2024-09-08 10:00:00+02,0.0
1525,2024-09-08 10:30:00+02,0.0
1526,2024-09-08 11:00:00+02,0.0
1527,2024-09-08 11:30:00+02,0.0
1528,2024-09-08 12:00:00+02,0.0
1529,2024-09-08 12:30:00+02,0.0
1530,2024-09-08 13:00:00+02,0.0
1531,2024-09-08 13:30:00+02,0.0
1532,2024-09-08 14:00:00+02,0.0
1533,2024-09-08 14:30:00+02,0.0
1534,2024-09-08 15:00:00+02,0.0
1535,2024-09-08 15:30:00+02,0.0
1536,2024-09-08 16:00:00+02,0.0
1537,2024-09-08 16:30:00+02,0.0
1538,2024-09-08 17:00:00+02,0.0
1539,2024-09-08 17:30:00+02,0.0
1540,2024-09-08 18:00:00+02,0.0
1541,2024-09-08 18:30:00+02,0.0
1542,2024-09-08 19:00:00+02,0.0
1543,2024-09-08 19:30:00+02,0.0
1544,2024-09-08 20:00:00+02,0.0
1545,2024-09-08 20:30:00+02,0.0
1546,2024-09-08 21:00:00+02,0.0
1547,2024-09-08 21:30:00+02,0.0
1548,2024-09-08 22:00:00+02,0.0
1549,2024-09-08 22:30:00+02,32.0
1550,2024-09-08 23:00:00+02,0.0
1551,2024-09-08 23:30:00+02,0.0
1552,2024-09-09 00:00:00+02,0.0
1553,2024-09-09 00:30:00+02,0.0
1554,2024-09-09 01:00:00+02,0.0
1555,2024-09-09 01:30:00+02,0.0
1556,2024-09-09 02:00:00+02,0.0
1557,2024-09-09 02:30:00+02,0.0
1558,2024-09-09 03:00:00+02,0.0
1559,2024-09-09 03:30:00+02,0.0
1560,2024-09-09 04:00:00+02,0.0
1561,2024-09-09 04:30:00+02,0.0
1562,2024-09-09 05:00:00+02,0.0
1563,2024-09-09 05:30:00+02,0.0
1564,2024-09-09 06:00:00+02,0.0
1565,2024-09-09 06:30:00+02,0.0
1566,2024-09-09 07:00:00+02,0.0
1567,2024-09-09 07:30:00+02,0.0
1568,2024-09-09 08:00:00+02,0.0
1569,2024-09-09 08:30:00+02,0.0
1570,2024-09-09 09:00:00+02,0.0
1571,2024-09-09 09:30:00+02,0.0
1572,2024-09-09 10:00:00+02,0.0
1573,2024-09-09 10:30:00+02,0.0
1574,2024-09-09 11:00:00+02,0.0
1575,2024-09-09 11:30:00+02,0.0
1576,2024-09-09 12:00:00+02,0.0
1577,2024-09-09 12:30:00+02,0.0
1578,2024-09-09 13:00:00+02,0.0
1579,2024-09-09 13:30:00+02,0.0
1580,2024-09-09 14:00:00+02,0.0
1581,2024-09-09 14:30:00+02,0.0
1582,2024-09-09 15:00:00+02,0.0
1583,2024-09-09 15:30:00+02,0.0
1584,2024-09-09 16:00:00+02,0.0
1585,2024-09-09 16:30:00+02,0.0
1586,2024-09-09 17:00:00+02,0.0
1587,2024-09-09 17:30:00+02,0.0
1588,2024-09-09 18:00:00+02,0.0
1589,2024-09-09 18:30:00+02,0.0
1590,2024-09-09 19:00:00+02,0.0
1591,2024-09-09 19:30:00+02,0.0
1592,2024-09-09 20:00:00+02,0.0
1593,2024-09-09 20:30:00+02,0.0
1594,2024-09-09 21:00:00+02,0.0
1595,2024-09-09 21:30:00+02,0.0
1596,2024-09-09 22:00:00+02,0.0
1597,2024-09-09 22:30:00+02,0.0
1598,2024-09-09 23:00:00+02,0.0
1599,2024-09-09 23:30:00+02,0.0
1600,2024-09-10 00:00:00+02,0.0
1601,2024-09-10 00:30:00+02,0.0
1602,2024-09-10 01:00:00+02,0.0
1603,2024-09-10 01:30:00+02,0.0
1604,2024-09-10 02:00:00+02,0.0
1605,2024-09-10 02:30:00+02,0.0
1606,2024-09-10 03:00:00+02,0.0
1607,2024-09-10 03:30:00+02,0.0
1608,2024-09-10 04:00:00+02,0.0
1609,2024-09-10 04:30:00+02,0.0
1610,2024-09-10 05:00:00+02,0.0
1611,2024-09-10 05:30:00+02,0.0
1612,2024-09-10 06:00:00+02,0.0
1613,2024-09-10 06:30:00+02,0.0
1614,2024-09-10 07:00:00+02,0.0
1615,2024-09-10 07:30:00+02,0.0
1616,2024-09-10 08:00:00+02,0.0
1617,2024-09-10 08:30:00+02,0.0
1618,2024-09-10 09:00:00+02,0.0
1619,2024-09-10 09:30:00+02,0.0
1620,2024-09-10 10:00:00+02,0.0
1621,2024-09-10 10:30:00+02,0.0
1622,2024-09-10 11:00:00+02,0.0
1623,2024-09-10 11:30:00+02,0.0
1624,2024-09-10 12:00:00+02,0.0
1625,2024-09-10 12:30:00+02,0.0
1626,2024-09-10 13:00:00+02,0.0
1627,2024-09-10 13:30:00+02,0.0
1628,2024-09-10 14:00:00+02,0.0
1629,2024-09-10 14:30:00+02,0.0
1630,2024-09-10 15:00:00+02,0.0
1631,2024-09-10 15:30:00+02,0.0
1632,2024-09-10 16:00:00+02,2.0
1633,2024-09-10 16:30:00+02,0.0
1634,2024-09-10 17:00:00+02,0.0
1635,2024-09-10 17:30:00+02,0.0
1636,2024-09-10 18:00:00+02,0.0
1637,2024-09-10 18:30:00+02,0.0
1638,2024-09-10 19:00:00+02,0.0
1639,2024-09-10 19:30:00+02,0.0
1640,2024-09-10 20:00:00+02,0.0
1641,2024-09-10 20:30:00+02,0.0
1642,2024-09-10 21:00:00+02,0.0
1643,2024-09-10 21:30:00+02,0.0
1644,2024-09-10 22:00:00+02,0.0
1645,2024-09-10 22:30:00+02,0.0
1646,2024-09-10 23:00:00+02,0.0
1647,2024-09-10 23:30:00+02,0.0
1648,2024-09-11 00:00:00+02,0.0
1649,2024-09-11 00:30:00+02,0.0
1650,2024-09-11 01:00:00+02,0.0
1651,2024-09-11 01:30:00+02,0.0
1652,2024-09-11 02:00:00+02,0.0
1653,2024-09-11 02:30:00+02,0.0
1654,2024-09-11 03:00:00+02,32.0
1655,2024-09-11 03:30:00+02,0.0
1656,2024-09-11 04:00:00+02,0.0
1657,2024-09-11 04:30:00+02,0.0
1658,2024-09-11 05:00:00+02,0.0
1659,2024-09-11 05:30:00+02,0.0
1660,2024-09-11 06:00:00+02,0.0
1661,2024-09-11 06:30:00+02,0.0
1662,2024-09-11 07:00:00+02,0.0
1663,2024-09-11 07:30:00+02,0.0
1664,2024-09-11 08:00:00+02,0.0
1665,2024-09-11 08:30:00+02,0.0
1666,2024-09-11 09:00:00+02,0.0
1667,2024-09-11 09:30:00+02,0.0
1668,2024-09-11 10:00:00+02,0.0
1669,2024-09-11 10:30:00+02,0.0
1670,2024-09-11 11:00:00+02,0.0
1671,2024-09-11 11:30:00+02,0.0
1672,2024-09-11 12:00:00+02,0.0
1673,2024-09-11 12:30:00+02,0.0
1674,2024-09-11 13:00:00+02,0.0
1675,2024-09-11 13:30:00+02,0.0
1676,2024-09-11 14:00:00+02,0.0
1677,2024-09-11 14:30:00+02,0.0
1678,2024-09-11 15:00:00+02,0.0
1679,2024-09-11 15:30:00+02,0.0
1680,2024-09-11 16:00:00+02,0.0
1681,2024-09-11 16:30:00+02,0.0
1682,2024-09-11 17:00:00+02,0.0
1683,2024-09-11 17:30:00+02,0.0
1684,2024-09-11 18:00:00+02,0.0
1685,2024-09-11 18:30:00+02,0.0
1686,2024-09-11 19:00:00+02,0.0
1687,2024-09-11 19:30:00+02,0.0
1688,2024-09-11 20:00:00+02,0.0
1689,2024-09-11 20:30:00+02,0.0
1690,2024-09-11 21:00:00+02,0.0
1691,2024-09-11 21:30:00+02,0.0
1692,2024-09-11 22:00:00+02,0.0
1693,2024-09-11 22:30:00+02,0.0
1694,2024-09-11 23:00:00+02,0.0
1695,2024-09-11 23:30:00+02,0.0
1696,2024-09-12 00:00:00+02,0.0
1697,2024-09-12 00:30:00+02,0.0
1698,2024-09-12 01:00:00+02,0.0
1699,2024-09-12 01:30:00+02,0.0
1700,2024-09-12 02:00:00+02,0.0
1701,2024-09-12 02:30:00+02,0.0
1702,2024-09-12 03:00:00+02,0.0
1703,2024-09-12 03:30:00+02,0.0
1704,2024-09-12 04:00:00+02,0.0
1705,2024-09-12 04:30:00+02,0.0
1706,2024-09-12 05:00:00+02,0.0
1707,2024-09-12 05:30:00+02,0.0
1708,2024-09-12 06:00:00+02,0.0
1709,2024-09-12 06:30:00+02,0.0
1710,2024-09-12 07:00:00+02,0.0
1711,2024-09-12 07:30:00+02,0.0
1712,2024-09-12 08:00:00+02,0.0
1713,2024-09-12 08:30:00+02,0.0
1714,2024-09-12 09:00:00+02,0.0
1715,2024-09-12 09:30:00+02,0.0
1716,2024-09-12 10:00:00+02,0.0
1717,2024-09-12 10:30:00+02,0.0
1718,2024-09-12 11:00:00+02,0.0
1719,2024-09-12 11:30:00+02,0.0
1720,2024-09-12 12:00:00+02,0.0
1721,2024-09-12 12:30:00+02,0.0
1722,2024-09-12 13:00:00+02,0.0
1723,2024-09-12 13:30:00+02,0.0
1724,2024-09-12 14:00:00+02,0.0
1725,2024-09-12 14:30:00+02,0.0
1726,2024-09-12 15:00:00+02,0.0
1727,2024-09-12 15:30:00+02,0.0
1728,2024-09-12 16:00:00+02,0.0
1729,2024-09-12 16:30:00+02,0.0
1730,2024-09-12 17:00:00+02,0.0
1731,2024-09-12 17:30:00+02,0.0
1732,2024-09-12 18:00:00+02,0.0
1733,2024-09-12 18:30:00+02,0.0
1734,2024-09-12 19:00:00+02,0.0
1735,2024-09-12 19:30:00+02,0.0
1736,2024-09-12 20:00:00+02,0.0
1737,2024-09-12 20:30:00+02,0.0
1738,2024-09-12 21:00:00+02,0.0
1739,2024-09-12 21:30:00+02,0.0
1740,2024-09-12 22:00:00+02,0.0
1741,2024-09-12 22:30:00+02,0.0
1742,2024-09-12 23:00:00+02,0.0
1743,2024-09-12 23:30:00+02,0.0
1744,2024-09-13 00:00:00+02,0.0
1745,2024-09-13 00:30:00+02,0.0
1746,2024-09-13 01:00:00+02,0.0
1747,2024-09-13 01:30:00+02,0.0
1748,2024-09-13 02:00:00+02,0.0
1749,2024-09-13 02:30:00+02,0.0
1750,2024-09-13 03:00:00+02,0.0
1751,2024-09-13 03:30:00+02,0.0
1752,2024-09-13 04:00:00+02,0.0
1753,2024-09-13 04:30:00+02,0.0
1754,2024-09-13 05:00:00+02,0.0
1755,2024-09-13 05:30:00+02,0.0
1756,2024-09-13 06:00:00+02,0.0
1757,2024-09-13 06:30:00+02,0.0
1758,2024-09-13 07:00:00+02,0.0
1759,2024-09-13 07:30:00+02,0.0
1760,2024-09-13 08:00:00+02,0.0
1761,2024-09-13 08:30:00+02,0.0
1762,2024-09-13 09:00:00+02,0.0
1763,2024-09-13 09:30:00+02,0.0
1764,2024-09-13 10:00:00+02,0.0
1765,2024-09-13 10:30:00+02,0.0
1766,2024-09-13 11:00:00+02,0.0
1767,2024-09-13 11:30:00+02,0.0
1768,2024-09-13 12:00:00+02,0.0
1769,2024-09-13 12:30:00+02,0.0
1770,2024-09-13 13:00:00+02,0.0
1771,2024-09-13 13:30:00+02,0.0
1772,2024-09-13 14:00:00+02,0.0
1773,2024-09-13 14:30:00+02,0.0
1774,2024-09-13 15:00:00+02,0.0
1775,2024-09-13 15:30:00+02,0.0
1776,2024-09-13 16:00:00+02,0.0
1777,2024-09-13 16:30:00+02,0.0
1778,2024-09-13 17:00:00+02,0.0
1779,2024-09-13 17:30:00+02,0.0
1780,2024-09-13 18:00:00+02,0.0
1781,2024-09-13 18:30:00+02,0.0
1782,2024-09-13 19:00:00+02,0.0
1783,2024-09-13 19:30:00+02,0.0
1784,2024-09-13 20:00:00+02,0.0
1785,2024-09-13 20:30:00+02,0.0
1786,2024-09-13 21:00:00+02,0.0
1787,2024-09-13 21:30:00+02,0.0
1788,2024-09-13 22:00:00+02,0.0
1789,2024-09-13 22:30:00+02,0.0
1790,2024-09-13 23:00:00+02,0.0
1791,2024-09-13 23:30:00+02,0.0
1792,2024-09-14 00:00:00+02,0.0
1793,2024-09-14 00:30:00+02,0.0
1794,2024-09-14 01:00:00+02,0.0
1795,2024-09-14 01:30:00+02,0.0
1796,2024-09-14 02:00:00+02,0.0
1797,2024-09-14 02:30:00+02,0.0
1798,2024-09-14 03:00:00+02,0.0
1799,2024-09-14 03:30:00+02,0.0
1800,2024-09-14 04:00:00+02,0.0
1801,2024-09-14 04:30:00+02,0.0
1802,2024-09-14 05:00:00+02,0.0
1803,2024-09-14 05:30:00+02,0.0
1804,2024-09-14 06:00:00+02,0.0
1805,2024-09-14 06:30:00+02,0.0
1806,2024-09-14 07:00:00+02,0.0
1807,2024-09-14 07:30:00+02,0.0
1808,2024-09-14 08:00:00+02,0.0
1809,2024-09-14 08:30:00+02,0.0
1810,2024-09-14 09:00:00+02,0.0
1811,2024-09-14 09:30:00+02,0.0
1812,2024-09-14 10:00:00+02,0.0
1813,2024-09-14 10:30:00+02,0.0
1814,2024-09-14 11:00:00+02,0.0
1815,2024-09-14 11:30:00+02,0.0
1816,2024-09-14 12:00:00+02,0.0
1817,2024-09-14 12:30:00+02,0.0
1818,2024-09-14 13:00:00+02,0.0
1819,2024-09-14 15:00:00+02,0.0
1820,2024-09-14 15:30:00+02,0.0
1821,2024-09-14 16:00:00+02,0.0
1822,2024-09-14 16:30:00+02,0.0
1823,2024-09-14 17:00:00+02,0.0
1824,2024-09-14 17:30:00+02,0.0
1825,2024-09-14 18:00:00+02,0.0
1826,2024-09-14 18:30:00+02,0.0
1827,2024-09-14 19:00:00+02,0.0
1828,2024-09-14 19:30:00+02,0.0
1829,2024-09-14 20:00:00+02,0.0
1830,2024-09-14 20:30:00+02,0.0
1831,2024-09-14 21:00:00+02,0.0
1832,2024-09-14 21:30:00+02,0.0
1833,2024-09-14 22:00:00+02,0.0
1834,2024-09-14 22:30:00+02,0.0
1835,2024-09-14 23:00:00+02,0.0
1836,2024-09-14 23:30:00+02,0.0
1837,2024-09-15 00:00:00+02,0.0
1838,2024-09-15 00:30:00+02,0.0
1839,2024-09-15 01:00:00+02,0.0
1840,2024-09-15 01:30:00+02,0.0
1841,2024-09-15 02:00:00+02,0.0
1842,2024-09-15 02:30:00+02,0.0
1843,2024-09-15 03:00:00+02,0.0
1844,2024-09-15 03:30:00+02,0.0
1845,2024-09-15 04:00:00+02,0.0
1846,2024-09-15 04:30:00+02,0.0
1847,2024-09-15 05:00:00+02,0.0
1848,2024-09-15 05:30:00+02,0.0
1849,2024-09-15 06:00:00+02,0.0
1850,2024-09-15 06:30:00+02,0.0
1851,2024-09-15 07:00:00+02,0.0
1852,2024-09-15 07:30:00+02,0.0
1853,2024-09-15 08:00:00+02,0.0
1854,2024-09-15 08:30:00+02,0.0
1855,2024-09-15 09:00:00+02,0.0
1856,2024-09-15 09:30:00+02,0.0
1857,2024-09-15 10:00:00+02,0.0
1858,2024-09-15 10:30:00+02,0.0
1859,2024-09-15 11:00:00+02,0.0
1860,2024-09-15 11:30:00+02,0.0
1861,2024-09-15 12:00:00+02,0.0
1862,2024-09-15 12:30:00+02,0.0
1863,2024-09-15 13:00:00+02,0.0
1864,2024-09-15 13:30:00+02,0.0
1865,2024-09-15 14:00:00+02,0.0
1866,2024-09-15 14:30:00+02,0.0
1867,2024-09-15 15:00:00+02,0.0
1868,2024-09-15 15:30:00+02,0.0
1869,2024-09-15 16:00:00+02,0.0
1870,2024-09-15 16:30:00+02,0.0
1871,2024-09-15 17:00:00+02,0.0
1872,2024-09-15 17:30:00+02,0.0
1873,2024-09-15 18:00:00+02,0.0
1874,2024-09-15 18:30:00+02,0.0
1875,2024-09-15 19:00:00+02,0.0
1876,2024-09-15 19:30:00+02,0.0
1877,2024-09-15 20:00:00+02,0.0
1878,2024-09-15 20:30:00+02,0.0
1879,2024-09-15 21:00:00+02,0.0
1880,2024-09-15 21:30:00+02,0.0
1881,2024-09-15 22:00:00+02,0.0
1882,2024-09-15 22:30:00+02,0.0
1883,2024-09-15 23:00:00+02,0.0
1884,2024-09-15 23:30:00+02,0.0
1885,2024-09-16 00:00:00+02,0.0
1886,2024-09-16 00:30:00+02,0.0
1887,2024-09-16 01:00:00+02,40.0
1888,2024-09-16 01:30:00+02,0.0
1889,2024-09-16 02:00:00+02,0.0
1890,2024-09-16 02:30:00+02,0.0
1891,2024-09-16 03:00:00+02,0.0
1892,2024-09-16 03:30:00+02,0.0
1893,2024-09-16 04:00:00+02,0.0
1894,2024-09-16 04:30:00+02,0.0
1895,2024-09-16 05:00:00+02,0.0
1896,2024-09-16 05:30:00+02,0.0
1897,2024-09-16 06:00:00+02,0.0
1898,2024-09-16 06:30:00+02,0.0
1899,2024-09-16 07:00:00+02,0.0
1900,2024-09-16 07:30:00+02,0.0
1901,2024-09-16 08:00:00+02,0.0
1902,2024-09-16 08:30:00+02,0.0
1903,2024-09-16 09:00:00+02,0.0
1904,2024-09-16 09:30:00+02,0.0
1905,2024-09-16 10:00:00+02,0.0
1906,2024-09-16 10:30:00+02,0.0
1907,2024-09-16 11:00:00+02,0.0
