0,2024-08-09 11:30:00+02,2.0172331
1,2024-08-09 12:00:00+02,1.370717
2,2024-08-09 12:30:00+02,1.1997224
3,2024-08-09 13:00:00+02,1.3882737
4,2024-08-09 13:30:00+02,1.2659427
5,2024-08-09 14:00:00+02,2.6338663
6,2024-08-09 14:30:00+02,2.4854352
7,2024-08-09 15:00:00+02,2.4980407
8,2024-08-09 15:30:00+02,2.5629749
9,2024-08-09 16:00:00+02,4.0758719
10,2024-08-09 16:30:00+02,4.346488
11,2024-08-09 17:00:00+02,4.3809719
12,2024-08-09 17:30:00+02,3.1097412
13,2024-08-09 18:00:00+02,4.3209958
14,2024-08-09 18:30:00+02,3.4162846
15,2024-08-09 19:00:00+02,3.474966
16,2024-08-09 19:30:00+02,2.4298534
17,2024-08-09 20:00:00+02,1.6255164
18,2024-08-09 20:30:00+02,1.8515253
19,2024-08-09 21:00:00+02,2.2018557
20,2024-08-09 21:30:00+02,1.2890394
21,2024-08-09 22:00:00+02,0.50858676
22,2024-08-09 22:30:00+02,0.15312447
23,2024-08-09 23:00:00+02,1.120723
24,2024-08-09 23:30:00+02,0.95088857
25,2024-08-10 00:00:00+02,0.42616197
26,2024-08-10 00:30:00+02,0.37464401
27,2024-08-10 01:00:00+02,0.45058495
28,2024-08-10 01:30:00+02,0.8051064
29,2024-08-10 02:00:00+02,0.48913094
30,2024-08-10 02:30:00+02,0.30919993
31,2024-08-10 03:00:00+02,0.40193042
32,2024-08-10 03:30:00+02,0.59998482
33,2024-08-10 04:00:00+02,0.75244439
34,2024-08-10 04:30:00+02,0.87571043
35,2024-08-10 05:00:00+02,0.80472523
36,2024-08-10 05:30:00+02,0.5582009
37,2024-08-10 06:00:00+02,3.2851036
38,2024-08-10 06:30:00+02,0.92952049
39,2024-08-10 07:00:00+02,2.3051507
40,2024-08-10 07:30:00+02,2.3179564
41,2024-08-10 08:00:00+02,0.75664306
42,2024-08-10 08:30:00+02,1.3336971
43,2024-08-10 09:00:00+02,1.000508
44,2024-08-10 09:30:00+02,0.81694555
45,2024-08-10 10:00:00+02,1.4972627
46,2024-08-10 10:30:00+02,1.7713675
47,2024-08-10 11:00:00+02,2.2139044
48,2024-08-10 11:30:00+02,1.0949725
49,2024-08-10 12:00:00+02,0.84347177
50,2024-08-10 12:30:00+02,2.3525202
51,2024-08-10 13:00:00+02,1.0442071
52,2024-08-10 13:30:00+02,1.4415375
53,2024-08-10 14:00:00+02,1.0821818
54,2024-08-10 14:30:00+02,0.82781208
55,2024-08-10 15:00:00+02,1.0171082
56,2024-08-10 15:30:00+02,0.8427009
57,2024-08-10 16:00:00+02,0.87990886
58,2024-08-10 16:30:00+02,1.0631011
59,2024-08-10 17:00:00+02,3.1433461
60,2024-08-10 17:30:00+02,1.4423031
61,2024-08-10 18:00:00+02,0.95680755
62,2024-08-10 18:30:00+02,1.5413599
63,2024-08-10 19:00:00+02,1.6809001
64,2024-08-10 19:30:00+02,1.4360034
65,2024-08-10 20:00:00+02,0.88125145
66,2024-08-10 20:30:00+02,0.9093107
67,2024-08-10 21:00:00+02,1.1150119
68,2024-08-10 21:30:00+02,1.0617714
69,2024-08-10 22:00:00+02,1.2293222
70,2024-08-10 22:30:00+02,1.0409657
71,2024-08-10 23:00:00+02,1.2764511
72,2024-08-10 23:30:00+02,1.5644432
73,2024-08-11 00:00:00+02,1.5625348
74,2024-08-11 00:30:00+02,2.1560323
75,2024-08-11 01:00:00+02,1.496883
76,2024-08-11 01:30:00+02,1.5856341
77,2024-08-11 02:00:00+02,0.68260974
78,2024-08-11 02:30:00+02,0.92799884
79,2024-08-11 03:00:00+02,0.80091226
80,2024-08-11 03:30:00+02,0.56793582
81,2024-08-11 04:00:00+02,0.62288713
82,2024-08-11 04:30:00+02,0.39086574
83,2024-08-11 05:00:00+02,0.17697585
84,2024-08-11 05:30:00+02,0.29565457
85,2024-08-11 06:00:00+02,0.46184489
86,2024-08-11 06:30:00+02,0.4395214
87,2024-08-11 07:00:00+02,0.51432014
88,2024-08-11 07:30:00+02,0.32485631
89,2024-08-11 08:00:00+02,0.22849543
90,2024-08-11 08:30:00+02,0.23230787
91,2024-08-11 09:00:00+02,0.56144893
92,2024-08-11 09:30:00+02,0.68890709
93,2024-08-11 10:00:00+02,1.3064262
94,2024-08-11 10:30:00+02,1.2028006
95,2024-08-11 11:00:00+02,0.92934221
96,2024-08-11 11:30:00+02,1.4474556
97,2024-08-11 12:00:00+02,1.3644358
98,2024-08-11 12:30:00+02,1.5646536
99,2024-08-11 13:00:00+02,1.1762632
100,2024-08-11 13:30:00+02,1.368634
101,2024-08-11 14:00:00+02,1.2997383
102,2024-08-11 14:30:00+02,1.3312305
103,2024-08-11 15:00:00+02,1.5518568
104,2024-08-11 15:30:00+02,1.3300906
105,2024-08-11 16:00:00+02,1.3480268
106,2024-08-11 16:30:00+02,0.78222305
107,2024-08-11 17:00:00+02,1.1335289
108,2024-08-11 17:30:00+02,1.3258948
109,2024-08-11 18:00:00+02,1.1367723
110,2024-08-11 18:30:00+02,0.52100641
111,2024-08-11 19:00:00+02,0.62136978
112,2024-08-11 19:30:00+02,0.33629653
113,2024-08-11 20:00:00+02,0.47367963
114,2024-08-11 20:30:00+02,0.61772478
115,2024-08-11 21:00:00+02,0.39010063
116,2024-08-11 21:30:00+02,0.87075245
117,2024-08-11 22:00:00+02,1.9710323
118,2024-08-11 22:30:00+02,2.3120306
119,2024-08-11 23:00:00+02,2.21789
120,2024-08-11 23:30:00+02,2.2734563
121,2024-08-12 00:00:00+02,1.7190441
122,2024-08-12 00:30:00+02,1.50126
123,2024-08-12 01:00:00+02,1.9133732
124,2024-08-12 01:30:00+02,1.3273982
125,2024-08-12 02:00:00+02,2.0964572
126,2024-08-12 02:30:00+02,2.3603373
127,2024-08-12 03:00:00+02,1.9267358
128,2024-08-12 03:30:00+02,2.720535
129,2024-08-12 04:00:00+02,2.5698431
130,2024-08-12 04:30:00+02,3.2475033
131,2024-08-12 05:00:00+02,3.1846182
132,2024-08-12 05:30:00+02,2.6265709
133,2024-08-12 06:00:00+02,3.1447155
134,2024-08-12 06:30:00+02,3.0329123
135,2024-08-12 07:00:00+02,1.9315342
136,2024-08-12 07:30:00+02,2.3362927
137,2024-08-12 08:00:00+02,2.0697558
138,2024-08-12 08:30:00+02,1.5774387
139,2024-08-12 09:00:00+02,2.0821588
140,2024-08-12 09:30:00+02,5.2289515
141,2024-08-12 10:00:00+02,3.7600193
142,2024-08-12 10:30:00+02,1.3514628
143,2024-08-12 11:00:00+02,1.6221054
144,2024-08-12 11:30:00+02,1.9418342
145,2024-08-12 12:00:00+02,2.10831
146,2024-08-12 12:30:00+02,1.7767078
147,2024-08-12 13:00:00+02,1.6547394
148,2024-08-12 13:30:00+02,1.8855145
149,2024-08-12 14:00:00+02,1.5545269
150,2024-08-12 14:30:00+02,1.7820549
151,2024-08-12 15:00:00+02,1.9471849
152,2024-08-12 15:30:00+02,1.2590858
153,2024-08-12 16:00:00+02,1.8045709
154,2024-08-12 16:30:00+02,0.64845568
155,2024-08-12 17:00:00+02,0.55419785
156,2024-08-12 17:30:00+02,0.91006237
157,2024-08-12 18:00:00+02,0.4921847
158,2024-08-12 18:30:00+02,0.27981952
159,2024-08-12 19:00:00+02,0.47901928
160,2024-08-12 19:30:00+02,0.22563215
161,2024-08-12 20:00:00+02,0.22811243
162,2024-08-12 20:30:00+02,0.34622201
163,2024-08-12 21:00:00+02,0.43761581
164,2024-08-12 21:30:00+02,0.41109261
165,2024-08-12 22:00:00+02,0.66658175
166,2024-08-12 22:30:00+02,0.52462155
167,2024-08-12 23:00:00+02,0.41433454
168,2024-08-12 23:30:00+02,0.94555223
169,2024-08-13 00:00:00+02,0.62536621
170,2024-08-13 00:30:00+02,0.50286573
171,2024-08-13 01:00:00+02,0.51088148
172,2024-08-13 01:30:00+02,0.32523116
173,2024-08-13 02:00:00+02,0.50649464
174,2024-08-13 02:30:00+02,0.3204602
175,2024-08-13 03:00:00+02,0.37789372
176,2024-08-13 03:30:00+02,0.19815539
177,2024-08-13 04:00:00+02,0.23860608
178,2024-08-13 04:30:00+02,0.38590777
179,2024-08-13 05:00:00+02,1.8267199
180,2024-08-13 05:30:00+02,2.5490308
181,2024-08-13 06:00:00+02,1.8133585
182,2024-08-13 06:30:00+02,1.4528053
183,2024-08-13 07:00:00+02,3.5104878
184,2024-08-13 07:30:00+02,3.9112253
185,2024-08-13 08:00:00+02,1.9978006
186,2024-08-13 08:30:00+02,3.1542823
187,2024-08-13 09:00:00+02,2.5482686
188,2024-08-13 09:30:00+02,1.9496557
189,2024-08-13 10:00:00+02,1.4554734
190,2024-08-13 10:30:00+02,1.0907787
191,2024-08-13 11:00:00+02,0.95128322
192,2024-08-13 11:30:00+02,1.2220688
193,2024-08-13 12:00:00+02,1.530671
194,2024-08-13 12:30:00+02,1.7270757
195,2024-08-13 13:00:00+02,1.5111991
196,2024-08-13 13:30:00+02,0.92799932
197,2024-08-13 14:00:00+02,1.1892412
198,2024-08-13 14:30:00+02,1.9639946
199,2024-08-13 15:00:00+02,1.8496228
200,2024-08-13 15:30:00+02,2.8691833
201,2024-08-13 16:00:00+02,2.2749825
202,2024-08-13 16:30:00+02,1.1518357
203,2024-08-13 17:00:00+02,1.1365708
204,2024-08-13 17:30:00+02,1.1115701
205,2024-08-13 18:00:00+02,0.50019521
206,2024-08-13 18:30:00+02,0.6526435
207,2024-08-13 19:00:00+02,1.7553149
208,2024-08-13 19:30:00+02,1.4302711
209,2024-08-13 20:00:00+02,1.3812197
210,2024-08-13 20:30:00+02,1.3081279
211,2024-08-13 21:00:00+02,1.2357985
212,2024-08-13 21:30:00+02,1.5951709
213,2024-08-13 22:00:00+02,1.4464954
214,2024-08-13 22:30:00+02,1.3470583
215,2024-08-13 23:00:00+02,0.92608792
216,2024-08-13 23:30:00+02,0.84632713
217,2024-08-14 00:00:00+02,0.27218708
218,2024-08-14 00:30:00+02,0.53969646
219,2024-08-14 01:00:00+02,0.25196218
220,2024-08-14 01:30:00+02,0.59617132
221,2024-08-14 02:00:00+02,0.6207872
222,2024-08-14 02:30:00+02,1.2768351
223,2024-08-14 03:00:00+02,0.89117187
224,2024-08-14 03:30:00+02,1.0308542
225,2024-08-14 04:00:00+02,1.3783638
226,2024-08-14 04:30:00+02,1.0352436
227,2024-08-14 05:00:00+02,0.97913522
228,2024-08-14 05:30:00+02,1.016919
229,2024-08-14 06:00:00+02,0.96806836
230,2024-08-14 06:30:00+02,0.79518723
231,2024-08-14 07:00:00+02,1.0970707
232,2024-08-14 07:30:00+02,0.27772343
233,2024-08-14 08:00:00+02,1.1348971
234,2024-08-14 08:30:00+02,0.52196825
235,2024-08-14 09:00:00+02,1.0761206
236,2024-08-14 09:30:00+02,1.4307169
237,2024-08-14 10:00:00+02,2.7289412
238,2024-08-14 10:30:00+02,2.6007538
239,2024-08-14 11:00:00+02,2.0530446
240,2024-08-14 11:30:00+02,1.8258561
241,2024-08-14 12:00:00+02,1.5147362
242,2024-08-14 12:30:00+02,0.97824454
243,2024-08-14 13:00:00+02,1.3979274
244,2024-08-14 13:30:00+02,1.9184675
245,2024-08-14 14:00:00+02,2.6672029
246,2024-08-14 14:30:00+02,1.6145393
247,2024-08-14 15:00:00+02,1.3324261
248,2024-08-14 15:30:00+02,1.0119975
249,2024-08-14 16:00:00+02,1.3623942
250,2024-08-14 16:30:00+02,0.96047431
251,2024-08-14 17:00:00+02,0.94444066
252,2024-08-14 17:30:00+02,0.77423418
253,2024-08-14 18:00:00+02,0.91161948
254,2024-08-14 18:30:00+02,0.68492299
255,2024-08-14 19:00:00+02,0.31703302
256,2024-08-14 19:30:00+02,0.22964463
257,2024-08-14 20:00:00+02,0.11554147
258,2024-08-14 20:30:00+02,0.21457194
259,2024-08-14 21:00:00+02,0.34069759
260,2024-08-14 21:30:00+02,0.434769
261,2024-08-14 22:00:00+02,0.45670962
262,2024-08-14 22:30:00+02,0.38858852
263,2024-08-14 23:00:00+02,0.83682108
264,2024-08-14 23:30:00+02,0.76812613
265,2024-08-15 00:00:00+02,0.79961658
266,2024-08-15 00:30:00+02,0.92290217
267,2024-08-15 01:00:00+02,0.75248456
268,2024-08-15 01:30:00+02,0.72100526
269,2024-08-15 02:00:00+02,0.555574
270,2024-08-15 02:30:00+02,0.27906495
271,2024-08-15 03:00:00+02,0.22334519
272,2024-08-15 03:30:00+02,0.31092769
273,2024-08-15 04:00:00+02,0.30845419
274,2024-08-15 04:30:00+02,0.23593855
275,2024-08-15 05:00:00+02,0.37332261
276,2024-08-15 05:30:00+02,0.52368593
277,2024-08-15 06:00:00+02,1.0438722
278,2024-08-15 06:30:00+02,0.92077768
279,2024-08-15 07:00:00+02,0.64274776
280,2024-08-15 07:30:00+02,0.50497764
281,2024-08-15 08:00:00+02,0.61641347
282,2024-08-15 08:30:00+02,0.28287628
283,2024-08-15 09:00:00+02,0.55573744
284,2024-08-15 09:30:00+02,1.4486589
285,2024-08-15 10:00:00+02,1.8418896
286,2024-08-15 10:30:00+02,1.0415735
287,2024-08-15 11:00:00+02,1.8124727
288,2024-08-15 11:30:00+02,1.4459666
289,2024-08-15 12:00:00+02,1.0308803
290,2024-08-15 12:30:00+02,0.95187765
291,2024-08-15 13:00:00+02,2.2919171
292,2024-08-15 13:30:00+02,1.4622257
293,2024-08-15 14:00:00+02,1.6849747
294,2024-08-15 14:30:00+02,1.9581283
295,2024-08-15 15:00:00+02,1.4879804
296,2024-08-15 15:30:00+02,2.4424026
297,2024-08-15 16:00:00+02,1.587811
298,2024-08-15 16:30:00+02,3.0848825
299,2024-08-15 17:00:00+02,2.3664458
300,2024-08-15 17:30:00+02,2.4972525
301,2024-08-15 18:00:00+02,2.1678326
302,2024-08-15 18:30:00+02,2.8210125
303,2024-08-15 19:00:00+02,2.9572563
304,2024-08-15 19:30:00+02,2.6882701
305,2024-08-15 20:00:00+02,1.9249325
306,2024-08-15 20:30:00+02,1.3566587
307,2024-08-15 21:00:00+02,4.9340181
308,2024-08-15 21:30:00+02,5.851511
309,2024-08-15 22:00:00+02,5.3301592
310,2024-08-15 22:30:00+02,4.1306953
311,2024-08-15 23:00:00+02,4.0733285
312,2024-08-15 23:30:00+02,4.2753253
313,2024-08-16 00:00:00+02,3.8270252
314,2024-08-16 00:30:00+02,2.7969782
315,2024-08-16 01:00:00+02,2.1193326
316,2024-08-16 01:30:00+02,2.2913735
317,2024-08-16 02:00:00+02,1.8885077
318,2024-08-16 02:30:00+02,1.2895018
319,2024-08-16 03:00:00+02,0.5063234
320,2024-08-16 03:30:00+02,0.46281797
321,2024-08-16 04:00:00+02,0.54525727
322,2024-08-16 04:30:00+02,0.48781288
323,2024-08-16 05:00:00+02,0.47407594
324,2024-08-16 05:30:00+02,1.0488529
325,2024-08-16 06:00:00+02,0.8206104
326,2024-08-16 06:30:00+02,0.75401378
327,2024-08-16 07:00:00+02,0.89064574
328,2024-08-16 07:30:00+02,0.5366621
329,2024-08-16 08:00:00+02,0.45728272
330,2024-08-16 08:30:00+02,0.22888139
331,2024-08-16 09:00:00+02,0.45308372
332,2024-08-16 09:30:00+02,0.71374243
333,2024-08-16 10:00:00+02,1.1965517
334,2024-08-16 10:30:00+02,0.98318809
335,2024-08-16 11:00:00+02,0.38343865
336,2024-08-16 11:30:00+02,0.70819843
337,2024-08-16 12:00:00+02,1.1900482
338,2024-08-16 12:30:00+02,0.87783968
339,2024-08-16 13:00:00+02,1.5483453
340,2024-08-16 13:30:00+02,0.46529824
341,2024-08-16 14:00:00+02,0.34891286
342,2024-08-16 14:30:00+02,0.37428153
343,2024-08-16 15:00:00+02,1.237581
344,2024-08-16 15:30:00+02,1.011032
345,2024-08-16 16:00:00+02,0.78835237
346,2024-08-16 16:30:00+02,1.1919818
347,2024-08-16 17:00:00+02,1.2715695
348,2024-08-16 17:30:00+02,0.91640377
349,2024-08-16 18:00:00+02,0.70000547
350,2024-08-16 18:30:00+02,0.44754985
351,2024-08-16 19:00:00+02,0.60917288
352,2024-08-16 19:30:00+02,0.85877758
353,2024-08-16 20:00:00+02,0.45728692
354,2024-08-16 20:30:00+02,0.43934226
355,2024-08-16 21:00:00+02,0.65153396
356,2024-08-16 21:30:00+02,0.50059605
357,2024-08-16 22:00:00+02,0.41052979
358,2024-08-16 22:30:00+02,0.36245051
359,2024-08-16 23:00:00+02,0.37542376
360,2024-08-16 23:30:00+02,0.65821278
361,2024-08-17 00:00:00+02,0.56890905
362,2024-08-17 00:30:00+02,0.76068056
363,2024-08-17 01:00:00+02,0.42388633
364,2024-08-17 01:30:00+02,0.41224095
365,2024-08-17 02:00:00+02,0.46243215
366,2024-08-17 02:30:00+02,0.83625358
367,2024-08-17 03:00:00+02,0.58798909
368,2024-08-17 03:30:00+02,0.73148882
369,2024-08-17 04:00:00+02,0.69427657
370,2024-08-17 04:30:00+02,0.77995944
371,2024-08-17 05:00:00+02,0.494872
372,2024-08-17 05:30:00+02,0.68435675
373,2024-08-17 06:00:00+02,0.33325341
374,2024-08-17 06:30:00+02,0.56146359
375,2024-08-17 07:00:00+02,0.10294657
376,2024-08-17 07:30:00+02,0.36435378
377,2024-08-17 08:00:00+02,0.78014135
378,2024-08-17 08:30:00+02,0.75113881
379,2024-08-17 09:00:00+02,0.87670195
380,2024-08-17 09:30:00+02,1.1807185
381,2024-08-17 10:00:00+02,0.80286223
382,2024-08-17 10:30:00+02,1.2549843
383,2024-08-17 11:00:00+02,1.5720067
384,2024-08-17 11:30:00+02,1.3441185
385,2024-08-17 12:00:00+02,1.953279
386,2024-08-17 12:30:00+02,1.8199961
387,2024-08-17 13:00:00+02,1.4347806
388,2024-08-17 13:30:00+02,0.6399036
389,2024-08-17 14:00:00+02,0.57025027
390,2024-08-17 14:30:00+02,0.39507675
391,2024-08-17 15:00:00+02,0.18156025
392,2024-08-17 15:30:00+02,0.32066128
393,2024-08-17 16:00:00+02,0.2071313
394,2024-08-17 16:30:00+02,0.63532305
395,2024-08-17 17:00:00+02,0.48857808
396,2024-08-17 17:30:00+02,0.67862964
397,2024-08-17 18:00:00+02,0.30577812
398,2024-08-17 18:30:00+02,0.7198537
399,2024-08-17 19:00:00+02,0.23842101
400,2024-08-17 19:30:00+02,0.3422173
401,2024-08-17 20:00:00+02,0.28650251
402,2024-08-17 20:30:00+02,0.34412354
403,2024-08-17 21:00:00+02,0.44830894
404,2024-08-17 21:30:00+02,0.5026927
405,2024-08-17 22:00:00+02,0.62290615
406,2024-08-17 22:30:00+02,0.88070816
407,2024-08-17 23:00:00+02,0.97994483
408,2024-08-17 23:30:00+02,0.83071333
409,2024-08-18 00:00:00+02,0.73644859
410,2024-08-18 00:30:00+02,0.58913428
411,2024-08-18 01:00:00+02,0.51300347
412,2024-08-18 01:30:00+02,0.63398385
413,2024-08-18 02:00:00+02,1.217169
414,2024-08-18 02:30:00+02,1.4095721
415,2024-08-18 03:00:00+02,0.92710114
416,2024-08-18 03:30:00+02,1.1853278
417,2024-08-18 04:00:00+02,0.50174463
418,2024-08-18 04:30:00+02,0.48343137
419,2024-08-18 05:00:00+02,0.34394023
420,2024-08-18 05:30:00+02,0.94674498
421,2024-08-18 06:00:00+02,1.2629883
422,2024-08-18 06:30:00+02,0.92232013
423,2024-08-18 07:00:00+02,0.48704332
424,2024-08-18 07:30:00+02,0.82575363
425,2024-08-18 08:00:00+02,0.55040133
426,2024-08-18 08:30:00+02,0.75248343
427,2024-08-18 09:00:00+02,0.92326641
428,2024-08-18 09:30:00+02,0.93279541
429,2024-08-18 10:00:00+02,1.2307039
430,2024-08-18 10:30:00+02,0.86143851
431,2024-08-18 11:00:00+02,1.1608602
432,2024-08-18 11:30:00+02,1.145208
433,2024-08-18 12:00:00+02,1.4192753
434,2024-08-18 12:30:00+02,1.3946544
435,2024-08-18 13:00:00+02,1.1358565
436,2024-08-18 13:30:00+02,1.6800147
437,2024-08-18 14:00:00+02,1.8306323
438,2024-08-18 14:30:00+02,1.923427
439,2024-08-18 15:00:00+02,2.2940156
440,2024-08-18 15:30:00+02,1.5385622
441,2024-08-18 16:00:00+02,1.7439491
442,2024-08-18 16:30:00+02,1.8527472
443,2024-08-18 17:00:00+02,2.3518653
444,2024-08-18 17:30:00+02,2.8427408
445,2024-08-18 18:00:00+02,3.0061002
446,2024-08-18 18:30:00+02,2.2546511
447,2024-08-18 19:00:00+02,1.8291084
448,2024-08-18 19:30:00+02,1.5742806
449,2024-08-18 20:00:00+02,1.2209774
450,2024-08-18 20:30:00+02,1.6426014
451,2024-08-18 21:00:00+02,1.4091609
452,2024-08-18 21:30:00+02,1.2522701
453,2024-08-18 22:00:00+02,1.1833762
454,2024-08-18 22:30:00+02,0.80189705
455,2024-08-18 23:00:00+02,0.91696209
456,2024-08-18 23:30:00+02,1.0579832
457,2024-08-19 00:00:00+02,1.3837688
458,2024-08-19 00:30:00+02,0.95436728
459,2024-08-19 01:00:00+02,0.92783493
460,2024-08-19 01:30:00+02,1.1100847
461,2024-08-19 02:00:00+02,1.2997953
462,2024-08-19 02:30:00+02,1.3942751
463,2024-08-19 03:00:00+02,1.4965708
464,2024-08-19 03:30:00+02,1.9694352
465,2024-08-19 04:00:00+02,1.2988493
466,2024-08-19 04:30:00+02,0.67576134
467,2024-08-19 05:00:00+02,0.65114218
468,2024-08-19 05:30:00+02,0.56928575
469,2024-08-19 06:00:00+02,0.5189178
470,2024-08-19 06:30:00+02,0.72690403
471,2024-08-19 07:00:00+02,0.88909936
472,2024-08-19 07:30:00+02,0.98337537
473,2024-08-19 08:00:00+02,1.1465392
474,2024-08-19 08:30:00+02,1.4125996
475,2024-08-19 09:00:00+02,1.835796
476,2024-08-19 09:30:00+02,1.9543344
477,2024-08-19 10:00:00+02,1.7250652
478,2024-08-19 10:30:00+02,1.415463
479,2024-08-19 11:00:00+02,1.6311504
480,2024-08-19 11:30:00+02,1.2120038
481,2024-08-19 12:00:00+02,1.2503669
482,2024-08-19 12:30:00+02,0.95322531
483,2024-08-19 13:00:00+02,1.0480745
484,2024-08-19 13:30:00+02,1.0715516
485,2024-08-19 14:00:00+02,1.0965544
486,2024-08-19 14:30:00+02,1.0179259
487,2024-08-19 15:00:00+02,0.82976735
488,2024-08-19 15:30:00+02,0.45308557
489,2024-08-19 16:00:00+02,0.53170085
490,2024-08-19 16:30:00+02,0.87365228
491,2024-08-19 17:00:00+02,1.1402649
492,2024-08-19 17:30:00+02,1.6699227
493,2024-08-19 18:00:00+02,1.2952303
494,2024-08-19 18:30:00+02,1.0809014
495,2024-08-19 19:00:00+02,1.6477685
496,2024-08-19 19:30:00+02,1.2188816
497,2024-08-19 20:00:00+02,1.2689043
498,2024-08-19 20:30:00+02,1.5447124
499,2024-08-19 21:00:00+02,1.3541965
500,2024-08-19 21:30:00+02,1.5261621
501,2024-08-19 22:00:00+02,1.2192428
502,2024-08-19 22:30:00+02,1.0654373
503,2024-08-19 23:00:00+02,0.80284178
504,2024-08-19 23:30:00+02,0.7917763
505,2024-08-20 00:00:00+02,0.71601933
506,2024-08-20 00:30:00+02,0.89633977
507,2024-08-20 01:00:00+02,1.6011707
508,2024-08-20 01:30:00+02,1.7212342
509,2024-08-20 02:00:00+02,2.2603879
510,2024-08-20 02:30:00+02,2.6631863
511,2024-08-20 03:00:00+02,1.6160593
512,2024-08-20 03:30:00+02,1.9314456
513,2024-08-20 04:00:00+02,2.1888289
514,2024-08-20 04:30:00+02,1.6298321
515,2024-08-20 05:00:00+02,2.2281737
516,2024-08-20 05:30:00+02,2.7169561
517,2024-08-20 06:00:00+02,2.3696809
518,2024-08-20 06:30:00+02,2.8386002
519,2024-08-20 07:00:00+02,3.981688
520,2024-08-20 07:30:00+02,4.1834474
521,2024-08-20 08:00:00+02,4.0784426
522,2024-08-20 08:30:00+02,3.3873489
523,2024-08-20 09:00:00+02,3.1019466
524,2024-08-20 09:30:00+02,3.3639889
525,2024-08-20 10:00:00+02,1.2950356
526,2024-08-20 10:30:00+02,1.2392994
527,2024-08-20 11:00:00+02,1.5315188
528,2024-08-20 11:30:00+02,2.1105273
529,2024-08-20 12:00:00+02,2.5484157
530,2024-08-20 12:30:00+02,2.7159381
531,2024-08-20 13:00:00+02,2.893795
532,2024-08-20 13:30:00+02,3.0768673
533,2024-08-20 14:00:00+02,3.3981869
534,2024-08-20 14:30:00+02,3.9441421
535,2024-08-20 15:00:00+02,3.9254649
536,2024-08-20 15:30:00+02,2.9729276
537,2024-08-20 16:00:00+02,2.4136248
538,2024-08-20 16:30:00+02,1.7369512
539,2024-08-20 17:00:00+02,2.0745232
540,2024-08-20 17:30:00+02,1.5296562
541,2024-08-20 18:00:00+02,0.89410752
542,2024-08-20 18:30:00+02,1.1333847
543,2024-08-20 19:00:00+02,1.7607942
544,2024-08-20 19:30:00+02,2.1214705
545,2024-08-20 20:00:00+02,3.2351665
546,2024-08-20 20:30:00+02,2.8266187
547,2024-08-20 21:00:00+02,3.9926975
548,2024-08-20 21:30:00+02,3.3906715
549,2024-08-20 22:00:00+02,2.130182
550,2024-08-20 22:30:00+02,1.951085
551,2024-08-20 23:00:00+02,1.6532795
552,2024-08-20 23:30:00+02,1.1856613
553,2024-08-21 00:00:00+02,0.9938677
554,2024-08-21 00:30:00+02,0.78949285
555,2024-08-21 01:00:00+02,0.32065946
556,2024-08-21 01:30:00+02,0.37313274
557,2024-08-21 02:00:00+02,0.64334071
558,2024-08-21 02:30:00+02,0.43954977
559,2024-08-21 03:00:00+02,0.9561196
560,2024-08-21 03:30:00+02,1.3000281
561,2024-08-21 04:00:00+02,1.3248324
562,2024-08-21 04:30:00+02,1.3124361
563,2024-08-21 05:00:00+02,0.62444633
564,2024-08-21 05:30:00+02,1.3725531
565,2024-08-21 06:00:00+02,1.4796314
566,2024-08-21 06:30:00+02,1.4796304
567,2024-08-21 07:00:00+02,1.2481024
568,2024-08-21 07:30:00+02,1.2853131
569,2024-08-21 08:00:00+02,1.223291
570,2024-08-21 08:30:00+02,1.2814946
571,2024-08-21 09:00:00+02,1.1154571
572,2024-08-21 09:30:00+02,2.0999277
573,2024-08-21 10:00:00+02,1.5775309
574,2024-08-21 10:30:00+02,0.8209846
575,2024-08-21 11:00:00+02,1.9098541
576,2024-08-21 11:30:00+02,0.87230444
577,2024-08-21 12:00:00+02,0.58473891
578,2024-08-21 12:30:00+02,0.64561421
579,2024-08-21 13:00:00+02,0.78701192
580,2024-08-21 13:30:00+02,0.49410781
581,2024-08-21 14:00:00+02,0.30577832
582,2024-08-21 14:30:00+02,0.53893536
583,2024-08-21 15:00:00+02,0.46434408
584,2024-08-21 15:30:00+02,0.51165915
585,2024-08-21 16:00:00+02,0.51509738
586,2024-08-21 16:30:00+02,0.31721997
587,2024-08-21 17:00:00+02,0.34469792
588,2024-08-21 17:30:00+02,0.14912647
589,2024-08-21 18:00:00+02,0.10428496
590,2024-08-21 18:30:00+02,0.68206847
591,2024-08-21 19:00:00+02,0.19873452
592,2024-08-21 19:30:00+02,0.73816586
593,2024-08-21 20:00:00+02,0.77214229
594,2024-08-21 20:30:00+02,0.82480007
595,2024-08-21 21:00:00+02,0.753254
596,2024-08-21 21:30:00+02,1.2855064
597,2024-08-21 22:00:00+02,1.2660213
598,2024-08-21 22:30:00+02,1.4450729
599,2024-08-21 23:00:00+02,1.5746473
600,2024-08-21 23:30:00+02,1.2776697
601,2024-08-22 00:00:00+02,1.7623127
602,2024-08-22 00:30:00+02,1.8298818
603,2024-08-22 01:00:00+02,1.8903915
604,2024-08-22 01:30:00+02,2.0698802
605,2024-08-22 02:00:00+02,1.6391624
606,2024-08-22 02:30:00+02,2.363759
607,2024-08-22 03:00:00+02,3.9208701
608,2024-08-22 03:30:00+02,4.9895663
609,2024-08-22 04:00:00+02,4.3123698
610,2024-08-22 04:30:00+02,3.5352955
611,2024-08-22 05:00:00+02,2.685775
612,2024-08-22 05:30:00+02,2.2711217
613,2024-08-22 06:00:00+02,2.3767488
614,2024-08-22 06:30:00+02,1.7439734
615,2024-08-22 07:00:00+02,2.2043006
616,2024-08-22 07:30:00+02,1.8837144
617,2024-08-22 08:00:00+02,1.2801439
618,2024-08-22 08:30:00+02,1.8818308
619,2024-08-22 09:00:00+02,1.164495
620,2024-08-22 09:30:00+02,1.8190428
621,2024-08-22 10:00:00+02,1.6546475
622,2024-08-22 10:30:00+02,3.0084014
623,2024-08-22 11:00:00+02,2.6687908
624,2024-08-22 11:30:00+02,2.3656621
625,2024-08-22 12:00:00+02,1.2557205
626,2024-08-22 12:30:00+02,1.397141
627,2024-08-22 13:00:00+02,1.7955289
628,2024-08-22 13:30:00+02,1.6628505
629,2024-08-22 14:00:00+02,1.6932126
630,2024-08-22 14:30:00+02,2.1930566
631,2024-08-22 15:00:00+02,1.0849227
632,2024-08-22 15:30:00+02,1.7487711
633,2024-08-22 16:00:00+02,1.5970023
634,2024-08-22 16:30:00+02,1.5805769
635,2024-08-22 17:00:00+02,2.4815743
636,2024-08-22 17:30:00+02,4.7060738
637,2024-08-22 18:30:00+02,4.4635105
638,2024-08-22 19:00:00+02,3.0772893
639,2024-08-22 19:30:00+02,3.1193335
640,2024-08-22 20:00:00+02,3.5774803
641,2024-08-22 20:30:00+02,3.0309834
642,2024-08-22 21:00:00+02,1.4870491
643,2024-08-22 21:30:00+02,0.71603692
644,2024-08-22 22:00:00+02,0.32734632
645,2024-08-22 22:30:00+02,0.15237448
646,2024-08-22 23:00:00+02,0.72617948
647,2024-08-22 23:30:00+02,0.88246769
648,2024-08-23 00:00:00+02,0.78533202
649,2024-08-23 00:30:00+02,0.75403988
650,2024-08-23 01:00:00+02,0.78704369
651,2024-08-23 01:30:00+02,1.1500362
652,2024-08-23 02:00:00+02,1.5835056
653,2024-08-23 02:30:00+02,1.2710396
654,2024-08-23 03:00:00+02,1.8192507
655,2024-08-23 03:30:00+02,1.4538894
656,2024-08-23 04:00:00+02,1.0767335
657,2024-08-23 04:30:00+02,0.51510978
658,2024-08-23 05:00:00+02,0.70630574
659,2024-08-23 05:30:00+02,0.75381207
660,2024-08-23 06:00:00+02,0.62329257
661,2024-08-23 06:30:00+02,0.90573633
662,2024-08-23 07:00:00+02,1.3485279
663,2024-08-23 07:30:00+02,0.72692508
664,2024-08-23 08:00:00+02,0.82901382
665,2024-08-23 08:30:00+02,1.0593593
666,2024-08-23 09:00:00+02,1.1374013
667,2024-08-23 09:30:00+02,1.2757882
668,2024-08-23 10:00:00+02,1.3246391
669,2024-08-23 10:30:00+02,1.259744
670,2024-08-23 11:00:00+02,1.4679878
671,2024-08-23 11:30:00+02,1.0940989
672,2024-08-23 12:00:00+02,0.81794697
673,2024-08-23 12:30:00+02,0.62635654
674,2024-08-23 13:00:00+02,1.309374
675,2024-08-23 13:30:00+02,2.1313984
676,2024-08-23 14:00:00+02,1.493765
677,2024-08-23 14:30:00+02,1.7692038
678,2024-08-23 15:00:00+02,4.0795369
679,2024-08-23 15:30:00+02,3.0140159
680,2024-08-23 16:00:00+02,2.2982776
681,2024-08-23 16:30:00+02,1.2599565
682,2024-08-23 17:00:00+02,1.1000187
683,2024-08-23 17:30:00+02,2.5431509
684,2024-08-23 18:00:00+02,3.0530589
685,2024-08-23 18:30:00+02,2.5423512
686,2024-08-23 19:00:00+02,2.4785736
687,2024-08-23 19:30:00+02,1.5920737
688,2024-08-23 20:00:00+02,1.9440981
689,2024-08-23 20:30:00+02,2.5658598
690,2024-08-23 21:00:00+02,2.1749272
691,2024-08-23 21:30:00+02,1.8071568
692,2024-08-23 22:00:00+02,2.2173002
693,2024-08-23 22:30:00+02,1.5042487
694,2024-08-23 23:00:00+02,1.0387421
695,2024-08-23 23:30:00+02,0.63971269
696,2024-08-24 00:00:00+02,0.59048063
697,2024-08-24 00:30:00+02,0.29242516
698,2024-08-24 01:00:00+02,1.1977346
699,2024-08-24 01:30:00+02,2.7253485
700,2024-08-24 02:00:00+02,2.611124
701,2024-08-24 02:30:00+02,2.4674957
702,2024-08-24 03:00:00+02,0.97942746
703,2024-08-24 03:30:00+02,0.63838929
704,2024-08-24 04:00:00+02,0.87023497
705,2024-08-24 04:30:00+02,0.82976389
706,2024-08-24 05:00:00+02,0.78567892
707,2024-08-24 05:30:00+02,1.4868625
708,2024-08-24 06:00:00+02,1.861969
709,2024-08-24 06:30:00+02,2.2578335
710,2024-08-24 07:00:00+02,2.4099777
711,2024-08-24 07:30:00+02,2.6676311
712,2024-08-24 08:00:00+02,2.5125511
713,2024-08-24 08:30:00+02,1.9732804
714,2024-08-24 09:00:00+02,0.78969127
715,2024-08-24 09:30:00+02,0.75000209
716,2024-08-24 10:00:00+02,0.66394299
717,2024-08-24 10:30:00+02,1.4149137
718,2024-08-24 11:00:00+02,2.1069534
719,2024-08-24 11:30:00+02,1.0645026
720,2024-08-24 12:00:00+02,0.77022934
721,2024-08-24 12:30:00+02,0.63207275
722,2024-08-24 13:00:00+02,0.81946641
723,2024-08-24 13:30:00+02,0.77061892
724,2024-08-24 14:00:00+02,0.59753525
725,2024-08-24 14:30:00+02,0.8427484
726,2024-08-24 15:00:00+02,0.61661988
727,2024-08-24 15:30:00+02,1.5208576
728,2024-08-24 16:00:00+02,1.347868
729,2024-08-24 16:30:00+02,0.86560869
730,2024-08-24 17:00:00+02,0.85015815
731,2024-08-24 17:30:00+02,1.2066666
732,2024-08-24 18:00:00+02,1.8434366
733,2024-08-24 18:30:00+02,1.7422775
734,2024-08-24 19:00:00+02,1.3549922
735,2024-08-24 19:30:00+02,1.0677487
736,2024-08-24 20:00:00+02,0.46530488
737,2024-08-24 20:30:00+02,0.52197737
738,2024-08-24 21:00:00+02,0.47293699
739,2024-08-24 21:30:00+02,1.5166428
740,2024-08-24 22:00:00+02,0.45251712
741,2024-08-24 22:30:00+02,0.62101316
742,2024-08-24 23:00:00+02,0.61070454
743,2024-08-24 23:30:00+02,0.93148905
744,2024-08-25 00:00:00+02,0.5366587
745,2024-08-25 00:30:00+02,0.62158096
746,2024-08-25 01:00:00+02,0.86945909
747,2024-08-25 01:30:00+02,1.5794278
748,2024-08-25 02:00:00+02,1.7208844
749,2024-08-25 02:30:00+02,1.9980626
750,2024-08-25 03:00:00+02,1.7554053
751,2024-08-25 03:30:00+02,1.9532033
752,2024-08-25 04:00:00+02,2.113404
753,2024-08-25 04:30:00+02,1.8014401
754,2024-08-25 05:00:00+02,1.7386481
755,2024-08-25 05:30:00+02,0.79312944
756,2024-08-25 06:00:00+02,1.2127873
757,2024-08-25 06:30:00+02,0.34852406
758,2024-08-25 07:00:00+02,0.26551566
759,2024-08-25 07:30:00+02,0.26207742
760,2024-08-25 08:00:00+02,0.24147162
761,2024-08-25 08:30:00+02,0.35596758
762,2024-08-25 09:00:00+02,0.57350153
763,2024-08-25 09:30:00+02,0.57197225
764,2024-08-25 10:00:00+02,0.68398225
765,2024-08-25 10:30:00+02,0.81279588
766,2024-08-25 11:00:00+02,0.56643385
767,2024-08-25 11:30:00+02,1.035304
768,2024-08-25 12:00:00+02,0.11764272
769,2024-08-25 12:30:00+02,1.0112517
770,2024-08-25 13:00:00+02,1.0835811
771,2024-08-25 13:30:00+02,1.9818727
772,2024-08-25 14:00:00+02,2.7066023
773,2024-08-25 14:30:00+02,3.0674825
774,2024-08-25 15:00:00+02,1.1515009
775,2024-08-25 15:30:00+02,1.8867602
776,2024-08-25 16:00:00+02,1.9496001
777,2024-08-25 16:30:00+02,2.1802366
778,2024-08-25 17:00:00+02,1.591079
779,2024-08-25 17:30:00+02,0.40862644
780,2024-08-25 18:00:00+02,0.55364233
781,2024-08-25 18:30:00+02,1.9368315
782,2024-08-25 19:00:00+02,1.122897
783,2024-08-25 19:30:00+02,1.7502955
784,2024-08-25 20:00:00+02,0.94636762
785,2024-08-25 20:30:00+02,0.35291636
786,2024-08-25 21:00:00+02,0.2035135
787,2024-08-25 21:30:00+02,0.68552983
788,2024-08-25 22:00:00+02,1.4922818
789,2024-08-25 22:30:00+02,1.8546106
790,2024-08-25 23:00:00+02,1.5072337
791,2024-08-25 23:30:00+02,1.5772396
792,2024-08-26 00:00:00+02,1.706463
793,2024-08-26 00:30:00+02,1.8297634
794,2024-08-26 01:00:00+02,2.1824408
795,2024-08-26 01:30:00+02,1.9915065
796,2024-08-26 02:00:00+02,1.8488969
797,2024-08-26 02:30:00+02,1.6780142
798,2024-08-26 03:00:00+02,0.72253835
799,2024-08-26 03:30:00+02,0.93053418
800,2024-08-26 04:00:00+02,1.3387686
801,2024-08-26 04:30:00+02,1.3922101
802,2024-08-26 05:00:00+02,2.0126274
803,2024-08-26 05:30:00+02,2.8228078
804,2024-08-26 06:00:00+02,2.7318721
805,2024-08-26 06:30:00+02,2.5026591
806,2024-08-26 07:00:00+02,3.2342174
807,2024-08-26 07:30:00+02,4.8441801
808,2024-08-26 08:00:00+02,2.766341
809,2024-08-26 08:30:00+02,3.2720685
810,2024-08-26 09:00:00+02,5.4267521
811,2024-08-26 09:30:00+02,2.6639841
812,2024-08-26 10:00:00+02,1.8405038
813,2024-08-26 10:30:00+02,1.3013909
814,2024-08-26 11:00:00+02,0.90650952
815,2024-08-26 11:30:00+02,1.0160421
816,2024-08-26 12:00:00+02,0.050857637
817,2024-08-26 12:30:00+02,0.98013783
818,2024-08-26 13:00:00+02,1.3309218
819,2024-08-26 13:30:00+02,1.770524
820,2024-08-26 14:00:00+02,1.2061059
821,2024-08-26 14:30:00+02,1.2272714
822,2024-08-26 15:00:00+02,0.54563481
823,2024-08-26 15:30:00+02,0.53095102
824,2024-08-26 16:00:00+02,0.44030783
825,2024-08-26 16:30:00+02,0.1109614
826,2024-08-26 17:00:00+02,0.82593441
827,2024-08-26 17:30:00+02,1.4692833
828,2024-08-26 18:00:00+02,1.6490864
829,2024-08-26 18:30:00+02,1.5364727
830,2024-08-26 19:00:00+02,2.1433656
831,2024-08-26 19:30:00+02,1.054938
832,2024-08-26 20:00:00+02,0.84444386
833,2024-08-26 20:30:00+02,0.94366938
834,2024-08-26 21:00:00+02,1.5238489
835,2024-08-26 21:30:00+02,1.045396
836,2024-08-26 22:00:00+02,0.82688951
837,2024-08-26 22:30:00+02,0.61298341
838,2024-08-26 23:00:00+02,0.51146501
839,2024-08-26 23:30:00+02,0.61794686
840,2024-08-27 00:00:00+02,0.52845442
841,2024-08-27 00:30:00+02,1.1108623
842,2024-08-27 01:00:00+02,1.2391031
843,2024-08-27 01:30:00+02,1.1364373
844,2024-08-27 02:00:00+02,0.91524106
845,2024-08-27 02:30:00+02,0.85608304
846,2024-08-27 03:00:00+02,1.0173384
847,2024-08-27 03:30:00+02,0.95227069
848,2024-08-27 04:00:00+02,0.97574294
849,2024-08-27 04:30:00+02,1.9470975
850,2024-08-27 05:00:00+02,2.240391
851,2024-08-27 05:30:00+02,2.5785778
852,2024-08-27 06:00:00+02,2.1523254
853,2024-08-27 06:30:00+02,1.9697982
854,2024-08-27 07:00:00+02,4.8423986
855,2024-08-27 07:30:00+02,4.2951298
856,2024-08-27 08:00:00+02,4.7308989
857,2024-08-27 08:30:00+02,5.1313472
858,2024-08-27 09:00:00+02,5.6847281
859,2024-08-27 09:30:00+02,7.0152073
860,2024-08-27 10:00:00+02,6.0026855
861,2024-08-27 10:30:00+02,7.6068907
862,2024-08-27 11:00:00+02,6.6897826
863,2024-08-27 11:30:00+02,5.8022532
864,2024-08-27 12:00:00+02,6.5609517
865,2024-08-27 12:30:00+02,4.7546921
866,2024-08-27 13:00:00+02,4.4598169
867,2024-08-27 13:30:00+02,5.093441
868,2024-08-27 14:00:00+02,5.5345912
869,2024-08-27 14:30:00+02,4.748909
870,2024-08-27 15:00:00+02,4.3572483
871,2024-08-27 15:30:00+02,3.5513783
872,2024-08-27 16:00:00+02,4.541501
873,2024-08-27 16:30:00+02,4.9960699
874,2024-08-27 17:00:00+02,4.6498327
875,2024-08-27 17:30:00+02,3.6635139
876,2024-08-27 18:00:00+02,5.0282021
877,2024-08-27 18:30:00+02,4.3477678
878,2024-08-27 19:00:00+02,5.3645773
879,2024-08-27 19:30:00+02,5.052496
880,2024-08-27 20:00:00+02,3.6485302
881,2024-08-27 20:30:00+02,1.7642015
882,2024-08-27 21:00:00+02,2.4094338
883,2024-08-27 21:30:00+02,1.1927259
884,2024-08-27 22:00:00+02,1.2348971
885,2024-08-27 22:30:00+02,1.4234564
886,2024-08-27 23:00:00+02,1.6154758
887,2024-08-27 23:30:00+02,1.6548058
888,2024-08-28 00:00:00+02,2.2945874
889,2024-08-28 00:30:00+02,1.8838947
890,2024-08-28 01:00:00+02,2.0310969
891,2024-08-28 01:30:00+02,1.4127864
892,2024-08-28 02:00:00+02,1.7202929
893,2024-08-28 02:30:00+02,1.8350253
894,2024-08-28 03:00:00+02,1.2666126
895,2024-08-28 03:30:00+02,1.4540502
896,2024-08-28 04:00:00+02,1.5307676
897,2024-08-28 04:30:00+02,1.5101432
898,2024-08-28 05:00:00+02,1.2919694
899,2024-08-28 05:30:00+02,1.7825191
900,2024-08-28 06:00:00+02,1.4587822
901,2024-08-28 06:30:00+02,1.6691236
902,2024-08-28 07:00:00+02,1.7456677
903,2024-08-28 07:30:00+02,1.6777077
904,2024-08-28 08:00:00+02,2.0308781
905,2024-08-28 08:30:00+02,1.9890816
906,2024-08-28 09:00:00+02,1.9944315
907,2024-08-28 09:30:00+02,1.7824979
908,2024-08-28 10:00:00+02,1.3793778
909,2024-08-28 10:30:00+02,1.3318528
910,2024-08-28 11:00:00+02,0.87059718
911,2024-08-28 11:30:00+02,1.0992135
912,2024-08-28 12:00:00+02,1.0478841
913,2024-08-28 12:30:00+02,0.7000041
914,2024-08-28 13:00:00+02,1.0822419
915,2024-08-28 13:30:00+02,1.3290154
916,2024-08-28 14:00:00+02,1.8423058
917,2024-08-28 14:30:00+02,2.3526773
918,2024-08-28 15:00:00+02,2.029207
919,2024-08-28 15:30:00+02,1.9074026
920,2024-08-28 16:00:00+02,1.3261557
921,2024-08-28 16:30:00+02,1.6095937
922,2024-08-28 17:00:00+02,1.4963841
923,2024-08-28 17:30:00+02,1.5244437
924,2024-08-28 18:00:00+02,1.036427
925,2024-08-28 18:30:00+02,0.90665764
926,2024-08-28 19:00:00+02,1.2314651
927,2024-08-28 19:30:00+02,0.81085604
928,2024-08-28 20:00:00+02,0.92593563
929,2024-08-28 20:30:00+02,0.83490765
930,2024-08-28 21:00:00+02,1.4952499
931,2024-08-28 21:30:00+02,0.84444296
932,2024-08-28 22:00:00+02,0.51241678
933,2024-08-28 22:30:00+02,0.88070351
934,2024-08-28 23:00:00+02,1.0190524
935,2024-08-28 23:30:00+02,1.0051202
936,2024-08-29 00:00:00+02,0.6736607
937,2024-08-29 00:30:00+02,0.62042403
938,2024-08-29 01:00:00+02,0.52330136
939,2024-08-29 01:30:00+02,0.37256008
940,2024-08-29 02:00:00+02,0.46128732
941,2024-08-29 02:30:00+02,0.64466828
942,2024-08-29 03:00:00+02,0.97707981
943,2024-08-29 03:30:00+02,0.5931319
944,2024-08-29 04:00:00+02,0.64007103
945,2024-08-29 04:30:00+02,0.79502076
946,2024-08-29 05:00:00+02,0.16953833
947,2024-08-29 05:30:00+02,2.8622146
948,2024-08-29 06:00:00+02,1.6807313
949,2024-08-29 06:30:00+02,0.62557781
950,2024-08-29 07:00:00+02,0.78147066
951,2024-08-29 07:30:00+02,1.0511237
952,2024-08-29 08:00:00+02,0.87497854
953,2024-08-29 08:30:00+02,0.52863842
954,2024-08-29 09:00:00+02,1.4429146
955,2024-08-29 09:30:00+02,0.98832119
956,2024-08-29 10:00:00+02,0.6415965
957,2024-08-29 10:30:00+02,0.80837768
958,2024-08-29 11:00:00+02,0.99309862
959,2024-08-29 11:30:00+02,0.48551282
960,2024-08-29 12:00:00+02,0.78317857
961,2024-08-29 12:30:00+02,1.6862667
962,2024-08-29 13:00:00+02,1.5404365
963,2024-08-29 13:30:00+02,1.2816379
964,2024-08-29 14:00:00+02,1.6124003
965,2024-08-29 14:30:00+02,1.4795525
966,2024-08-29 15:00:00+02,1.5643033
967,2024-08-29 15:30:00+02,1.4616159
968,2024-08-29 16:00:00+02,1.5018824
969,2024-08-29 16:30:00+02,1.3656069
970,2024-08-29 17:00:00+02,1.2333487
971,2024-08-29 17:30:00+02,1.6326299
972,2024-08-29 18:00:00+02,1.7395149
973,2024-08-29 18:30:00+02,2.8896477
974,2024-08-29 19:00:00+02,1.7242383
975,2024-08-29 19:30:00+02,1.4457639
976,2024-08-29 20:00:00+02,1.1184629
977,2024-08-29 20:30:00+02,1.0123658
978,2024-08-29 21:00:00+02,1.277253
979,2024-08-29 21:30:00+02,0.88031226
980,2024-08-29 22:00:00+02,0.83240908
981,2024-08-29 22:30:00+02,0.88431382
982,2024-08-29 23:00:00+02,0.80149776
983,2024-08-29 23:30:00+02,0.78813648
984,2024-08-30 00:00:00+02,0.51966345
985,2024-08-30 00:30:00+02,0.35652152
986,2024-08-30 01:00:00+02,0.42006063
987,2024-08-30 01:30:00+02,0.58511096
988,2024-08-30 02:00:00+02,0.67536879
989,2024-08-30 02:30:00+02,0.26455551
990,2024-08-30 03:00:00+02,1.0009079
991,2024-08-30 03:30:00+02,0.70379859
992,2024-08-30 04:00:00+02,0.44391096
993,2024-08-30 04:30:00+02,0.1447299
994,2024-08-30 05:00:00+02,0.94365811
995,2024-08-30 05:30:00+02,0.785281
996,2024-08-30 06:00:00+02,0.28211239
997,2024-08-30 06:30:00+02,0.42827967
998,2024-08-30 07:00:00+02,0.49201664
999,2024-08-30 07:30:00+02,0.38077083
1000,2024-08-30 08:00:00+02,1.1406407
1001,2024-08-30 08:30:00+02,1.1410347
1002,2024-08-30 09:00:00+02,0.93760133
1003,2024-08-30 09:30:00+02,0.6004042
1004,2024-08-30 10:00:00+02,0.57712311
1005,2024-08-30 10:30:00+02,1.0436966
1006,2024-08-30 11:00:00+02,1.5263788
1007,2024-08-30 11:30:00+02,2.1989632
1008,2024-08-30 12:00:00+02,1.3393136
1009,2024-08-30 12:30:00+02,1.0581892
1010,2024-08-30 13:00:00+02,0.97345978
1011,2024-08-30 13:30:00+02,1.4973559
1012,2024-08-30 14:00:00+02,2.4790885
1013,2024-08-30 14:30:00+02,2.2716856
1014,2024-08-30 15:00:00+02,1.5666313
1015,2024-08-30 15:30:00+02,1.1219273
1016,2024-08-30 16:00:00+02,1.2719303
1017,2024-08-30 16:30:00+02,1.0614295
1018,2024-08-30 17:00:00+02,0.83548599
1019,2024-08-30 17:30:00+02,1.6773422
1020,2024-08-30 18:00:00+02,1.2213613
1021,2024-08-30 18:30:00+02,1.1368117
1022,2024-08-30 19:00:00+02,1.0110521
1023,2024-08-30 19:30:00+02,2.1424224
1024,2024-08-30 20:00:00+02,4.6215863
1025,2024-08-30 20:30:00+02,5.3645153
1026,2024-08-30 21:00:00+02,5.4295673
1027,2024-08-30 21:30:00+02,3.7510805
1028,2024-08-30 22:00:00+02,2.5287573
1029,2024-08-30 22:30:00+02,2.3240342
1030,2024-08-30 23:00:00+02,2.3924255
1031,2024-08-30 23:30:00+02,2.3853393
1032,2024-08-31 00:00:00+02,1.6460646
1033,2024-08-31 00:30:00+02,1.3771319
1034,2024-08-31 01:00:00+02,1.0446596
1035,2024-08-31 01:30:00+02,1.4410725
1036,2024-08-31 02:00:00+02,1.0009483
1037,2024-08-31 02:30:00+02,0.67901433
1038,2024-08-31 03:00:00+02,0.62921154
1039,2024-08-31 03:30:00+02,1.2093384
1040,2024-08-31 04:00:00+02,1.0574257
1041,2024-08-31 04:30:00+02,1.2040002
1042,2024-08-31 05:00:00+02,1.0127673
1043,2024-08-31 05:30:00+02,1.0100939
1044,2024-08-31 06:00:00+02,1.4206139
1045,2024-08-31 06:30:00+02,1.8327357
1046,2024-08-31 07:00:00+02,2.3963821
1047,2024-08-31 07:30:00+02,1.45382
1048,2024-08-31 08:00:00+02,0.95856601
1049,2024-08-31 08:30:00+02,0.67309362
1050,2024-08-31 09:00:00+02,0.29738018
1051,2024-08-31 09:30:00+02,0.4006125
1052,2024-08-31 10:00:00+02,0.73015463
1053,2024-08-31 10:30:00+02,1.0492308
1054,2024-08-31 11:00:00+02,1.1936961
1055,2024-08-31 11:30:00+02,1.142166
1056,2024-08-31 12:00:00+02,0.8940872
1057,2024-08-31 12:30:00+02,0.60955828
1058,2024-08-31 13:00:00+02,0.50976163
1059,2024-08-31 13:30:00+02,0.53247839
1060,2024-08-31 14:00:00+02,0.47751504
1061,2024-08-31 14:30:00+02,0.55097371
1062,2024-08-31 15:00:00+02,0.49983189
1063,2024-08-31 15:30:00+02,0.74617577
1064,2024-08-31 16:00:00+02,0.91066861
1065,2024-08-31 16:30:00+02,0.9831934
1066,2024-08-31 17:00:00+02,1.091027
1067,2024-08-31 17:30:00+02,0.9826231
1068,2024-08-31 18:00:00+02,1.0780419
1069,2024-08-31 18:30:00+02,1.3532342
1070,2024-08-31 19:00:00+02,1.5960083
1071,2024-08-31 19:30:00+02,1.1869954
1072,2024-08-31 20:00:00+02,1.5954723
1073,2024-08-31 20:30:00+02,2.4617097
1074,2024-08-31 21:00:00+02,4.4792504
1075,2024-08-31 21:30:00+02,3.6442051
1076,2024-08-31 22:00:00+02,2.5272419
1077,2024-08-31 22:30:00+02,1.785418
1078,2024-08-31 23:00:00+02,1.0726991
1079,2024-08-31 23:30:00+02,0.71070516
1080,2024-09-01 00:00:00+02,0.39833611
1081,2024-09-01 00:30:00+02,0.24434188
1082,2024-09-01 01:00:00+02,0.23518112
1083,2024-09-01 01:30:00+02,0.37828681
1084,2024-09-01 02:00:00+02,0.51261985
1085,2024-09-01 02:30:00+02,0.81201893
1086,2024-09-01 03:00:00+02,0.88874084
1087,2024-09-01 03:30:00+02,1.1102989
1088,2024-09-01 04:00:00+02,1.5992972
1089,2024-09-01 04:30:00+02,2.7247684
1090,2024-09-01 05:00:00+02,2.9872389
1091,2024-09-01 05:30:00+02,3.2010674
1092,2024-09-01 06:00:00+02,2.3530204
1093,2024-09-01 06:30:00+02,2.0335748
1094,2024-09-01 07:00:00+02,2.0841744
1095,2024-09-01 07:30:00+02,1.8291168
1096,2024-09-01 08:00:00+02,1.27079
1097,2024-09-01 08:30:00+02,1.7798609
1098,2024-09-01 09:00:00+02,1.8718911
1099,2024-09-01 09:30:00+02,1.7623061
1100,2024-09-01 10:00:00+02,1.341047
1101,2024-09-01 10:30:00+02,1.6019753
1102,2024-09-01 11:00:00+02,1.2030534
1103,2024-09-01 11:30:00+02,0.99445766
1104,2024-09-01 12:00:00+02,0.82213926
1105,2024-09-01 13:30:00+02,1.1223563
1106,2024-09-01 14:00:00+02,1.2410585
1107,2024-09-01 14:30:00+02,1.3580389
1108,2024-09-01 15:00:00+02,0.54353249
1109,2024-09-01 15:30:00+02,0.69046313
1110,2024-09-01 16:00:00+02,0.56147093
1111,2024-09-01 16:30:00+02,0.26532525
1112,2024-09-01 17:00:00+02,0.4387621
1113,2024-09-01 17:30:00+02,0.46891022
1114,2024-09-01 18:00:00+02,0.50421113
1115,2024-09-01 18:30:00+02,0.35671368
1116,2024-09-01 19:00:00+02,0.50344574
1117,2024-09-01 19:30:00+02,0.20979473
1118,2024-09-01 20:00:00+02,0.11401502
1119,2024-09-01 20:30:00+02,0.18118028
1120,2024-09-01 21:00:00+02,0.66795355
1121,2024-09-01 21:30:00+02,0.85248959
1122,2024-09-01 22:00:00+02,1.0679469
1123,2024-09-01 22:30:00+02,1.1563113
1124,2024-09-01 23:00:00+02,1.4517628
1125,2024-09-02 00:30:00+02,0.83151215
1126,2024-09-02 01:00:00+02,0.76243424
1127,2024-09-02 01:30:00+02,0.69774896
1128,2024-09-02 02:00:00+02,0.7120418
1129,2024-09-02 02:30:00+02,0.69200009
1130,2024-09-02 03:00:00+02,0.85380679
1131,2024-09-02 03:30:00+02,1.0581837
1132,2024-09-02 04:00:00+02,1.35973
1133,2024-09-02 04:30:00+02,1.8329331
1134,2024-09-02 05:00:00+02,1.5246462
1135,2024-09-02 05:30:00+02,1.921556
1136,2024-09-02 06:00:00+02,2.0651298
1137,2024-09-02 06:30:00+02,1.983596
1138,2024-09-02 07:00:00+02,1.7172672
1139,2024-09-02 07:30:00+02,0.99617571
1140,2024-09-02 08:00:00+02,0.89369208
1141,2024-09-02 08:30:00+02,0.70000309
1142,2024-09-02 09:00:00+02,0.72328633
1143,2024-09-02 09:30:00+02,0.75286043
1144,2024-09-02 10:00:00+02,1.5233165
1145,2024-09-02 10:30:00+02,1.4378086
1146,2024-09-02 11:00:00+02,1.3979162
1147,2024-09-02 11:30:00+02,1.097703
1148,2024-09-02 12:00:00+02,0.43496057
1149,2024-09-02 12:30:00+02,0.33058581
1150,2024-09-02 13:00:00+02,0.63417661
1151,2024-09-02 13:30:00+02,0.61853236
1152,2024-09-02 14:00:00+02,0.532287
1153,2024-09-02 14:30:00+02,0.8662523
1154,2024-09-02 15:00:00+02,1.4561633
1155,2024-09-02 15:30:00+02,0.91260153
1156,2024-09-02 16:00:00+02,1.2385517
1157,2024-09-02 16:30:00+02,0.70992583
1158,2024-09-02 17:00:00+02,0.61985713
1159,2024-09-02 17:30:00+02,0.3630206
1160,2024-09-02 18:00:00+02,0.40080163
1161,2024-09-02 18:30:00+02,0.35710743
1162,2024-09-02 19:00:00+02,0.83511919
1163,2024-09-02 19:30:00+02,0.91105968
1164,2024-09-02 20:00:00+02,1.1089516
1165,2024-09-02 20:30:00+02,0.83415145
1166,2024-09-02 21:00:00+02,0.56929082
1167,2024-09-02 21:30:00+02,0.41377574
1168,2024-09-02 22:00:00+02,0.30902088
1169,2024-09-02 22:30:00+02,0.25769186
1170,2024-09-02 23:00:00+02,0.23765957
1171,2024-09-02 23:30:00+02,0.085583828
1172,2024-09-03 00:00:00+02,0.38133997
1173,2024-09-03 00:30:00+02,1.335498
1174,2024-09-03 01:00:00+02,1.5204555
1175,2024-09-03 01:30:00+02,2.2444136
1176,2024-09-03 02:00:00+02,0.90858161
1177,2024-09-03 02:30:00+02,0.22830896
1178,2024-09-03 03:00:00+02,0.47389391
1179,2024-09-03 03:30:00+02,0.25731915
1180,2024-09-03 04:00:00+02,0.95957035
1181,2024-09-03 04:30:00+02,1.7766798
1182,2024-09-03 05:00:00+02,3.9773784
1183,2024-09-03 05:30:00+02,4.1967053
1184,2024-09-03 06:00:00+02,4.4941812
1185,2024-09-03 06:30:00+02,4.502244
1186,2024-09-03 07:00:00+02,3.2426944
1187,2024-09-03 07:30:00+02,2.5807765
1188,2024-09-03 08:00:00+02,1.622035
1189,2024-09-03 08:30:00+02,2.3777759
1190,2024-09-03 09:00:00+02,3.1066113
1191,2024-09-03 09:30:00+02,2.9434221
1192,2024-09-03 10:00:00+02,2.8950512
1193,2024-09-03 10:30:00+02,3.3261745
1194,2024-09-03 11:00:00+02,2.5328352
1195,2024-09-03 11:30:00+02,1.346029
1196,2024-09-03 12:00:00+02,0.81318057
1197,2024-09-03 12:30:00+02,2.2354414
1198,2024-09-03 13:00:00+02,1.7947857
1199,2024-09-03 13:30:00+02,2.08429
1200,2024-09-03 14:00:00+02,2.0138121
1201,2024-09-03 14:30:00+02,2.5988657
1202,2024-09-03 15:00:00+02,2.9315174
1203,2024-09-03 15:30:00+02,3.4650435
1204,2024-09-03 16:00:00+02,4.2051516
1205,2024-09-03 16:30:00+02,3.7883582
1206,2024-09-03 17:00:00+02,3.2736995
1207,2024-09-03 17:30:00+02,3.5695662
1208,2024-09-03 18:00:00+02,0.69428164
1209,2024-09-03 18:30:00+02,1.2939184
1210,2024-09-03 19:00:00+02,0.55746067
1211,2024-09-03 19:30:00+02,0.70133829
1212,2024-09-03 20:00:00+02,1.5088344
1213,2024-09-03 20:30:00+02,2.1038661
1214,2024-09-03 21:00:00+02,1.8949835
1215,2024-09-03 21:30:00+02,2.734761
1216,2024-09-03 22:00:00+02,3.0964296
1217,2024-09-03 22:30:00+02,2.941457
1218,2024-09-03 23:00:00+02,2.0412066
1219,2024-09-03 23:30:00+02,1.3538191
1220,2024-09-04 00:00:00+02,1.5193024
1221,2024-09-04 00:30:00+02,1.8354199
1222,2024-09-04 01:00:00+02,2.9928033
1223,2024-09-04 01:30:00+02,1.9185053
1224,2024-09-04 02:00:00+02,3.006218
1225,2024-09-04 02:30:00+02,3.9385591
1226,2024-09-04 03:00:00+02,3.4399111
1227,2024-09-04 03:30:00+02,3.2369289
1228,2024-09-04 04:00:00+02,2.4860671
1229,2024-09-04 04:30:00+02,2.3005903
1230,2024-09-04 05:00:00+02,1.0095437
1231,2024-09-04 05:30:00+02,0.72462624
1232,2024-09-04 06:00:00+02,0.83683121
1233,2024-09-04 06:30:00+02,1.3622324
1234,2024-09-04 07:00:00+02,1.4158605
1235,2024-09-04 07:30:00+02,0.98358768
1236,2024-09-04 08:00:00+02,1.7926731
1237,2024-09-04 08:30:00+02,2.4038556
1238,2024-09-04 09:00:00+02,2.4936016
1239,2024-09-04 09:30:00+02,2.3167629
1240,2024-09-04 10:00:00+02,2.6496494
1241,2024-09-04 10:30:00+02,1.8621429
1242,2024-09-04 11:00:00+02,1.4960084
1243,2024-09-04 11:30:00+02,0.98853552
1244,2024-09-04 12:00:00+02,1.185491
1245,2024-09-04 12:30:00+02,0.57940328
1246,2024-09-04 13:00:00+02,0.44163474
1247,2024-09-04 13:30:00+02,0.80820417
1248,2024-09-04 14:00:00+02,0.5368498
1249,2024-09-04 14:30:00+02,0.39717343
1250,2024-09-04 15:00:00+02,0.38400903
1251,2024-09-04 15:30:00+02,0.25693011
1252,2024-09-04 16:00:00+02,0.1319477
1253,2024-09-04 16:30:00+02,0.26265907
1254,2024-09-04 17:00:00+02,0.45614243
1255,2024-09-04 17:30:00+02,0.39489028
1256,2024-09-04 18:00:00+02,0.24834578
1257,2024-09-04 18:30:00+02,0.23670551
1258,2024-09-04 19:00:00+02,0.20961216
1259,2024-09-04 19:30:00+02,0.29147133
1260,2024-09-04 20:00:00+02,0.0081153186
1261,2024-09-04 20:30:00+02,0.21018641
1262,2024-09-04 21:00:00+02,0.2248726
1263,2024-09-04 21:30:00+02,0.24586287
1264,2024-09-04 22:00:00+02,0.14435121
1265,2024-09-04 22:30:00+02,0.43286034
1266,2024-09-04 23:00:00+02,0.72328621
1267,2024-09-04 23:30:00+02,0.40500128
1268,2024-09-05 00:00:00+02,0.3691293
1269,2024-09-05 00:30:00+02,0.29929164
1270,2024-09-05 01:00:00+02,0.39202493
1271,2024-09-05 01:30:00+02,0.1676302
1272,2024-09-05 02:00:00+02,0.13729462
1273,2024-09-05 02:30:00+02,0.28097677
1274,2024-09-05 03:00:00+02,0.35329685
1275,2024-09-05 03:30:00+02,0.51816612
1276,2024-09-05 04:00:00+02,0.65612811
1277,2024-09-05 04:30:00+02,0.62406445
1278,2024-09-05 05:00:00+02,0.41416323
1279,2024-09-05 05:30:00+02,0.3733269
1280,2024-09-05 06:00:00+02,0.25578588
1281,2024-09-05 06:30:00+02,0.20312274
1282,2024-09-05 07:00:00+02,0.34241572
1283,2024-09-05 07:30:00+02,0.26036575
1284,2024-09-05 08:00:00+02,0.43706036
1285,2024-09-05 08:30:00+02,0.43801314
1286,2024-09-05 09:00:00+02,0.45308599
1287,2024-09-05 09:30:00+02,0.79560596
1288,2024-09-05 10:00:00+02,0.84980416
1289,2024-09-05 10:30:00+02,1.5929893
1290,2024-09-05 11:00:00+02,1.1505611
1291,2024-09-05 11:30:00+02,0.98052067
1292,2024-09-05 12:00:00+02,0.57119715
1293,2024-09-05 12:30:00+02,0.45136642
1294,2024-09-05 13:00:00+02,0.2647512
1295,2024-09-05 13:30:00+02,0.2601712
1296,2024-09-05 14:00:00+02,0.17335542
1297,2024-09-05 14:30:00+02,0.30349004
1298,2024-09-05 15:00:00+02,0.53819638
1299,2024-09-05 15:30:00+02,0.2804023
1300,2024-09-05 16:00:00+02,0.33688402
1301,2024-09-05 16:30:00+02,0.40729254
1302,2024-09-05 17:00:00+02,0.34508836
1303,2024-09-05 17:30:00+02,0.39755723
1304,2024-09-05 18:00:00+02,0.25368565
1305,2024-09-05 18:30:00+02,0.26112762
1306,2024-09-05 19:00:00+02,0.32810336
1307,2024-09-05 19:30:00+02,0.48476413
1308,2024-09-05 20:00:00+02,0.57940626
1309,2024-09-05 20:30:00+02,0.34260526
1310,2024-09-05 21:00:00+02,0.40519127
1311,2024-09-05 21:30:00+02,0.38400844
1312,2024-09-05 22:00:00+02,0.33668756
1313,2024-09-05 22:30:00+02,0.60287601
1314,2024-09-05 23:00:00+02,0.72938943
1315,2024-09-05 23:30:00+02,0.60936427
1316,2024-09-06 00:00:00+02,0.40289953
1317,2024-09-06 00:30:00+02,0.33878785
1318,2024-09-06 01:00:00+02,0.96983689
1319,2024-09-06 01:30:00+02,0.79484534
1320,2024-09-06 02:00:00+02,0.88300848
1321,2024-09-06 02:30:00+02,0.9406454
1322,2024-09-06 03:00:00+02,0.7124092
1323,2024-09-06 03:30:00+02,1.0652709
1324,2024-09-06 04:00:00+02,0.86469424
1325,2024-09-06 04:30:00+02,0.89465648
1326,2024-09-06 05:00:00+02,0.63131195
1327,2024-09-06 05:30:00+02,1.6754665
1328,2024-09-06 06:00:00+02,1.5918545
1329,2024-09-06 06:30:00+02,1.5225557
1330,2024-09-06 07:00:00+02,1.355355
1331,2024-09-06 07:30:00+02,2.5612428
1332,2024-09-06 08:00:00+02,2.2715242
1333,2024-09-06 08:30:00+02,2.550751
1334,2024-09-06 09:00:00+02,1.6893835
1335,2024-09-06 09:30:00+02,1.4059254
1336,2024-09-06 10:00:00+02,1.1102927
1337,2024-09-06 10:30:00+02,1.1452183
1338,2024-09-06 11:00:00+02,0.83205515
1339,2024-09-06 11:30:00+02,0.77862197
1340,2024-09-06 12:00:00+02,0.47140148
1341,2024-09-06 12:30:00+02,0.44945982
1342,2024-09-06 13:00:00+02,0.35195303
1343,2024-09-06 13:30:00+02,0.31837237
1344,2024-09-06 14:00:00+02,0.38668272
1345,2024-09-06 14:30:00+02,0.230408
1346,2024-09-06 15:00:00+02,0.23842292
1347,2024-09-06 15:30:00+02,0.41645476
1348,2024-09-06 16:00:00+02,0.5236938
1349,2024-09-06 16:30:00+02,0.71929121
1350,2024-09-06 17:00:00+02,0.77577597
1351,2024-09-06 17:30:00+02,0.4988862
1352,2024-09-06 18:00:00+02,0.3519558
1353,2024-09-06 18:30:00+02,0.37847775
1354,2024-09-06 19:00:00+02,0.29146561
1355,2024-09-06 19:30:00+02,0.24872433
1356,2024-09-06 20:00:00+02,0.2899406
1357,2024-09-06 20:30:00+02,0.39793906
1358,2024-09-06 21:00:00+02,0.61299551
1359,2024-09-06 21:30:00+02,0.55460119
1360,2024-09-06 22:00:00+02,0.36263987
1361,2024-09-06 22:30:00+02,0.24967971
1362,2024-09-06 23:00:00+02,0.22678204
1363,2024-09-06 23:30:00+02,0.43800992
1364,2024-09-07 00:00:00+02,0.30635202
1365,2024-09-07 00:30:00+02,0.30692443
1366,2024-09-07 01:00:00+02,0.18671471
1367,2024-09-07 01:30:00+02,0.32906145
1368,2024-09-07 02:00:00+02,0.9650799
1369,2024-09-07 02:30:00+02,0.73627079
1370,2024-09-07 03:00:00+02,0.73208255
1371,2024-09-07 03:30:00+02,0.6149106
1372,2024-09-07 04:00:00+02,0.50328314
1373,2024-09-07 04:30:00+02,0.33803231
1374,2024-09-07 05:00:00+02,0.27448881
1375,2024-09-07 05:30:00+02,0.24739327
1376,2024-09-07 06:00:00+02,0.20674931
1377,2024-09-07 06:30:00+02,0.17278209
1378,2024-09-07 07:00:00+02,0.32085276
1379,2024-09-07 07:30:00+02,0.5114758
1380,2024-09-07 08:00:00+02,0.43190408
1381,2024-09-07 08:30:00+02,0.96107042
1382,2024-09-07 09:00:00+02,1.5620714
1383,2024-09-07 09:30:00+02,1.7714758
1384,2024-09-07 10:00:00+02,1.416248
1385,2024-09-07 10:30:00+02,1.7751062
1386,2024-09-07 11:00:00+02,1.1641171
1387,2024-09-07 11:30:00+02,0.96239704
1388,2024-09-07 12:00:00+02,0.72557688
1389,2024-09-07 12:30:00+02,0.62310863
1390,2024-09-07 13:00:00+02,0.34127057
1391,2024-09-07 13:30:00+02,0.44239986
1392,2024-09-07 14:00:00+02,0.58647001
1393,2024-09-07 14:30:00+02,0.24357484
1394,2024-09-07 15:00:00+02,0.32409719
1395,2024-09-07 15:30:00+02,0.3263877
1396,2024-09-07 16:00:00+02,0.39832321
1397,2024-09-07 16:30:00+02,0.2653254
1398,2024-09-07 17:00:00+02,0.29337564
1399,2024-09-07 17:30:00+02,0.45442402
1400,2024-09-07 18:00:00+02,0.54715848
1401,2024-09-07 18:30:00+02,0.4971678
1402,2024-09-07 19:00:00+02,0.38134408
1403,2024-09-07 19:30:00+02,0.23346303
1404,2024-09-07 20:00:00+02,0.35309887
1405,2024-09-07 20:30:00+02,0.23575006
1406,2024-09-07 21:00:00+02,0.29642758
1407,2024-09-07 21:30:00+02,0.44621515
1408,2024-09-07 22:00:00+02,0.34775642
1409,2024-09-07 22:30:00+02,0.43400517
1410,2024-09-07 23:00:00+02,0.39259866
1411,2024-09-07 23:30:00+02,0.38591948
1412,2024-09-08 00:00:00+02,0.31035861
1413,2024-09-08 00:30:00+02,0.80782336
1414,2024-09-08 01:00:00+02,0.72958428
1415,2024-09-08 01:30:00+02,0.86793178
1416,2024-09-08 02:00:00+02,1.8516868
1417,2024-09-08 02:30:00+02,1.4557629
1418,2024-09-08 03:00:00+02,1.6466447
1419,2024-09-08 03:30:00+02,1.3792121
1420,2024-09-08 04:00:00+02,1.2744397
1421,2024-09-08 04:30:00+02,1.9308898
1422,2024-09-08 05:00:00+02,1.1003752
1423,2024-09-08 05:30:00+02,0.71489006
1424,2024-09-08 06:00:00+02,0.7876007
1425,2024-09-08 06:30:00+02,0.77309853
1426,2024-09-08 07:00:00+02,1.4063336
1427,2024-09-08 07:30:00+02,1.5439522
1428,2024-09-08 08:00:00+02,1.5977817
1429,2024-09-08 08:30:00+02,1.3828491
1430,2024-09-08 09:00:00+02,1.4032699
1431,2024-09-08 09:30:00+02,1.4990892
1432,2024-09-08 10:00:00+02,1.7565957
1433,2024-09-08 10:30:00+02,1.6223989
1434,2024-09-08 11:00:00+02,1.1919895
1435,2024-09-08 11:30:00+02,0.95572388
1436,2024-09-08 12:00:00+02,0.53380382
1437,2024-09-08 12:30:00+02,0.47254783
1438,2024-09-08 13:00:00+02,0.44068244
1439,2024-09-08 13:30:00+02,0.38668329
1440,2024-09-08 14:00:00+02,0.59353018
1441,2024-09-08 14:30:00+02,0.56127906
1442,2024-09-08 15:00:00+02,0.60039639
1443,2024-09-08 15:30:00+02,0.622724
1444,2024-09-08 16:00:00+02,0.68093091
1445,2024-09-08 16:30:00+02,1.2324556
1446,2024-09-08 17:00:00+02,1.1062977
1447,2024-09-08 17:30:00+02,1.1435307
1448,2024-09-08 18:00:00+02,1.3580481
1449,2024-09-08 18:30:00+02,0.75821716
1450,2024-09-08 19:00:00+02,0.36741436
1451,2024-09-08 19:30:00+02,0.056962229
1452,2024-09-08 20:00:00+02,0.24853578
1453,2024-09-08 20:30:00+02,0.42198536
1454,2024-09-08 21:00:00+02,0.63436329
1455,2024-09-08 21:30:00+02,0.85591143
1456,2024-09-08 22:00:00+02,1.1267155
1457,2024-09-08 22:30:00+02,1.0933186
1458,2024-09-08 23:00:00+02,1.485907
1459,2024-09-08 23:30:00+02,0.95724362
1460,2024-09-09 00:00:00+02,0.75267231
1461,2024-09-09 00:30:00+02,0.50899619
1462,2024-09-09 01:00:00+02,0.29910001
1463,2024-09-09 01:30:00+02,0.24681766
1464,2024-09-09 02:00:00+02,0.31055078
1465,2024-09-09 02:30:00+02,0.4294281
1466,2024-09-09 03:00:00+02,0.34546831
1467,2024-09-09 03:30:00+02,0.33134803
1468,2024-09-09 04:00:00+02,0.37084749
1469,2024-09-09 04:30:00+02,0.41225615
1470,2024-09-09 05:00:00+02,0.36054611
1471,2024-09-09 05:30:00+02,0.3506268
1472,2024-09-09 06:00:00+02,0.31226912
1473,2024-09-09 06:30:00+02,0.26075047
1474,2024-09-09 07:00:00+02,1.0769281
1475,2024-09-09 07:30:00+02,1.7558491
1476,2024-09-09 08:00:00+02,2.1968846
1477,2024-09-09 08:30:00+02,2.3282464
1478,2024-09-09 09:00:00+02,2.3592014
1479,2024-09-09 09:30:00+02,2.5091178
1480,2024-09-09 10:00:00+02,1.8489995
1481,2024-09-09 10:30:00+02,1.4408602
1482,2024-09-09 11:00:00+02,0.81011355
1483,2024-09-09 11:30:00+02,2.8265877
1484,2024-09-09 12:00:00+02,4.8739042
1485,2024-09-09 12:30:00+02,5.1799483
1486,2024-09-09 13:00:00+02,4.247242
1487,2024-09-09 13:30:00+02,5.5917349
1488,2024-09-09 14:00:00+02,6.2939334
1489,2024-09-09 14:30:00+02,4.7358909
1490,2024-09-09 15:00:00+02,4.3377814
1491,2024-09-09 15:30:00+02,3.1396832
1492,2024-09-09 16:00:00+02,2.7030487
1493,2024-09-09 16:30:00+02,3.1480575
1494,2024-09-09 17:00:00+02,3.2384942
1495,2024-09-09 17:30:00+02,1.8705775
1496,2024-09-09 18:00:00+02,1.3044029
1497,2024-09-09 18:30:00+02,0.32753301
1498,2024-09-09 19:00:00+02,1.6472921
1499,2024-09-09 19:30:00+02,3.1573112
1500,2024-09-09 20:00:00+02,2.838186
1501,2024-09-09 20:30:00+02,2.6627748
1502,2024-09-09 21:00:00+02,2.2511859
1503,2024-09-09 21:30:00+02,2.3795187
1504,2024-09-09 22:00:00+02,2.135639
1505,2024-09-09 22:30:00+02,1.8036076
1506,2024-09-09 23:00:00+02,1.4676383
1507,2024-09-09 23:30:00+02,1.1133902
1508,2024-09-10 00:00:00+02,1.1517506
1509,2024-09-10 00:30:00+02,0.84869796
1510,2024-09-10 01:00:00+02,0.27105907
1511,2024-09-10 01:30:00+02,0.19548917
1512,2024-09-10 02:00:00+02,0.58474737
1513,2024-09-10 02:30:00+02,0.44927251
1514,2024-09-10 03:00:00+02,0.57578188
1515,2024-09-10 03:30:00+02,0.75095659
1516,2024-09-10 04:00:00+02,0.75897628
1517,2024-09-10 04:30:00+02,0.37542623
1518,2024-09-10 05:00:00+02,0.47388721
1519,2024-09-10 05:30:00+02,0.44335419
1520,2024-09-10 06:00:00+02,0.35310113
1521,2024-09-10 06:30:00+02,0.20483997
1522,2024-09-10 07:00:00+02,0.33917725
1523,2024-09-10 07:30:00+02,0.40424663
1524,2024-09-10 08:00:00+02,0.61644483
1525,2024-09-10 08:30:00+02,0.94410229
1526,2024-09-10 09:00:00+02,2.5091763
1527,2024-09-10 09:30:00+02,4.1541972
1528,2024-09-10 10:00:00+02,4.3760414
1529,2024-09-10 10:30:00+02,5.1048846
1530,2024-09-10 11:00:00+02,5.6952386
1531,2024-09-10 11:30:00+02,8.2247305
1532,2024-09-10 12:00:00+02,6.114377
1533,2024-09-10 12:30:00+02,4.1291075
1534,2024-09-10 13:00:00+02,3.997859
1535,2024-09-10 13:30:00+02,3.1331394
1536,2024-09-10 14:00:00+02,2.8214693
1537,2024-09-10 14:30:00+02,3.1476734
1538,2024-09-10 15:00:00+02,5.8488078
1539,2024-09-10 15:30:00+02,2.0658953
1540,2024-09-10 16:00:00+02,2.5055239
1541,2024-09-10 16:30:00+02,1.555387
1542,2024-09-10 17:00:00+02,1.356506
1543,2024-09-10 17:30:00+02,1.9009622
1544,2024-09-10 18:00:00+02,1.0079993
1545,2024-09-10 18:30:00+02,2.0226922
1546,2024-09-10 19:00:00+02,2.1847155
1547,2024-09-10 19:30:00+02,3.3954837
1548,2024-09-10 20:00:00+02,2.4079478
1549,2024-09-10 20:30:00+02,2.2798898
1550,2024-09-10 21:00:00+02,3.7142491
1551,2024-09-10 21:30:00+02,3.4363072
1552,2024-09-10 22:00:00+02,4.4533539
1553,2024-09-10 22:30:00+02,3.9289286
1554,2024-09-10 23:00:00+02,5.2441578
1555,2024-09-10 23:30:00+02,6.2546349
1556,2024-09-11 00:00:00+02,5.3285379
1557,2024-09-11 00:30:00+02,2.940434
1558,2024-09-11 01:00:00+02,1.9982605
1559,2024-09-11 01:30:00+02,1.4622359
1560,2024-09-11 02:00:00+02,0.88491988
1561,2024-09-11 02:30:00+02,0.70859104
1562,2024-09-11 03:00:00+02,0.47750849
1563,2024-09-11 03:30:00+02,2.6289883
1564,2024-09-11 04:00:00+02,2.7487235
1565,2024-09-11 04:30:00+02,3.5172741
1566,2024-09-11 05:00:00+02,3.9201584
1567,2024-09-11 05:30:00+02,4.4158707
1568,2024-09-11 06:00:00+02,6.3548851
1569,2024-09-11 06:30:00+02,7.3752832
1570,2024-09-11 07:00:00+02,7.5876384
1571,2024-09-11 07:30:00+02,7.2283883
1572,2024-09-11 08:00:00+02,7.6899705
1573,2024-09-11 08:30:00+02,7.1132064
1574,2024-09-11 09:00:00+02,6.4177699
1575,2024-09-11 09:30:00+02,6.9471955
1576,2024-09-11 10:00:00+02,6.6312294
1577,2024-09-11 10:30:00+02,4.8029428
1578,2024-09-11 11:00:00+02,3.7894444
1579,2024-09-11 11:30:00+02,3.0061555
1580,2024-09-11 12:00:00+02,3.184422
1581,2024-09-11 12:30:00+02,2.2175968
1582,2024-09-11 13:00:00+02,0.97935873
1583,2024-09-11 13:30:00+02,0.44906229
1584,2024-09-11 14:00:00+02,0.53989673
1585,2024-09-11 14:30:00+02,3.1636992
1586,2024-09-11 15:00:00+02,3.2975013
1587,2024-09-11 15:30:00+02,3.5186782
1588,2024-09-11 16:00:00+02,2.8436828
1589,2024-09-11 16:30:00+02,3.0173285
1590,2024-09-11 17:00:00+02,2.1607304
1591,2024-09-11 17:30:00+02,2.4018786
1592,2024-09-11 18:00:00+02,1.1572356
1593,2024-09-11 18:30:00+02,0.77172655
1594,2024-09-11 19:00:00+02,0.66507143
1595,2024-09-11 19:30:00+02,1.5351179
1596,2024-09-11 20:00:00+02,1.9164754
1597,2024-09-11 20:30:00+02,2.4142423
1598,2024-09-11 21:00:00+02,2.9311206
1599,2024-09-11 21:30:00+02,2.9974163
1600,2024-09-11 22:00:00+02,4.1080847
1601,2024-09-11 22:30:00+02,4.2586503
1602,2024-09-11 23:00:00+02,2.9273331
1603,2024-09-11 23:30:00+02,4.199142
1604,2024-09-12 00:00:00+02,4.4551721
1605,2024-09-12 00:30:00+02,4.01647
1606,2024-09-12 01:00:00+02,3.3801637
1607,2024-09-12 01:30:00+02,1.6478992
1608,2024-09-12 02:00:00+02,0.85571277
1609,2024-09-12 02:30:00+02,1.2978932
1610,2024-09-12 03:00:00+02,2.1380343
1611,2024-09-12 03:30:00+02,2.3635108
1612,2024-09-12 04:00:00+02,2.0520747
1613,2024-09-12 04:30:00+02,3.2141349
1614,2024-09-12 05:00:00+02,4.3592396
1615,2024-09-12 05:30:00+02,3.6993442
1616,2024-09-12 06:00:00+02,3.9195919
1617,2024-09-12 06:30:00+02,5.1189346
1618,2024-09-12 07:00:00+02,3.1696115
1619,2024-09-12 07:30:00+02,3.2391911
1620,2024-09-12 08:00:00+02,4.0404167
1621,2024-09-12 08:30:00+02,2.271076
1622,2024-09-12 09:00:00+02,1.9052724
1623,2024-09-12 09:30:00+02,1.9293268
1624,2024-09-12 10:00:00+02,1.3341522
1625,2024-09-12 10:30:00+02,1.1568563
1626,2024-09-12 11:00:00+02,1.4082081
1627,2024-09-12 11:30:00+02,0.74541366
1628,2024-09-12 12:00:00+02,1.0297458
1629,2024-09-12 12:30:00+02,1.5263288
1630,2024-09-12 13:00:00+02,2.6119292
1631,2024-09-12 13:30:00+02,2.1243927
1632,2024-09-12 14:00:00+02,2.3898191
1633,2024-09-12 14:30:00+02,2.0657754
1634,2024-09-12 15:00:00+02,1.9147702
1635,2024-09-12 15:30:00+02,1.3667881
1636,2024-09-12 16:00:00+02,2.081852
1637,2024-09-12 16:30:00+02,1.9672846
1638,2024-09-12 17:00:00+02,2.6530249
1639,2024-09-12 17:30:00+02,1.9753428
1640,2024-09-12 18:00:00+02,1.3316666
1641,2024-09-12 18:30:00+02,1.6916664
1642,2024-09-12 19:00:00+02,1.2896628
1643,2024-09-12 19:30:00+02,3.1953893
1644,2024-09-12 20:00:00+02,2.4637337
1645,2024-09-12 20:30:00+02,1.455134
1646,2024-09-12 21:00:00+02,1.7910762
1647,2024-09-12 21:30:00+02,2.3837204
1648,2024-09-12 22:00:00+02,1.8557955
1649,2024-09-12 22:30:00+02,1.4330012
1650,2024-09-12 23:00:00+02,1.5795853
1651,2024-09-12 23:30:00+02,1.2562764
1652,2024-09-13 00:00:00+02,1.4564903
1653,2024-09-13 00:30:00+02,1.8325151
1654,2024-09-13 01:00:00+02,2.0978816
1655,2024-09-13 01:30:00+02,1.6494495
1656,2024-09-13 02:00:00+02,2.0654085
1657,2024-09-13 02:30:00+02,1.8010012
1658,2024-09-13 03:00:00+02,1.9344366
1659,2024-09-13 03:30:00+02,1.6303457
1660,2024-09-13 04:00:00+02,1.3169533
1661,2024-09-13 04:30:00+02,0.87364399
1662,2024-09-13 05:00:00+02,1.1316472
1663,2024-09-13 05:30:00+02,1.0326073
1664,2024-09-13 06:00:00+02,0.97535366
1665,2024-09-13 06:30:00+02,1.1463375
1666,2024-09-13 07:00:00+02,1.2047361
1667,2024-09-13 07:30:00+02,1.2925241
1668,2024-09-13 08:00:00+02,1.3211468
1669,2024-09-13 08:30:00+02,1.352828
1670,2024-09-13 09:00:00+02,1.3377514
1671,2024-09-13 09:30:00+02,1.8174193
1672,2024-09-13 10:00:00+02,1.613564
1673,2024-09-13 10:30:00+02,2.3373134
1674,2024-09-13 11:00:00+02,1.819519
1675,2024-09-13 11:30:00+02,1.6211913
1676,2024-09-13 12:00:00+02,1.6948684
1677,2024-09-13 12:30:00+02,2.0155876
1678,2024-09-13 13:00:00+02,1.5675534
1679,2024-09-13 13:30:00+02,1.9323325
1680,2024-09-13 14:00:00+02,2.4664013
1681,2024-09-13 14:30:00+02,1.8365123
1682,2024-09-13 15:00:00+02,1.9661343
1683,2024-09-13 15:30:00+02,1.8315457
1684,2024-09-13 16:00:00+02,1.9688039
1685,2024-09-13 16:30:00+02,1.7246492
1686,2024-09-13 17:00:00+02,1.9067698
1687,2024-09-13 17:30:00+02,1.8452917
1688,2024-09-13 18:00:00+02,1.7868818
1689,2024-09-13 18:30:00+02,1.4736428
1690,2024-09-13 19:00:00+02,1.1493837
1691,2024-09-13 19:30:00+02,1.2178842
1692,2024-09-13 20:00:00+02,1.2236264
1693,2024-09-13 20:30:00+02,0.92954534
1694,2024-09-13 21:00:00+02,0.61984873
1695,2024-09-13 21:30:00+02,0.43208906
1696,2024-09-13 22:00:00+02,0.47616571
1697,2024-09-13 22:30:00+02,0.74177885
1698,2024-09-13 23:00:00+02,0.6448459
1699,2024-09-13 23:30:00+02,0.37331885
1700,2024-09-14 00:00:00+02,0.70533168
1701,2024-09-14 00:30:00+02,0.62728912
1702,2024-09-14 01:00:00+02,0.73891813
1703,2024-09-14 01:30:00+02,0.58778888
1704,2024-09-14 02:00:00+02,0.74789035
1705,2024-09-14 02:30:00+02,0.60038364
1706,2024-09-14 03:00:00+02,0.60649061
1707,2024-09-14 03:30:00+02,1.0245868
1708,2024-09-14 04:00:00+02,1.2263107
1709,2024-09-14 04:30:00+02,1.1448106
1710,2024-09-14 05:00:00+02,1.3177238
1711,2024-09-14 05:30:00+02,1.1421416
1712,2024-09-14 06:00:00+02,1.2915698
1713,2024-09-14 06:30:00+02,1.1887057
1714,2024-09-14 07:00:00+02,0.79711747
1715,2024-09-14 07:30:00+02,1.3953956
1716,2024-09-14 08:00:00+02,1.91631
1717,2024-09-14 08:30:00+02,2.0278027
1718,2024-09-14 09:00:00+02,1.9344462
1719,2024-09-14 09:30:00+02,1.7994769
1720,2024-09-14 10:00:00+02,1.2715354
1721,2024-09-14 10:30:00+02,2.2496629
1722,2024-09-14 11:00:00+02,2.3466821
1723,2024-09-14 11:30:00+02,1.9953583
1724,2024-09-14 12:00:00+02,2.201735
1725,2024-09-14 12:30:00+02,2.0818336
1726,2024-09-14 13:00:00+02,1.9823726
1727,2024-09-14 15:00:00+02,1.6498212
1728,2024-09-14 15:30:00+02,2.0239956
1729,2024-09-14 16:00:00+02,1.7601521
1730,2024-09-14 16:30:00+02,2.0022178
1731,2024-09-14 17:00:00+02,2.2038462
1732,2024-09-14 17:30:00+02,1.6580324
1733,2024-09-14 18:00:00+02,1.7681813
1734,2024-09-14 18:30:00+02,1.4505562
1735,2024-09-14 19:00:00+02,1.6643354
1736,2024-09-14 19:30:00+02,1.6815225
1737,2024-09-14 20:00:00+02,1.1337478
1738,2024-09-14 20:30:00+02,0.76888078
1739,2024-09-14 21:00:00+02,0.89578003
1740,2024-09-14 21:30:00+02,0.56966734
1741,2024-09-14 22:00:00+02,0.47235447
1742,2024-09-14 22:30:00+02,1.0793666
1743,2024-09-14 23:00:00+02,1.0163873
1744,2024-09-14 23:30:00+02,1.4721339
1745,2024-09-15 00:00:00+02,0.91963524
1746,2024-09-15 00:30:00+02,1.7374493
1747,2024-09-15 01:00:00+02,1.7941194
1748,2024-09-15 01:30:00+02,2.342628
1749,2024-09-15 02:00:00+02,2.0409725
1750,2024-09-15 02:30:00+02,1.7634176
1751,2024-09-15 03:00:00+02,1.3994207
1752,2024-09-15 03:30:00+02,1.1973047
1753,2024-09-15 04:00:00+02,1.6549791
1754,2024-09-15 04:30:00+02,1.7937657
1755,2024-09-15 05:00:00+02,2.1347337
1756,2024-09-15 05:30:00+02,1.9117404
1757,2024-09-15 06:00:00+02,1.8873014
1758,2024-09-15 06:30:00+02,2.6491947
1759,2024-09-15 07:00:00+02,3.1776364
1760,2024-09-15 07:30:00+02,3.1241162
1761,2024-09-15 08:00:00+02,3.5789964
1762,2024-09-15 08:30:00+02,3.9476583
1763,2024-09-15 09:00:00+02,4.5930185
1764,2024-09-15 09:30:00+02,4.6073685
1765,2024-09-15 10:00:00+02,4.7607155
1766,2024-09-15 10:30:00+02,5.1159558
1767,2024-09-15 11:00:00+02,4.82792
1768,2024-09-15 11:30:00+02,6.0345187
1769,2024-09-15 12:00:00+02,5.2790351
1770,2024-09-15 12:30:00+02,4.4911761
1771,2024-09-15 13:00:00+02,3.5497372
1772,2024-09-15 13:30:00+02,3.0891302
1773,2024-09-15 14:00:00+02,2.5559719
1774,2024-09-15 14:30:00+02,1.7975768
1775,2024-09-15 15:00:00+02,1.6904801
1776,2024-09-15 15:30:00+02,1.3324159
1777,2024-09-15 16:00:00+02,1.3982599
1778,2024-09-15 16:30:00+02,1.5284275
1779,2024-09-15 17:00:00+02,1.6902875
1780,2024-09-15 17:30:00+02,1.5803398
1781,2024-09-15 18:00:00+02,1.6902909
1782,2024-09-15 18:30:00+02,1.8155178
1783,2024-09-15 19:00:00+02,1.6483014
1784,2024-09-15 19:30:00+02,1.8582822
1785,2024-09-15 20:00:00+02,2.1776874
1786,2024-09-15 20:30:00+02,1.307602
1787,2024-09-15 21:00:00+02,0.88738155
1788,2024-09-15 21:30:00+02,1.3213469
1789,2024-09-15 22:00:00+02,1.539507
1790,2024-09-15 22:30:00+02,1.1253535
1791,2024-09-15 23:00:00+02,1.1724964
1792,2024-09-15 23:30:00+02,0.87691003
1793,2024-09-16 00:00:00+02,1.2704322
1794,2024-09-16 00:30:00+02,1.1198281
1795,2024-09-16 01:00:00+02,0.68663532
1796,2024-09-16 01:30:00+02,0.91218042
1797,2024-09-16 02:00:00+02,0.86503702
1798,2024-09-16 02:30:00+02,0.6406396
1799,2024-09-16 03:00:00+02,0.73109066
1800,2024-09-16 03:30:00+02,0.61030442
1801,2024-09-16 04:00:00+02,0.92324978
1802,2024-09-16 04:30:00+02,0.84158152
1803,2024-09-16 05:00:00+02,0.85627091
1804,2024-09-16 05:30:00+02,0.96580315
1805,2024-09-16 06:00:00+02,1.2043543
1806,2024-09-16 06:30:00+02,1.1757199
1807,2024-09-16 07:00:00+02,1.4967344
1808,2024-09-16 07:30:00+02,1.778861
1809,2024-09-16 08:00:00+02,1.2043496
1810,2024-09-16 08:30:00+02,0.85436302
1811,2024-09-16 09:00:00+02,0.66106486
1812,2024-09-16 09:30:00+02,0.52081519
1813,2024-09-16 10:00:00+02,0.27276263
1814,2024-09-16 10:30:00+02,0.32542735
1815,2024-09-16 11:00:00+02,0.45097789
