0,2024-08-07 12:24:00+02,-20.267487
1,2024-08-07 12:27:00+02,-19.109344
2,2024-08-07 14:00:00+02,-3284.7175
3,2024-08-07 14:30:00+02,-3284.5916
4,2024-08-07 15:00:00+02,-3284.491
5,2024-08-07 15:30:00+02,-3284.5161
6,2024-08-07 16:00:00+02,-3284.5916
7,2024-08-07 16:30:00+02,-3284.5664
8,2024-08-07 17:00:00+02,-3284.4658
9,2024-08-07 17:30:00+02,-3284.7678
10,2024-08-07 18:00:00+02,-3284.5413
11,2024-08-07 18:30:00+02,-3284.5161
12,2024-08-07 19:00:00+02,-3284.8181
13,2024-08-07 19:30:00+02,-3284.5664
14,2024-08-07 20:00:00+02,-3284.5916
15,2024-08-07 20:30:00+02,-3284.2896
16,2024-08-07 21:00:00+02,-3284.6421
17,2024-08-07 21:30:00+02,-3284.6421
18,2024-08-07 22:00:00+02,-3284.6421
19,2024-08-07 22:30:00+02,-3284.5916
20,2024-08-07 23:00:00+02,-3284.3398
21,2024-08-07 23:30:00+02,-3284.5413
22,2024-08-08 00:00:00+02,-3284.4658
23,2024-08-08 00:30:00+02,-3284.4658
24,2024-08-08 01:00:00+02,-3284.5161
25,2024-08-08 01:30:00+02,-3284.3901
26,2024-08-08 02:00:00+02,-3284.5161
27,2024-08-08 02:30:00+02,-3284.4153
28,2024-08-08 03:00:00+02,-3284.4153
29,2024-08-08 03:30:00+02,-3284.6167
30,2024-08-08 04:00:00+02,-3284.3901
31,2024-08-08 04:30:00+02,-3284.6421
32,2024-08-08 05:00:00+02,-3284.4153
33,2024-08-08 05:30:00+02,-3284.2896
34,2024-08-08 06:00:00+02,-3284.6167
35,2024-08-08 06:30:00+02,-3284.5161
36,2024-08-08 07:00:00+02,-3284.491
37,2024-08-08 07:30:00+02,-3284.6421
38,2024-08-08 08:00:00+02,-3284.5916
39,2024-08-08 08:30:00+02,-3284.6167
40,2024-08-08 09:00:00+02,-3284.6924
41,2024-08-08 09:30:00+02,-3284.4658
42,2024-08-08 10:00:00+02,-3284.491
43,2024-08-08 10:30:00+02,-3284.5664
44,2024-08-08 11:00:00+02,-3284.5664
45,2024-08-08 11:30:00+02,-3284.4407
46,2024-08-08 12:00:00+02,-3284.4407
47,2024-08-08 12:30:00+02,-3284.4658
48,2024-08-08 13:00:00+02,-3284.7678
49,2024-08-08 13:30:00+02,-3284.4658
50,2024-08-08 14:00:00+02,-3284.6167
51,2024-08-08 14:30:00+02,-3284.5916
52,2024-08-08 15:00:00+02,-3284.3901
53,2024-08-08 15:30:00+02,-3284.5916
54,2024-08-08 16:00:00+02,-3284.4658
55,2024-08-08 16:30:00+02,-3284.4153
56,2024-08-08 17:00:00+02,-3284.5161
57,2024-08-08 17:30:00+02,-3284.6167
58,2024-08-08 18:00:00+02,-3284.491
59,2024-08-08 18:30:00+02,-3284.3901
60,2024-08-08 19:00:00+02,-3284.4407
61,2024-08-08 19:30:00+02,-3284.365
62,2024-08-08 20:00:00+02,-3284.4153
63,2024-08-08 20:30:00+02,-3284.5413
64,2024-08-08 21:00:00+02,-3284.5161
65,2024-08-08 21:30:00+02,-3284.5664
66,2024-08-08 22:00:00+02,-3284.4407
67,2024-08-08 22:30:00+02,-3284.5413
68,2024-08-08 23:00:00+02,-3284.5413
69,2024-08-08 23:30:00+02,-3284.4153
70,2024-08-09 00:00:00+02,-3284.5161
71,2024-08-09 00:30:00+02,-3284.5664
72,2024-08-09 01:00:00+02,-3284.4407
73,2024-08-09 01:30:00+02,-3284.6924
74,2024-08-09 02:00:00+02,-3284.5161
75,2024-08-09 02:30:00+02,-3284.3398
76,2024-08-09 03:00:00+02,-3284.6167
77,2024-08-09 03:30:00+02,-3284.5161
78,2024-08-09 04:00:00+02,-3284.5161
79,2024-08-09 04:30:00+02,-3284.491
80,2024-08-09 05:00:00+02,-3284.3398
81,2024-08-09 05:30:00+02,-3284.6924
82,2024-08-09 06:00:00+02,-3284.5413
83,2024-08-09 06:30:00+02,-3284.5664
84,2024-08-09 07:00:00+02,-3284.4153
85,2024-08-09 07:30:00+02,-3284.491
86,2024-08-09 08:00:00+02,-3284.6421
87,2024-08-09 08:30:00+02,-3284.365
88,2024-08-09 09:00:00+02,-3284.4153
89,2024-08-09 09:30:00+02,-3284.491
90,2024-08-09 10:00:00+02,-3284.5916
91,2024-08-09 10:30:00+02,-3284.5413
92,2024-08-09 11:30:00+02,-3284.3901
93,2024-08-09 12:00:00+02,-3284.6672
94,2024-08-09 12:30:00+02,-3284.5413
95,2024-08-09 13:00:00+02,-3284.491
96,2024-08-09 13:30:00+02,-3284.6421
97,2024-08-09 14:00:00+02,-3284.8181
98,2024-08-09 14:30:00+02,-3284.4153
99,2024-08-09 15:00:00+02,-3284.6167
100,2024-08-09 15:30:00+02,-3284.5413
101,2024-08-09 16:00:00+02,-3284.5916
102,2024-08-09 16:30:00+02,-3284.6924
103,2024-08-09 17:00:00+02,-3284.6167
104,2024-08-09 17:30:00+02,-3284.6672
105,2024-08-09 18:00:00+02,-3284.5664
106,2024-08-09 18:30:00+02,-3284.4153
107,2024-08-09 19:00:00+02,-3284.6167
108,2024-08-09 19:30:00+02,-3284.5664
109,2024-08-09 20:00:00+02,-3284.491
110,2024-08-09 20:30:00+02,-3284.5664
111,2024-08-09 21:00:00+02,-3284.491
112,2024-08-09 21:30:00+02,-3284.5664
113,2024-08-09 22:00:00+02,-3284.5161
114,2024-08-09 22:30:00+02,-3284.5916
115,2024-08-09 23:00:00+02,-3284.5664
116,2024-08-09 23:30:00+02,-3284.5413
117,2024-08-10 00:00:00+02,-3284.5664
118,2024-08-10 00:30:00+02,-3284.5161
119,2024-08-10 01:00:00+02,-3284.6421
120,2024-08-10 01:30:00+02,-3284.5664
121,2024-08-10 02:00:00+02,-3284.491
122,2024-08-10 02:30:00+02,-3284.6167
123,2024-08-10 03:00:00+02,-3284.6672
124,2024-08-10 03:30:00+02,-3284.5413
125,2024-08-10 04:00:00+02,-3284.4153
126,2024-08-10 04:30:00+02,-3284.491
127,2024-08-10 05:00:00+02,-3284.6672
128,2024-08-10 05:30:00+02,-3284.6167
129,2024-08-10 06:00:00+02,-3284.5916
130,2024-08-10 06:30:00+02,-3284.5161
131,2024-08-10 07:00:00+02,-3284.6924
132,2024-08-10 07:30:00+02,-3284.5916
133,2024-08-10 08:00:00+02,-3284.5664
134,2024-08-10 08:30:00+02,-3284.5916
135,2024-08-10 09:00:00+02,-3284.5413
136,2024-08-10 09:30:00+02,-3284.6924
137,2024-08-10 10:00:00+02,-3284.6167
138,2024-08-10 10:30:00+02,-3284.6672
139,2024-08-10 11:00:00+02,-3284.4658
140,2024-08-10 11:30:00+02,-3284.5664
141,2024-08-10 12:00:00+02,-3284.4407
142,2024-08-10 12:30:00+02,-3284.3398
143,2024-08-10 13:00:00+02,-3284.5413
144,2024-08-10 13:30:00+02,-3284.5161
145,2024-08-10 14:00:00+02,-3284.5161
146,2024-08-10 14:30:00+02,-3284.491
147,2024-08-10 15:00:00+02,-3284.3147
148,2024-08-10 15:30:00+02,-3284.6167
149,2024-08-10 16:00:00+02,-3284.491
150,2024-08-10 16:30:00+02,-3284.4658
151,2024-08-10 17:00:00+02,-3284.5916
152,2024-08-10 17:30:00+02,-3284.4658
153,2024-08-10 18:00:00+02,-3284.5161
154,2024-08-10 18:30:00+02,-3284.4658
155,2024-08-10 19:00:00+02,-3284.491
156,2024-08-10 19:30:00+02,-3284.3901
157,2024-08-10 20:00:00+02,-3284.5161
158,2024-08-10 20:30:00+02,-3284.491
159,2024-08-10 21:00:00+02,-3284.5664
160,2024-08-10 21:30:00+02,-3284.365
161,2024-08-10 22:00:00+02,-3284.7175
162,2024-08-10 22:30:00+02,-3284.793
163,2024-08-10 23:00:00+02,-3284.5664
164,2024-08-10 23:30:00+02,-3284.793
165,2024-08-11 00:00:00+02,-3284.7427
166,2024-08-11 00:30:00+02,-3284.6924
167,2024-08-11 01:00:00+02,-3284.793
168,2024-08-11 01:30:00+02,-3284.491
169,2024-08-11 02:00:00+02,-3284.3901
170,2024-08-11 02:30:00+02,-3284.5413
171,2024-08-11 03:00:00+02,-3284.6421
172,2024-08-11 03:30:00+02,-3284.5413
173,2024-08-11 04:00:00+02,-3284.6421
174,2024-08-11 04:30:00+02,-3284.5916
175,2024-08-11 05:00:00+02,-3284.5413
176,2024-08-11 05:30:00+02,-3284.6924
177,2024-08-11 06:00:00+02,-3284.4407
178,2024-08-11 06:30:00+02,-3284.365
179,2024-08-11 07:00:00+02,-3284.491
180,2024-08-11 07:30:00+02,-3284.4407
181,2024-08-11 08:00:00+02,-3284.3901
182,2024-08-11 08:30:00+02,-3284.3398
183,2024-08-11 09:00:00+02,-3284.4407
184,2024-08-11 09:30:00+02,-3284.6167
185,2024-08-11 10:00:00+02,-3284.4658
186,2024-08-11 10:30:00+02,-3284.5161
187,2024-08-11 11:00:00+02,-3284.491
188,2024-08-11 11:30:00+02,-3284.4153
189,2024-08-11 12:00:00+02,-3284.4658
190,2024-08-11 12:30:00+02,-3284.5664
191,2024-08-11 13:00:00+02,-3284.3398
192,2024-08-11 13:30:00+02,-3284.6672
193,2024-08-11 14:00:00+02,-3284.3147
194,2024-08-11 14:30:00+02,-3284.2644
195,2024-08-11 15:00:00+02,-3284.4658
196,2024-08-11 15:30:00+02,-3284.5664
197,2024-08-11 16:00:00+02,-3284.5916
198,2024-08-11 16:30:00+02,-3284.5161
199,2024-08-11 17:00:00+02,-3284.4658
200,2024-08-11 17:30:00+02,-3284.5161
201,2024-08-11 18:00:00+02,-3284.365
202,2024-08-11 18:30:00+02,-3284.491
203,2024-08-11 19:00:00+02,-3284.5664
204,2024-08-11 19:30:00+02,-3284.3147
205,2024-08-11 20:00:00+02,-3284.491
206,2024-08-11 20:30:00+02,-3284.5413
207,2024-08-11 21:00:00+02,-3284.5664
208,2024-08-11 21:30:00+02,-3284.5161
209,2024-08-11 22:00:00+02,-3284.491
210,2024-08-11 22:30:00+02,-3284.4153
211,2024-08-11 23:00:00+02,-3284.6421
212,2024-08-11 23:30:00+02,-3284.5161
213,2024-08-12 00:00:00+02,-3284.6672
214,2024-08-12 00:30:00+02,-3284.3901
215,2024-08-12 01:00:00+02,-3284.4658
216,2024-08-12 01:30:00+02,-3284.491
217,2024-08-12 02:00:00+02,-3284.2393
218,2024-08-12 02:30:00+02,-3284.4407
219,2024-08-12 03:00:00+02,-3284.5916
220,2024-08-12 03:30:00+02,-3284.2896
221,2024-08-12 04:00:00+02,-3284.3901
222,2024-08-12 04:30:00+02,-3284.5161
223,2024-08-12 05:00:00+02,-3284.4658
224,2024-08-12 05:30:00+02,-3284.6421
225,2024-08-12 06:00:00+02,-3284.6167
226,2024-08-12 06:30:00+02,-3284.5916
227,2024-08-12 07:00:00+02,-3284.6167
228,2024-08-12 07:30:00+02,-3284.3398
229,2024-08-12 08:00:00+02,-3284.4153
230,2024-08-12 08:30:00+02,-3284.5664
231,2024-08-12 09:00:00+02,-3284.491
232,2024-08-12 09:30:00+02,-3284.365
233,2024-08-12 10:00:00+02,-3284.365
234,2024-08-12 10:30:00+02,-3284.4407
235,2024-08-12 11:00:00+02,-3284.5413
236,2024-08-12 11:30:00+02,-3284.491
237,2024-08-12 12:00:00+02,-3284.491
238,2024-08-12 12:30:00+02,-3284.4407
239,2024-08-12 13:00:00+02,-3284.5161
240,2024-08-12 13:30:00+02,-3284.6924
241,2024-08-12 14:00:00+02,-3284.4658
242,2024-08-12 14:30:00+02,-3284.5161
243,2024-08-12 15:00:00+02,-3284.4658
244,2024-08-12 15:30:00+02,-3284.491
245,2024-08-12 16:00:00+02,-3284.5161
246,2024-08-12 16:30:00+02,-3284.491
247,2024-08-12 17:00:00+02,-3284.491
248,2024-08-12 17:30:00+02,-3284.491
249,2024-08-12 18:00:00+02,-3284.5664
250,2024-08-12 18:30:00+02,-3284.4153
251,2024-08-12 19:00:00+02,-3284.5161
252,2024-08-12 19:30:00+02,-3284.4658
253,2024-08-12 20:00:00+02,-3284.491
254,2024-08-12 20:30:00+02,-3284.5161
255,2024-08-12 21:00:00+02,-3284.6421
256,2024-08-12 21:30:00+02,-3284.5413
257,2024-08-12 22:00:00+02,-3284.5161
258,2024-08-12 22:30:00+02,-3284.5413
259,2024-08-12 23:00:00+02,-3284.5664
260,2024-08-12 23:30:00+02,-3284.3398
261,2024-08-13 00:00:00+02,-3284.5916
262,2024-08-13 00:30:00+02,-3284.5413
263,2024-08-13 01:00:00+02,-3284.5413
264,2024-08-13 01:30:00+02,-3284.3147
265,2024-08-13 02:00:00+02,-3284.6421
266,2024-08-13 02:30:00+02,-3284.5161
267,2024-08-13 03:00:00+02,-3284.2644
268,2024-08-13 03:30:00+02,-3284.5413
269,2024-08-13 04:00:00+02,-3284.491
270,2024-08-13 04:30:00+02,-3284.491
271,2024-08-13 05:00:00+02,-3284.5161
272,2024-08-13 05:30:00+02,-3284.5161
273,2024-08-13 06:00:00+02,-3284.5664
274,2024-08-13 06:30:00+02,-3284.5161
275,2024-08-13 07:00:00+02,-3284.4658
276,2024-08-13 07:30:00+02,-3284.5664
277,2024-08-13 08:00:00+02,-3284.4658
278,2024-08-13 08:30:00+02,-3284.491
279,2024-08-13 09:00:00+02,-3284.6421
280,2024-08-13 09:30:00+02,-3284.5916
281,2024-08-13 10:00:00+02,-3284.4407
282,2024-08-13 10:30:00+02,-3284.5161
283,2024-08-13 11:00:00+02,-3284.491
284,2024-08-13 11:30:00+02,-3284.5664
285,2024-08-13 12:00:00+02,-3284.6672
286,2024-08-13 12:30:00+02,-3284.4658
287,2024-08-13 13:00:00+02,-3284.6167
288,2024-08-13 13:30:00+02,-3284.6672
289,2024-08-13 14:00:00+02,-3284.4407
290,2024-08-13 14:30:00+02,-3284.5413
291,2024-08-13 15:00:00+02,-3284.3398
292,2024-08-13 15:30:00+02,-3284.5916
293,2024-08-13 16:00:00+02,-3284.5413
294,2024-08-13 16:30:00+02,-3284.5413
295,2024-08-13 17:00:00+02,-3284.491
296,2024-08-13 17:30:00+02,-3284.5413
297,2024-08-13 18:00:00+02,-3284.4407
298,2024-08-13 18:30:00+02,-3284.491
299,2024-08-13 19:00:00+02,-3284.4153
300,2024-08-13 19:30:00+02,-3284.5413
301,2024-08-13 20:00:00+02,-3284.4407
302,2024-08-13 20:30:00+02,-3284.3901
303,2024-08-13 21:00:00+02,-3284.3901
304,2024-08-13 21:30:00+02,-3284.4153
305,2024-08-13 22:00:00+02,-3284.6421
306,2024-08-13 22:30:00+02,-3284.491
307,2024-08-13 23:00:00+02,-3284.5161
308,2024-08-13 23:30:00+02,-3284.4658
309,2024-08-14 00:00:00+02,-3284.3901
310,2024-08-14 00:30:00+02,-3284.5161
311,2024-08-14 01:00:00+02,-3284.5161
312,2024-08-14 01:30:00+02,-3284.4658
313,2024-08-14 02:00:00+02,-3284.5161
314,2024-08-14 02:30:00+02,-3284.5413
315,2024-08-14 03:00:00+02,-3284.4658
316,2024-08-14 03:30:00+02,-3284.5161
317,2024-08-14 04:00:00+02,-3284.5413
318,2024-08-14 04:30:00+02,-3284.6167
319,2024-08-14 05:00:00+02,-3284.491
320,2024-08-14 05:30:00+02,-3284.5413
321,2024-08-14 06:00:00+02,-3284.5161
322,2024-08-14 06:30:00+02,-3284.4407
323,2024-08-14 07:00:00+02,-3284.4407
324,2024-08-14 07:30:00+02,-3284.365
325,2024-08-14 08:00:00+02,-3284.4407
326,2024-08-14 08:30:00+02,-3284.5664
327,2024-08-14 09:00:00+02,-3284.6167
328,2024-08-14 09:30:00+02,-3284.5664
329,2024-08-14 10:00:00+02,-3284.491
330,2024-08-14 10:30:00+02,-3284.491
331,2024-08-14 11:00:00+02,-3284.491
332,2024-08-14 11:30:00+02,-3284.491
333,2024-08-14 12:00:00+02,-3284.4153
334,2024-08-14 12:30:00+02,-3284.5161
335,2024-08-14 13:00:00+02,-3284.491
336,2024-08-14 13:30:00+02,-3284.5161
337,2024-08-14 14:00:00+02,-3284.4407
338,2024-08-14 14:30:00+02,-3284.2896
339,2024-08-14 15:00:00+02,-3284.5916
340,2024-08-14 15:30:00+02,-3284.4153
341,2024-08-14 16:00:00+02,-3284.5664
342,2024-08-14 16:30:00+02,-3284.4407
343,2024-08-14 17:00:00+02,-3284.6167
344,2024-08-14 17:30:00+02,-3284.6421
345,2024-08-14 18:00:00+02,-3284.491
346,2024-08-14 18:30:00+02,-3284.6421
347,2024-08-14 19:00:00+02,-3284.5664
348,2024-08-14 19:30:00+02,-3284.3901
349,2024-08-14 20:00:00+02,-3284.6167
350,2024-08-14 20:30:00+02,-3284.5664
351,2024-08-14 21:00:00+02,-3284.5413
352,2024-08-14 21:30:00+02,-3284.5161
353,2024-08-14 22:00:00+02,-3284.4153
354,2024-08-14 22:30:00+02,-3284.365
355,2024-08-14 23:00:00+02,-3284.6167
356,2024-08-14 23:30:00+02,-3284.3901
357,2024-08-15 00:00:00+02,-3284.5413
358,2024-08-15 00:30:00+02,-3284.365
359,2024-08-15 01:00:00+02,-3284.4153
360,2024-08-15 01:30:00+02,-3284.4658
361,2024-08-15 02:00:00+02,-3284.4153
362,2024-08-15 02:30:00+02,-3284.2644
363,2024-08-15 03:00:00+02,-3284.4153
364,2024-08-15 03:30:00+02,-3284.3398
365,2024-08-15 04:00:00+02,-3284.4153
366,2024-08-15 04:30:00+02,-3284.5413
367,2024-08-15 05:00:00+02,-3284.365
368,2024-08-15 05:30:00+02,-3284.4153
369,2024-08-15 06:00:00+02,-3284.5161
370,2024-08-15 06:30:00+02,-3284.4153
371,2024-08-15 07:00:00+02,-3284.4407
372,2024-08-15 07:30:00+02,-3284.5413
373,2024-08-15 08:00:00+02,-3284.4153
374,2024-08-15 08:30:00+02,-3284.3147
375,2024-08-15 09:00:00+02,-3284.365
376,2024-08-15 09:30:00+02,-3284.491
377,2024-08-15 10:00:00+02,-3284.5413
378,2024-08-15 10:30:00+02,-3284.491
379,2024-08-15 11:00:00+02,-3284.491
380,2024-08-15 11:30:00+02,-3284.2644
381,2024-08-15 12:00:00+02,-3284.5916
382,2024-08-15 12:30:00+02,-3284.491
383,2024-08-15 13:00:00+02,-3284.5413
384,2024-08-15 13:30:00+02,-3284.5664
385,2024-08-15 14:00:00+02,-3284.5413
386,2024-08-15 14:30:00+02,-3284.4407
387,2024-08-15 15:00:00+02,-3284.4658
388,2024-08-15 15:30:00+02,-3284.5664
389,2024-08-15 16:00:00+02,-3284.4658
390,2024-08-15 16:30:00+02,-3284.6421
391,2024-08-15 17:00:00+02,-3284.5916
392,2024-08-15 17:30:00+02,-3284.5413
393,2024-08-15 18:00:00+02,-3284.4153
394,2024-08-15 18:30:00+02,-3284.4658
395,2024-08-15 19:00:00+02,-3284.4153
396,2024-08-15 19:30:00+02,-3284.5664
397,2024-08-15 20:00:00+02,-3284.6924
398,2024-08-15 20:30:00+02,-3284.491
399,2024-08-15 21:00:00+02,-3284.491
400,2024-08-15 21:30:00+02,-3284.491
401,2024-08-15 22:00:00+02,-3284.6167
402,2024-08-15 22:30:00+02,-3284.491
403,2024-08-15 23:00:00+02,-3284.491
404,2024-08-15 23:30:00+02,-3284.491
405,2024-08-16 00:00:00+02,-3284.5413
406,2024-08-16 00:30:00+02,-3284.4153
407,2024-08-16 01:00:00+02,-3284.5161
408,2024-08-16 01:30:00+02,-3284.5664
409,2024-08-16 02:00:00+02,-3284.3147
410,2024-08-16 02:30:00+02,-3284.4407
411,2024-08-16 03:00:00+02,-3284.5413
412,2024-08-16 03:30:00+02,-3284.3901
413,2024-08-16 04:00:00+02,-3284.365
414,2024-08-16 04:30:00+02,-3284.5413
415,2024-08-16 05:00:00+02,-3284.4407
416,2024-08-16 05:30:00+02,-3284.3901
417,2024-08-16 06:00:00+02,-3284.365
418,2024-08-16 06:30:00+02,-3284.4407
419,2024-08-16 07:00:00+02,-3284.1887
420,2024-08-16 07:30:00+02,-3284.491
421,2024-08-16 08:00:00+02,-3284.3901
422,2024-08-16 08:30:00+02,-3284.491
423,2024-08-16 09:00:00+02,-3284.6421
424,2024-08-16 09:30:00+02,-3284.1887
425,2024-08-16 10:00:00+02,-3284.2393
426,2024-08-16 10:30:00+02,-3284.5413
427,2024-08-16 11:00:00+02,-3284.4658
428,2024-08-16 11:30:00+02,-3284.3398
429,2024-08-16 12:00:00+02,-3284.2896
430,2024-08-16 12:30:00+02,-3284.5413
431,2024-08-16 13:00:00+02,-3284.4153
432,2024-08-16 13:30:00+02,-3284.2139
433,2024-08-16 14:00:00+02,-3284.4153
434,2024-08-16 14:30:00+02,-3284.2139
435,2024-08-16 15:00:00+02,-3284.0378
436,2024-08-16 15:30:00+02,-3284.5916
437,2024-08-16 16:00:00+02,-3284.6167
438,2024-08-16 16:30:00+02,-3284.2644
439,2024-08-16 17:00:00+02,-3284.1887
440,2024-08-16 17:30:00+02,-3284.3147
441,2024-08-16 18:00:00+02,-3284.2139
442,2024-08-16 18:30:00+02,-3284.4407
443,2024-08-16 19:00:00+02,-3284.491
444,2024-08-16 19:30:00+02,-3284.4658
445,2024-08-16 20:00:00+02,-3284.2393
446,2024-08-16 20:30:00+02,-3284.4658
447,2024-08-16 21:00:00+02,-3284.3398
448,2024-08-16 21:30:00+02,-3284.365
449,2024-08-16 22:00:00+02,-3284.6167
450,2024-08-16 22:30:00+02,-3284.365
451,2024-08-16 23:00:00+02,-3284.2896
452,2024-08-16 23:30:00+02,-3284.5664
453,2024-08-17 00:00:00+02,-3284.5413
454,2024-08-17 00:30:00+02,-3284.5161
455,2024-08-17 01:00:00+02,-3284.6421
456,2024-08-17 01:30:00+02,-3284.6421
457,2024-08-17 02:00:00+02,-3284.2644
458,2024-08-17 02:30:00+02,-3284.5664
459,2024-08-17 03:00:00+02,-3284.1384
460,2024-08-17 03:30:00+02,-3284.4407
461,2024-08-17 04:00:00+02,-3284.4407
462,2024-08-17 04:30:00+02,-3284.3147
463,2024-08-17 05:00:00+02,-3284.5161
464,2024-08-17 05:30:00+02,-3284.2393
465,2024-08-17 06:00:00+02,-3284.3901
466,2024-08-17 06:30:00+02,-3284.2139
467,2024-08-17 07:00:00+02,-3284.1636
468,2024-08-17 07:30:00+02,-3284.6167
469,2024-08-17 08:00:00+02,-3284.3147
470,2024-08-17 08:30:00+02,-3284.6672
471,2024-08-17 09:00:00+02,-3284.4407
472,2024-08-17 09:30:00+02,-3284.1133
473,2024-08-17 10:00:00+02,-3284.5664
474,2024-08-17 10:30:00+02,-3284.365
475,2024-08-17 11:00:00+02,-3284.2896
476,2024-08-17 11:30:00+02,-3284.3901
477,2024-08-17 12:00:00+02,-3284.3147
478,2024-08-17 12:30:00+02,-3284.5413
479,2024-08-17 13:00:00+02,-3284.1887
480,2024-08-17 13:30:00+02,-3284.3147
481,2024-08-17 14:00:00+02,-3284.2644
482,2024-08-17 14:30:00+02,-3284.2644
483,2024-08-17 15:00:00+02,-3284.1887
484,2024-08-17 15:30:00+02,-3284.2644
485,2024-08-17 16:00:00+02,-3284.2644
486,2024-08-17 16:30:00+02,-3284.5916
487,2024-08-17 17:00:00+02,-3284.5916
488,2024-08-17 17:30:00+02,-3284.2393
489,2024-08-17 18:00:00+02,-3284.3398
490,2024-08-17 18:30:00+02,-3284.1384
491,2024-08-17 19:00:00+02,-3284.1636
492,2024-08-17 19:30:00+02,-3284.5413
493,2024-08-17 20:00:00+02,-3284.1636
494,2024-08-17 20:30:00+02,-3284.2139
495,2024-08-17 21:00:00+02,-3284.6421
496,2024-08-17 21:30:00+02,-3284.5161
497,2024-08-17 22:00:00+02,-3284.5664
498,2024-08-17 22:30:00+02,-3284.2139
499,2024-08-17 23:00:00+02,-3284.2393
500,2024-08-17 23:30:00+02,-3284.2896
501,2024-08-18 00:00:00+02,-3284.2896
502,2024-08-18 00:30:00+02,-3284.4153
503,2024-08-18 01:00:00+02,-3284.2896
504,2024-08-18 01:30:00+02,-3284.1636
505,2024-08-18 02:00:00+02,-3284.3398
506,2024-08-18 02:30:00+02,-3284.491
507,2024-08-18 03:00:00+02,-3284.4658
508,2024-08-18 03:30:00+02,-3284.3147
509,2024-08-18 04:00:00+02,-3284.1384
510,2024-08-18 04:30:00+02,-3284.5664
511,2024-08-18 05:00:00+02,-3284.1887
512,2024-08-18 05:30:00+02,-3284.365
513,2024-08-18 06:00:00+02,-3284.2393
514,2024-08-18 06:30:00+02,-3284.5161
515,2024-08-18 07:00:00+02,-3284.2644
516,2024-08-18 07:30:00+02,-3284.2393
517,2024-08-18 08:00:00+02,-3284.0881
518,2024-08-18 08:30:00+02,-3284.5161
519,2024-08-18 09:00:00+02,-3284.2393
520,2024-08-18 09:30:00+02,-3284.5664
521,2024-08-18 10:00:00+02,-3284.5916
522,2024-08-18 10:30:00+02,-3284.4153
523,2024-08-18 11:00:00+02,-3284.3398
524,2024-08-18 11:30:00+02,-3284.1636
525,2024-08-18 12:00:00+02,-3284.2139
526,2024-08-18 12:30:00+02,-3284.3147
527,2024-08-18 13:00:00+02,-3284.2139
528,2024-08-18 13:30:00+02,-3284.2644
529,2024-08-18 14:00:00+02,-3284.2644
530,2024-08-18 14:30:00+02,-3284.5161
531,2024-08-18 15:00:00+02,-3284.3901
532,2024-08-18 15:30:00+02,-3284.5161
533,2024-08-18 16:00:00+02,-3284.491
534,2024-08-18 16:30:00+02,-3284.2644
535,2024-08-18 17:00:00+02,-3284.2139
536,2024-08-18 17:30:00+02,-3284.1384
537,2024-08-18 18:00:00+02,-3284.1887
538,2024-08-18 18:30:00+02,-3284.6167
539,2024-08-18 19:00:00+02,-3284.4658
540,2024-08-18 19:30:00+02,-3284.1887
541,2024-08-18 20:00:00+02,-3284.1887
542,2024-08-18 20:30:00+02,-3284.491
543,2024-08-18 21:00:00+02,-3284.1636
544,2024-08-18 21:30:00+02,-3284.6421
545,2024-08-18 22:00:00+02,-3284.5161
546,2024-08-18 22:30:00+02,-3284.4407
547,2024-08-18 23:00:00+02,-3284.3398
548,2024-08-18 23:30:00+02,-3284.4407
549,2024-08-19 00:00:00+02,-3284.1384
550,2024-08-19 00:30:00+02,-3284.3398
551,2024-08-19 01:00:00+02,-3284.2139
552,2024-08-19 01:30:00+02,-3284.3901
553,2024-08-19 02:00:00+02,-3284.2896
554,2024-08-19 02:30:00+02,-3284.2644
555,2024-08-19 03:00:00+02,-3284.365
556,2024-08-19 03:30:00+02,-3284.1887
557,2024-08-19 04:00:00+02,-3284.2393
558,2024-08-19 04:30:00+02,-3284.2644
559,2024-08-19 05:00:00+02,-3284.4658
560,2024-08-19 05:30:00+02,-3284.2896
561,2024-08-19 06:00:00+02,-3284.1887
562,2024-08-19 06:30:00+02,-3284.1887
563,2024-08-19 07:00:00+02,-3284.6421
564,2024-08-19 07:30:00+02,-3284.2393
565,2024-08-19 08:00:00+02,-3284.491
566,2024-08-19 08:30:00+02,-3284.2393
567,2024-08-19 09:00:00+02,-3284.1887
568,2024-08-19 09:30:00+02,-3284.3398
569,2024-08-19 10:00:00+02,-3284.365
570,2024-08-19 10:30:00+02,-3284.5413
571,2024-08-19 11:00:00+02,-3284.491
572,2024-08-19 11:30:00+02,-3284.4153
573,2024-08-19 12:00:00+02,-3284.1384
574,2024-08-19 12:30:00+02,-3284.2139
575,2024-08-19 13:00:00+02,-3284.2644
576,2024-08-19 13:30:00+02,-3284.1636
577,2024-08-19 14:00:00+02,-3284.5916
578,2024-08-19 14:30:00+02,-3284.2896
579,2024-08-19 15:00:00+02,-3284.1384
580,2024-08-19 15:30:00+02,-3284.5916
581,2024-08-19 16:00:00+02,-3284.5916
582,2024-08-19 16:30:00+02,-3284.3398
583,2024-08-19 17:00:00+02,-3284.4658
584,2024-08-19 17:30:00+02,-3284.0881
585,2024-08-19 18:00:00+02,-3284.1887
586,2024-08-19 18:30:00+02,-3284.4407
587,2024-08-19 19:00:00+02,-3284.3147
588,2024-08-19 19:30:00+02,-3284.3398
589,2024-08-19 20:00:00+02,-3284.5161
590,2024-08-19 20:30:00+02,-3284.5413
591,2024-08-19 21:00:00+02,-3284.2896
592,2024-08-19 21:30:00+02,-3284.4658
593,2024-08-19 22:00:00+02,-3284.2139
594,2024-08-19 22:30:00+02,-3284.5413
595,2024-08-19 23:00:00+02,-3284.7175
596,2024-08-19 23:30:00+02,-3284.1384
597,2024-08-20 00:00:00+02,-3284.4153
598,2024-08-20 00:30:00+02,-3284.2139
599,2024-08-20 01:00:00+02,-3284.365
600,2024-08-20 01:30:00+02,-3284.6421
601,2024-08-20 02:00:00+02,-3284.1636
602,2024-08-20 02:30:00+02,-3284.6167
603,2024-08-20 03:00:00+02,-3284.1636
604,2024-08-20 03:30:00+02,-3284.5413
605,2024-08-20 04:00:00+02,-3284.3147
606,2024-08-20 04:30:00+02,-3284.2644
607,2024-08-20 05:00:00+02,-3284.063
608,2024-08-20 05:30:00+02,-3284.1133
609,2024-08-20 06:00:00+02,-3284.3398
610,2024-08-20 06:30:00+02,-3284.491
611,2024-08-20 07:00:00+02,-3284.3398
612,2024-08-20 07:30:00+02,-3284.2644
613,2024-08-20 08:00:00+02,-3284.491
614,2024-08-20 08:30:00+02,-3284.365
615,2024-08-20 09:00:00+02,-3284.2139
616,2024-08-20 09:30:00+02,-3284.2139
617,2024-08-20 10:00:00+02,-3283.8616
618,2024-08-20 10:30:00+02,-3284.2644
619,2024-08-20 11:00:00+02,-3284.491
620,2024-08-20 11:30:00+02,-3284.5161
621,2024-08-20 12:00:00+02,-3284.4407
622,2024-08-20 12:30:00+02,-3284.2393
623,2024-08-20 13:00:00+02,-3284.3901
624,2024-08-20 13:30:00+02,-3284.1636
625,2024-08-20 14:00:00+02,-3284.4407
626,2024-08-20 14:30:00+02,-3284.1384
627,2024-08-20 15:00:00+02,-3284.4153
628,2024-08-20 15:30:00+02,-3284.2896
629,2024-08-20 16:00:00+02,-3284.3901
630,2024-08-20 16:30:00+02,-3284.4153
631,2024-08-20 17:00:00+02,-3284.365
632,2024-08-20 17:30:00+02,-3284.2139
633,2024-08-20 18:00:00+02,-3284.4153
634,2024-08-20 18:30:00+02,-3284.1887
635,2024-08-20 19:00:00+02,-3284.1636
636,2024-08-20 19:30:00+02,-3284.2139
637,2024-08-20 20:00:00+02,-3284.2644
638,2024-08-20 20:30:00+02,-3284.5161
639,2024-08-20 21:00:00+02,-3284.4658
640,2024-08-20 21:30:00+02,-3284.491
641,2024-08-20 22:00:00+02,-3284.5916
642,2024-08-20 22:30:00+02,-3284.2896
643,2024-08-20 23:00:00+02,-3284.491
644,2024-08-20 23:30:00+02,-3284.2393
645,2024-08-21 00:00:00+02,-3284.2644
646,2024-08-21 00:30:00+02,-3284.4407
647,2024-08-21 01:00:00+02,-3284.4153
648,2024-08-21 01:30:00+02,-3284.3398
649,2024-08-21 02:00:00+02,-3284.3147
650,2024-08-21 02:30:00+02,-3284.3398
651,2024-08-21 03:00:00+02,-3284.4153
652,2024-08-21 03:30:00+02,-3284.3147
653,2024-08-21 04:00:00+02,-3284.4658
654,2024-08-21 04:30:00+02,-3284.2139
655,2024-08-21 05:00:00+02,-3284.4658
656,2024-08-21 05:30:00+02,-3284.2644
657,2024-08-21 06:00:00+02,-3284.063
658,2024-08-21 06:30:00+02,-3284.4407
659,2024-08-21 07:00:00+02,-3284.2896
660,2024-08-21 07:30:00+02,-3284.4153
661,2024-08-21 08:00:00+02,-3284.1887
662,2024-08-21 08:30:00+02,-3284.4153
663,2024-08-21 09:00:00+02,-3284.3398
664,2024-08-21 09:30:00+02,-3284.5413
665,2024-08-21 10:00:00+02,-3284.2393
666,2024-08-21 10:30:00+02,-3284.5161
667,2024-08-21 11:00:00+02,-3284.6672
668,2024-08-21 11:30:00+02,-3284.2139
669,2024-08-21 12:00:00+02,-3284.4658
670,2024-08-21 12:30:00+02,-3283.9873
671,2024-08-21 13:00:00+02,-3284.5161
672,2024-08-21 13:30:00+02,-3284.2139
673,2024-08-21 14:00:00+02,-3284.2393
674,2024-08-21 14:30:00+02,-3283.9622
675,2024-08-21 15:00:00+02,-3284.2896
676,2024-08-21 15:30:00+02,-3284.3147
677,2024-08-21 16:00:00+02,-3284.5916
678,2024-08-21 16:30:00+02,-3284.5161
679,2024-08-21 17:00:00+02,-3284.2393
680,2024-08-21 17:30:00+02,-3284.5413
681,2024-08-21 18:00:00+02,-3284.0881
682,2024-08-21 18:30:00+02,-3284.3398
683,2024-08-21 19:00:00+02,-3284.491
684,2024-08-21 19:30:00+02,-3284.3901
685,2024-08-21 20:00:00+02,-3284.2139
686,2024-08-21 20:30:00+02,-3284.365
687,2024-08-21 21:00:00+02,-3284.3901
688,2024-08-21 21:30:00+02,-3284.1887
689,2024-08-21 22:00:00+02,-3284.1887
690,2024-08-21 22:30:00+02,-3284.3901
691,2024-08-21 23:00:00+02,-3284.365
692,2024-08-21 23:30:00+02,-3284.5916
693,2024-08-22 00:00:00+02,-3284.491
694,2024-08-22 00:30:00+02,-3284.4407
695,2024-08-22 01:00:00+02,-3284.5916
696,2024-08-22 01:30:00+02,-3284.3147
697,2024-08-22 02:00:00+02,-3284.2393
698,2024-08-22 02:30:00+02,-3284.3147
699,2024-08-22 03:00:00+02,-3284.4658
700,2024-08-22 03:30:00+02,-3284.5664
701,2024-08-22 04:00:00+02,-3284.5413
702,2024-08-22 04:30:00+02,-3284.7678
703,2024-08-22 05:00:00+02,-3284.3147
704,2024-08-22 05:30:00+02,-3284.365
705,2024-08-22 06:00:00+02,-3284.1636
706,2024-08-22 06:30:00+02,-3284.2644
707,2024-08-22 07:00:00+02,-3284.5413
708,2024-08-22 07:30:00+02,-3284.5413
709,2024-08-22 08:00:00+02,-3284.2644
710,2024-08-22 08:30:00+02,-3284.5413
711,2024-08-22 09:00:00+02,-3284.491
712,2024-08-22 09:30:00+02,-3284.4407
713,2024-08-22 10:00:00+02,-3284.491
714,2024-08-22 10:30:00+02,-3284.2139
715,2024-08-22 11:00:00+02,-3284.3147
716,2024-08-22 11:30:00+02,-3284.2393
717,2024-08-22 12:00:00+02,-3284.1384
718,2024-08-22 12:30:00+02,-3284.4407
719,2024-08-22 13:00:00+02,-3284.3901
720,2024-08-22 13:30:00+02,-3284.3147
721,2024-08-22 14:00:00+02,-3284.1636
722,2024-08-22 14:30:00+02,-3284.6672
723,2024-08-22 15:00:00+02,-3284.2896
724,2024-08-22 15:30:00+02,-3284.4153
725,2024-08-22 16:00:00+02,-3284.2139
726,2024-08-22 16:30:00+02,-3284.4407
727,2024-08-22 17:00:00+02,-3284.5916
728,2024-08-22 17:30:00+02,-3284.1887
729,2024-08-22 18:30:00+02,-3284.2644
730,2024-08-22 19:00:00+02,-3284.3398
731,2024-08-22 19:30:00+02,-3284.2393
732,2024-08-22 20:00:00+02,-3284.1384
733,2024-08-22 20:30:00+02,-3284.2896
734,2024-08-22 21:00:00+02,-3284.5161
735,2024-08-22 21:30:00+02,-3284.2393
736,2024-08-22 22:00:00+02,-3284.1636
737,2024-08-22 22:30:00+02,-3284.3901
738,2024-08-22 23:00:00+02,-3284.1887
739,2024-08-22 23:30:00+02,-3284.1384
740,2024-08-23 00:00:00+02,-3284.4153
741,2024-08-23 00:30:00+02,-3284.2393
742,2024-08-23 01:00:00+02,-3284.1384
743,2024-08-23 01:30:00+02,-3284.2896
744,2024-08-23 02:00:00+02,-3284.365
745,2024-08-23 02:30:00+02,-3284.2644
746,2024-08-23 03:00:00+02,-3284.1384
747,2024-08-23 03:30:00+02,-3284.3901
748,2024-08-23 04:00:00+02,-3284.2644
749,2024-08-23 04:30:00+02,-3284.3901
750,2024-08-23 05:00:00+02,-3284.2644
751,2024-08-23 05:30:00+02,-3284.3147
752,2024-08-23 06:00:00+02,-3284.3901
753,2024-08-23 06:30:00+02,-3284.491
754,2024-08-23 07:00:00+02,-3284.3901
755,2024-08-23 07:30:00+02,-3284.2393
756,2024-08-23 08:00:00+02,-3284.1636
757,2024-08-23 08:30:00+02,-3284.1636
758,2024-08-23 09:00:00+02,-3284.1384
759,2024-08-23 09:30:00+02,-3284.1636
760,2024-08-23 10:00:00+02,-3284.2139
761,2024-08-23 10:30:00+02,-3284.1384
762,2024-08-23 11:00:00+02,-3284.3398
763,2024-08-23 11:30:00+02,-3284.491
764,2024-08-23 12:00:00+02,-3284.2896
765,2024-08-23 12:30:00+02,-3284.365
766,2024-08-23 13:00:00+02,-3284.5664
767,2024-08-23 13:30:00+02,-3284.1384
768,2024-08-23 14:00:00+02,-3284.2393
769,2024-08-23 14:30:00+02,-3284.0881
770,2024-08-23 15:00:00+02,-3284.3147
771,2024-08-23 15:30:00+02,-3284.2644
772,2024-08-23 16:00:00+02,-3284.4153
773,2024-08-23 16:30:00+02,-3284.4658
774,2024-08-23 17:00:00+02,-3284.3901
775,2024-08-23 17:30:00+02,-3284.1384
776,2024-08-23 18:00:00+02,-3284.2644
777,2024-08-23 18:30:00+02,-3284.491
778,2024-08-23 19:00:00+02,-3284.3398
779,2024-08-23 19:30:00+02,-3284.491
780,2024-08-23 20:00:00+02,-3284.5161
781,2024-08-23 20:30:00+02,-3284.2896
782,2024-08-23 21:00:00+02,-3284.5161
783,2024-08-23 21:30:00+02,-3284.491
784,2024-08-23 22:00:00+02,-3284.1887
785,2024-08-23 22:30:00+02,-3284.365
786,2024-08-23 23:00:00+02,-3284.5413
787,2024-08-23 23:30:00+02,-3284.5664
788,2024-08-24 00:00:00+02,-3284.4658
789,2024-08-24 00:30:00+02,-3284.6924
790,2024-08-24 01:00:00+02,-3284.5413
791,2024-08-24 01:30:00+02,-3284.3901
792,2024-08-24 02:00:00+02,-3284.365
793,2024-08-24 02:30:00+02,-3284.5664
794,2024-08-24 03:00:00+02,-3284.4407
795,2024-08-24 03:30:00+02,-3284.4407
796,2024-08-24 04:00:00+02,-3284.365
797,2024-08-24 04:30:00+02,-3284.2644
798,2024-08-24 05:00:00+02,-3284.2139
799,2024-08-24 05:30:00+02,-3284.5664
800,2024-08-24 06:00:00+02,-3284.3901
801,2024-08-24 06:30:00+02,-3284.2896
802,2024-08-24 07:00:00+02,-3284.4658
803,2024-08-24 07:30:00+02,-3284.3398
804,2024-08-24 08:00:00+02,-3284.063
805,2024-08-24 08:30:00+02,-3284.1636
806,2024-08-24 09:00:00+02,-3284.2393
807,2024-08-24 09:30:00+02,-3284.3147
808,2024-08-24 10:00:00+02,-3284.5664
809,2024-08-24 10:30:00+02,-3284.2139
810,2024-08-24 11:00:00+02,-3284.2393
811,2024-08-24 11:30:00+02,-3284.2644
812,2024-08-24 12:00:00+02,-3284.2644
813,2024-08-24 12:30:00+02,-3284.491
814,2024-08-24 13:00:00+02,-3284.2896
815,2024-08-24 13:30:00+02,-3284.4658
816,2024-08-24 14:00:00+02,-3284.4407
817,2024-08-24 14:30:00+02,-3284.3901
818,2024-08-24 15:00:00+02,-3284.2393
819,2024-08-24 15:30:00+02,-3284.4153
820,2024-08-24 16:00:00+02,-3284.3398
821,2024-08-24 16:30:00+02,-3284.4153
822,2024-08-24 17:00:00+02,-3284.491
823,2024-08-24 17:30:00+02,-3284.6167
824,2024-08-24 18:00:00+02,-3284.491
825,2024-08-24 18:30:00+02,-3284.2393
826,2024-08-24 19:00:00+02,-3284.5413
827,2024-08-24 19:30:00+02,-3284.1636
828,2024-08-24 20:00:00+02,-3284.2896
829,2024-08-24 20:30:00+02,-3284.2393
830,2024-08-24 21:00:00+02,-3284.063
831,2024-08-24 21:30:00+02,-3284.3147
832,2024-08-24 22:00:00+02,-3284.3901
833,2024-08-24 22:30:00+02,-3284.2139
834,2024-08-24 23:00:00+02,-3284.3901
835,2024-08-24 23:30:00+02,-3284.1887
836,2024-08-25 00:00:00+02,-3284.3398
837,2024-08-25 00:30:00+02,-3284.5916
838,2024-08-25 01:00:00+02,-3284.5664
839,2024-08-25 01:30:00+02,-3284.2644
840,2024-08-25 02:00:00+02,-3284.4658
841,2024-08-25 02:30:00+02,-3284.1636
842,2024-08-25 03:00:00+02,-3284.491
843,2024-08-25 03:30:00+02,-3284.1636
844,2024-08-25 04:00:00+02,-3284.4407
845,2024-08-25 04:30:00+02,-3284.7678
846,2024-08-25 05:00:00+02,-3284.5161
847,2024-08-25 05:30:00+02,-3284.4153
848,2024-08-25 06:00:00+02,-3284.4658
849,2024-08-25 06:30:00+02,-3284.1384
850,2024-08-25 07:00:00+02,-3284.0378
851,2024-08-25 07:30:00+02,-3284.0378
852,2024-08-25 08:00:00+02,-3284.4658
853,2024-08-25 08:30:00+02,-3284.491
854,2024-08-25 09:00:00+02,-3284.1384
855,2024-08-25 09:30:00+02,-3284.0125
856,2024-08-25 10:00:00+02,-3284.5664
857,2024-08-25 10:30:00+02,-3284.365
858,2024-08-25 11:00:00+02,-3284.4153
859,2024-08-25 11:30:00+02,-3284.2139
860,2024-08-25 12:00:00+02,-3284.063
861,2024-08-25 12:30:00+02,-3284.2896
862,2024-08-25 13:00:00+02,-3284.063
863,2024-08-25 13:30:00+02,-3284.2393
864,2024-08-25 14:00:00+02,-3284.2644
865,2024-08-25 14:30:00+02,-3284.4153
866,2024-08-25 15:00:00+02,-3284.3901
867,2024-08-25 15:30:00+02,-3284.2896
868,2024-08-25 16:00:00+02,-3284.491
869,2024-08-25 16:30:00+02,-3284.1636
870,2024-08-25 17:00:00+02,-3284.1384
871,2024-08-25 17:30:00+02,-3284.2393
872,2024-08-25 18:00:00+02,-3284.1636
873,2024-08-25 18:30:00+02,-3284.3398
874,2024-08-25 19:00:00+02,-3284.063
875,2024-08-25 19:30:00+02,-3284.365
876,2024-08-25 20:00:00+02,-3284.2139
877,2024-08-25 20:30:00+02,-3284.3398
878,2024-08-25 21:00:00+02,-3284.365
879,2024-08-25 21:30:00+02,-3284.1636
880,2024-08-25 22:00:00+02,-3284.365
881,2024-08-25 22:30:00+02,-3284.2896
882,2024-08-25 23:00:00+02,-3284.2393
883,2024-08-25 23:30:00+02,-3284.3901
884,2024-08-26 00:00:00+02,-3284.1636
885,2024-08-26 00:30:00+02,-3284.3398
886,2024-08-26 01:00:00+02,-3284.1133
887,2024-08-26 01:30:00+02,-3284.2393
888,2024-08-26 02:00:00+02,-3284.4658
889,2024-08-26 02:30:00+02,-3284.2139
890,2024-08-26 03:00:00+02,-3284.2644
891,2024-08-26 03:30:00+02,-3284.3398
892,2024-08-26 04:00:00+02,-3284.5413
893,2024-08-26 04:30:00+02,-3284.4153
894,2024-08-26 05:00:00+02,-3284.3901
895,2024-08-26 05:30:00+02,-3284.2139
896,2024-08-26 06:00:00+02,-3284.1887
897,2024-08-26 06:30:00+02,-3284.2393
898,2024-08-26 07:00:00+02,-3284.5916
899,2024-08-26 07:30:00+02,-3284.5161
900,2024-08-26 08:00:00+02,-3284.4153
901,2024-08-26 08:30:00+02,-3284.1636
902,2024-08-26 09:00:00+02,-3284.063
903,2024-08-26 09:30:00+02,-3284.1133
904,2024-08-26 10:00:00+02,-3284.491
905,2024-08-26 10:30:00+02,-3284.2896
906,2024-08-26 11:00:00+02,-3284.2139
907,2024-08-26 11:30:00+02,-3284.491
908,2024-08-26 12:00:00+02,-3284.4407
909,2024-08-26 12:30:00+02,-3284.4153
910,2024-08-26 13:00:00+02,-3284.1887
911,2024-08-26 13:30:00+02,-3284.3901
912,2024-08-26 14:00:00+02,-3284.3398
913,2024-08-26 14:30:00+02,-3284.2139
914,2024-08-26 15:00:00+02,-3284.3147
915,2024-08-26 15:30:00+02,-3284.2644
916,2024-08-26 16:00:00+02,-3284.4153
917,2024-08-26 16:30:00+02,-3284.365
918,2024-08-26 17:00:00+02,-3284.4658
919,2024-08-26 17:30:00+02,-3284.2393
920,2024-08-26 18:00:00+02,-3284.4658
921,2024-08-26 18:30:00+02,-3284.5161
922,2024-08-26 19:00:00+02,-3284.4407
923,2024-08-26 19:30:00+02,-3284.1636
924,2024-08-26 20:00:00+02,-3284.4153
925,2024-08-26 20:30:00+02,-3284.5664
926,2024-08-26 21:00:00+02,-3284.1887
927,2024-08-26 21:30:00+02,-3284.3398
928,2024-08-26 22:00:00+02,-3284.4658
929,2024-08-26 22:30:00+02,-3284.4407
930,2024-08-26 23:00:00+02,-3284.1887
931,2024-08-26 23:30:00+02,-3284.4407
932,2024-08-27 00:00:00+02,-3284.1636
933,2024-08-27 00:30:00+02,-3284.6421
934,2024-08-27 01:00:00+02,-3284.491
935,2024-08-27 01:30:00+02,-3284.2393
936,2024-08-27 02:00:00+02,-3284.1636
937,2024-08-27 02:30:00+02,-3284.1133
938,2024-08-27 03:00:00+02,-3284.4658
939,2024-08-27 03:30:00+02,-3284.5161
940,2024-08-27 04:00:00+02,-3284.5664
941,2024-08-27 04:30:00+02,-3284.6167
942,2024-08-27 05:00:00+02,-3284.5916
943,2024-08-27 05:30:00+02,-3284.3901
944,2024-08-27 06:00:00+02,-3284.2644
945,2024-08-27 06:30:00+02,-3284.491
946,2024-08-27 07:00:00+02,-3284.5413
947,2024-08-27 07:30:00+02,-3284.5161
948,2024-08-27 08:00:00+02,-3284.491
949,2024-08-27 08:30:00+02,-3284.5413
950,2024-08-27 09:00:00+02,-3284.365
951,2024-08-27 09:30:00+02,-3284.2896
952,2024-08-27 10:00:00+02,-3284.491
953,2024-08-27 10:30:00+02,-3284.1384
954,2024-08-27 11:00:00+02,-3284.1133
955,2024-08-27 11:30:00+02,-3284.2393
956,2024-08-27 12:00:00+02,-3284.2139
957,2024-08-27 12:30:00+02,-3284.1636
958,2024-08-27 13:00:00+02,-3284.2896
959,2024-08-27 13:30:00+02,-3284.1384
960,2024-08-27 14:00:00+02,-3284.1636
961,2024-08-27 14:30:00+02,-3284.2644
962,2024-08-27 15:00:00+02,-3284.2393
963,2024-08-27 15:30:00+02,-3284.5916
964,2024-08-27 16:00:00+02,-3284.5664
965,2024-08-27 16:30:00+02,-3284.1887
966,2024-08-27 17:00:00+02,-3284.6167
967,2024-08-27 17:30:00+02,-3284.4407
968,2024-08-27 18:00:00+02,-3284.5161
969,2024-08-27 18:30:00+02,-3284.2644
970,2024-08-27 19:00:00+02,-3284.1384
971,2024-08-27 19:30:00+02,-3284.5664
972,2024-08-27 20:00:00+02,-3284.4407
973,2024-08-27 20:30:00+02,-3284.3398
974,2024-08-27 21:00:00+02,-3284.4658
975,2024-08-27 21:30:00+02,-3284.365
976,2024-08-27 22:00:00+02,-3284.3398
977,2024-08-27 22:30:00+02,-3284.5161
978,2024-08-27 23:00:00+02,-3284.365
979,2024-08-27 23:30:00+02,-3284.365
980,2024-08-28 00:00:00+02,-3284.3398
981,2024-08-28 00:30:00+02,-3284.2896
982,2024-08-28 01:00:00+02,-3284.1133
983,2024-08-28 01:30:00+02,-3284.2896
984,2024-08-28 02:00:00+02,-3284.4407
985,2024-08-28 02:30:00+02,-3284.4153
986,2024-08-28 03:00:00+02,-3284.4658
987,2024-08-28 03:30:00+02,-3284.2644
988,2024-08-28 04:00:00+02,-3284.2644
989,2024-08-28 04:30:00+02,-3284.491
990,2024-08-28 05:00:00+02,-3284.2644
991,2024-08-28 05:30:00+02,-3284.365
992,2024-08-28 06:00:00+02,-3284.1887
993,2024-08-28 06:30:00+02,-3284.7427
994,2024-08-28 07:00:00+02,-3284.5161
995,2024-08-28 07:30:00+02,-3284.3147
996,2024-08-28 08:00:00+02,-3284.3147
997,2024-08-28 08:30:00+02,-3284.4407
998,2024-08-28 09:00:00+02,-3284.3901
999,2024-08-28 09:30:00+02,-3284.5161
1000,2024-08-28 10:00:00+02,-3284.3147
1001,2024-08-28 10:30:00+02,-3284.2393
1002,2024-08-28 11:00:00+02,-3284.2896
1003,2024-08-28 11:30:00+02,-3284.6167
1004,2024-08-28 12:00:00+02,-3284.2896
1005,2024-08-28 12:30:00+02,-3284.3901
1006,2024-08-28 13:00:00+02,-3284.365
1007,2024-08-28 13:30:00+02,-3284.1636
1008,2024-08-28 14:00:00+02,-3284.365
1009,2024-08-28 14:30:00+02,-3284.3901
1010,2024-08-28 15:00:00+02,-3284.1384
1011,2024-08-28 15:30:00+02,-3284.0378
1012,2024-08-28 16:00:00+02,-3284.1636
1013,2024-08-28 16:30:00+02,-3284.1887
1014,2024-08-28 17:00:00+02,-3284.491
1015,2024-08-28 17:30:00+02,-3284.491
1016,2024-08-28 18:00:00+02,-3284.5161
1017,2024-08-28 18:30:00+02,-3284.5161
1018,2024-08-28 19:00:00+02,-3284.4153
1019,2024-08-28 19:30:00+02,-3284.5664
1020,2024-08-28 20:00:00+02,-3284.5916
1021,2024-08-28 20:30:00+02,-3284.6421
1022,2024-08-28 21:00:00+02,-3284.2393
1023,2024-08-28 21:30:00+02,-3284.5664
1024,2024-08-28 22:00:00+02,-3284.4407
1025,2024-08-28 22:30:00+02,-3284.2139
1026,2024-08-28 23:00:00+02,-3284.4407
1027,2024-08-28 23:30:00+02,-3284.4407
1028,2024-08-29 00:00:00+02,-3284.1384
1029,2024-08-29 00:30:00+02,-3284.5413
1030,2024-08-29 01:00:00+02,-3284.2139
1031,2024-08-29 01:30:00+02,-3284.0881
1032,2024-08-29 02:00:00+02,-3284.4153
1033,2024-08-29 02:30:00+02,-3284.1133
1034,2024-08-29 03:00:00+02,-3284.4658
1035,2024-08-29 03:30:00+02,-3284.2393
1036,2024-08-29 04:00:00+02,-3284.1887
1037,2024-08-29 04:30:00+02,-3284.365
1038,2024-08-29 05:00:00+02,-3284.5664
1039,2024-08-29 05:30:00+02,-3284.6167
1040,2024-08-29 06:00:00+02,-3284.5664
1041,2024-08-29 06:30:00+02,-3284.3901
1042,2024-08-29 07:00:00+02,-3284.491
1043,2024-08-29 07:30:00+02,-3284.4407
1044,2024-08-29 08:00:00+02,-3284.3901
1045,2024-08-29 08:30:00+02,-3284.365
1046,2024-08-29 09:00:00+02,-3284.1133
1047,2024-08-29 09:30:00+02,-3284.6167
1048,2024-08-29 10:00:00+02,-3284.2139
1049,2024-08-29 10:30:00+02,-3284.063
1050,2024-08-29 11:00:00+02,-3284.491
1051,2024-08-29 11:30:00+02,-3284.1384
1052,2024-08-29 12:00:00+02,-3284.5161
1053,2024-08-29 12:30:00+02,-3284.365
1054,2024-08-29 13:00:00+02,-3284.1636
1055,2024-08-29 13:30:00+02,-3284.4658
1056,2024-08-29 14:00:00+02,-3284.4153
1057,2024-08-29 14:30:00+02,-3284.491
1058,2024-08-29 15:00:00+02,-3284.2644
1059,2024-08-29 15:30:00+02,-3284.4153
1060,2024-08-29 16:00:00+02,-3284.1384
1061,2024-08-29 16:30:00+02,-3284.4153
1062,2024-08-29 17:00:00+02,-3284.4658
1063,2024-08-29 17:30:00+02,-3284.2139
1064,2024-08-29 18:00:00+02,-3284.2896
1065,2024-08-29 18:30:00+02,-3284.3901
1066,2024-08-29 19:00:00+02,-3284.4407
1067,2024-08-29 19:30:00+02,-3284.6167
1068,2024-08-29 20:00:00+02,-3284.4153
1069,2024-08-29 20:30:00+02,-3284.2896
1070,2024-08-29 21:00:00+02,-3284.4153
1071,2024-08-29 21:30:00+02,-3284.4153
1072,2024-08-29 22:00:00+02,-3284.3147
1073,2024-08-29 22:30:00+02,-3284.3901
1074,2024-08-29 23:00:00+02,-3284.4658
1075,2024-08-29 23:30:00+02,-3284.4153
1076,2024-08-30 00:00:00+02,-3284.2139
1077,2024-08-30 00:30:00+02,-3284.5916
1078,2024-08-30 01:00:00+02,-3284.491
1079,2024-08-30 01:30:00+02,-3284.2896
1080,2024-08-30 02:00:00+02,-3284.1133
1081,2024-08-30 02:30:00+02,-3284.1133
1082,2024-08-30 03:00:00+02,-3284.5161
1083,2024-08-30 03:30:00+02,-3284.2896
1084,2024-08-30 04:00:00+02,-3284.1133
1085,2024-08-30 04:30:00+02,-3284.2644
1086,2024-08-30 05:00:00+02,-3284.3398
1087,2024-08-30 05:30:00+02,-3284.4153
1088,2024-08-30 06:00:00+02,-3284.1384
1089,2024-08-30 06:30:00+02,-3284.5161
1090,2024-08-30 07:00:00+02,-3284.1887
1091,2024-08-30 07:30:00+02,-3284.5664
1092,2024-08-30 08:00:00+02,-3284.6421
1093,2024-08-30 08:30:00+02,-3284.491
1094,2024-08-30 09:00:00+02,-3284.3147
1095,2024-08-30 09:30:00+02,-3284.4153
1096,2024-08-30 10:00:00+02,-3284.3398
1097,2024-08-30 10:30:00+02,-3284.063
1098,2024-08-30 11:00:00+02,-3284.2896
1099,2024-08-30 11:30:00+02,-3284.2393
1100,2024-08-30 12:00:00+02,-3284.3147
1101,2024-08-30 12:30:00+02,-3284.2139
1102,2024-08-30 13:00:00+02,-3284.1133
1103,2024-08-30 13:30:00+02,-3284.4153
1104,2024-08-30 14:00:00+02,-3284.2896
1105,2024-08-30 14:30:00+02,-3284.4407
1106,2024-08-30 15:00:00+02,-3284.3147
1107,2024-08-30 15:30:00+02,-3284.2393
1108,2024-08-30 16:00:00+02,-3284.6421
1109,2024-08-30 16:30:00+02,-3284.2393
1110,2024-08-30 17:00:00+02,-3284.491
1111,2024-08-30 17:30:00+02,-3284.5413
1112,2024-08-30 18:00:00+02,-3284.3398
1113,2024-08-30 18:30:00+02,-3284.2393
1114,2024-08-30 19:00:00+02,-3284.1887
1115,2024-08-30 19:30:00+02,-3284.6924
1116,2024-08-30 20:00:00+02,-3284.3901
1117,2024-08-30 20:30:00+02,-3284.5413
1118,2024-08-30 21:00:00+02,-3284.2896
1119,2024-08-30 21:30:00+02,-3284.0125
1120,2024-08-30 22:00:00+02,-3284.3147
1121,2024-08-30 22:30:00+02,-3284.3398
1122,2024-08-30 23:00:00+02,-3284.6167
1123,2024-08-30 23:30:00+02,-3284.0881
1124,2024-08-31 00:00:00+02,-3284.0881
1125,2024-08-31 00:30:00+02,-3284.2139
1126,2024-08-31 01:00:00+02,-3284.1636
1127,2024-08-31 01:30:00+02,-3284.491
1128,2024-08-31 02:00:00+02,-3284.3398
1129,2024-08-31 02:30:00+02,-3284.2393
1130,2024-08-31 03:00:00+02,-3284.1133
1131,2024-08-31 03:30:00+02,-3284.3901
1132,2024-08-31 04:00:00+02,-3284.1384
1133,2024-08-31 04:30:00+02,-3284.2393
1134,2024-08-31 05:00:00+02,-3284.3147
1135,2024-08-31 05:30:00+02,-3284.4153
1136,2024-08-31 06:00:00+02,-3284.2896
1137,2024-08-31 06:30:00+02,-3284.3398
1138,2024-08-31 07:00:00+02,-3284.4407
1139,2024-08-31 07:30:00+02,-3284.1384
1140,2024-08-31 08:00:00+02,-3284.4658
1141,2024-08-31 08:30:00+02,-3284.5413
1142,2024-08-31 09:00:00+02,-3284.2393
1143,2024-08-31 09:30:00+02,-3284.4407
1144,2024-08-31 10:00:00+02,-3284.2393
1145,2024-08-31 10:30:00+02,-3284.1133
1146,2024-08-31 11:00:00+02,-3284.0881
1147,2024-08-31 11:30:00+02,-3284.4407
1148,2024-08-31 12:00:00+02,-3284.063
1149,2024-08-31 12:30:00+02,-3284.2896
1150,2024-08-31 13:00:00+02,-3284.5161
1151,2024-08-31 13:30:00+02,-3284.2139
1152,2024-08-31 14:00:00+02,-3284.3147
1153,2024-08-31 14:30:00+02,-3284.5161
1154,2024-08-31 15:00:00+02,-3284.4153
1155,2024-08-31 15:30:00+02,-3284.1887
1156,2024-08-31 16:00:00+02,-3284.2393
1157,2024-08-31 16:30:00+02,-3284.491
1158,2024-08-31 17:00:00+02,-3284.2393
1159,2024-08-31 17:30:00+02,-3284.2393
1160,2024-08-31 18:00:00+02,-3284.4153
1161,2024-08-31 18:30:00+02,-3284.1887
1162,2024-08-31 19:00:00+02,-3284.4407
1163,2024-08-31 19:30:00+02,-3284.1384
1164,2024-08-31 20:00:00+02,-3284.491
1165,2024-08-31 20:30:00+02,-3284.5664
1166,2024-08-31 21:00:00+02,-3284.3147
1167,2024-08-31 21:30:00+02,-3284.5413
1168,2024-08-31 22:00:00+02,-3284.3398
1169,2024-08-31 22:30:00+02,-3284.2896
1170,2024-08-31 23:00:00+02,-3284.2644
1171,2024-08-31 23:30:00+02,-3284.491
1172,2024-09-01 00:00:00+02,-3284.4407
1173,2024-09-01 00:30:00+02,-3284.1887
1174,2024-09-01 01:00:00+02,-3284.0881
1175,2024-09-01 01:30:00+02,-3284.2896
1176,2024-09-01 02:00:00+02,-3284.1384
1177,2024-09-01 02:30:00+02,-3284.365
1178,2024-09-01 03:00:00+02,-3284.2393
1179,2024-09-01 03:30:00+02,-3284.2139
1180,2024-09-01 04:00:00+02,-3284.1636
1181,2024-09-01 04:30:00+02,-3284.2644
1182,2024-09-01 05:00:00+02,-3284.0378
1183,2024-09-01 05:30:00+02,-3284.2139
1184,2024-09-01 06:00:00+02,-3284.2393
1185,2024-09-01 06:30:00+02,-3284.1636
1186,2024-09-01 07:00:00+02,-3284.1887
1187,2024-09-01 07:30:00+02,-3284.1887
1188,2024-09-01 08:00:00+02,-3284.4407
1189,2024-09-01 08:30:00+02,-3284.0881
1190,2024-09-01 09:00:00+02,-3284.3398
1191,2024-09-01 09:30:00+02,-3284.4153
1192,2024-09-01 10:00:00+02,-3284.5664
1193,2024-09-01 10:30:00+02,-3284.1887
1194,2024-09-01 11:00:00+02,-3284.1636
1195,2024-09-01 11:30:00+02,-3284.2896
1196,2024-09-01 12:00:00+02,-3284.2393
1197,2024-09-01 13:30:00+02,-3284.4658
1198,2024-09-01 14:00:00+02,-3284.4407
1199,2024-09-01 14:30:00+02,-3284.2644
1200,2024-09-01 15:00:00+02,-3284.1887
1201,2024-09-01 15:30:00+02,-3284.4153
1202,2024-09-01 16:00:00+02,-3284.5161
1203,2024-09-01 16:30:00+02,-3284.1133
1204,2024-09-01 17:00:00+02,-3284.491
1205,2024-09-01 17:30:00+02,-3284.2644
1206,2024-09-01 18:00:00+02,-3284.2393
1207,2024-09-01 18:30:00+02,-3284.1887
1208,2024-09-01 19:00:00+02,-3284.491
1209,2024-09-01 19:30:00+02,-3284.3901
1210,2024-09-01 20:00:00+02,-3284.5916
1211,2024-09-01 20:30:00+02,-3284.2393
1212,2024-09-01 21:00:00+02,-3284.2393
1213,2024-09-01 21:30:00+02,-3284.491
1214,2024-09-01 22:00:00+02,-3284.1887
1215,2024-09-01 22:30:00+02,-3284.4153
1216,2024-09-01 23:00:00+02,-3284.6167
1217,2024-09-02 00:30:00+02,-3284.1636
1218,2024-09-02 01:00:00+02,-3284.063
1219,2024-09-02 01:30:00+02,-3284.3147
1220,2024-09-02 02:00:00+02,-3284.1636
1221,2024-09-02 02:30:00+02,-3284.3147
1222,2024-09-02 03:00:00+02,-3284.0881
1223,2024-09-02 03:30:00+02,-3284.4153
1224,2024-09-02 04:00:00+02,-3284.4153
1225,2024-09-02 04:30:00+02,-3284.0378
1226,2024-09-02 05:00:00+02,-3284.2896
1227,2024-09-02 05:30:00+02,-3284.1384
1228,2024-09-02 06:00:00+02,-3284.0378
1229,2024-09-02 06:30:00+02,-3284.4658
1230,2024-09-02 07:00:00+02,-3284.1636
1231,2024-09-02 07:30:00+02,-3284.4658
1232,2024-09-02 08:00:00+02,-3284.4407
1233,2024-09-02 08:30:00+02,-3284.4153
1234,2024-09-02 09:00:00+02,-3284.1384
1235,2024-09-02 09:30:00+02,-3284.3147
1236,2024-09-02 10:00:00+02,-3284.063
1237,2024-09-02 10:30:00+02,-3284.3147
1238,2024-09-02 11:00:00+02,-3284.3901
1239,2024-09-02 11:30:00+02,-3284.491
1240,2024-09-02 12:00:00+02,-3284.4407
1241,2024-09-02 12:30:00+02,-3284.4153
1242,2024-09-02 13:00:00+02,-3284.063
1243,2024-09-02 13:30:00+02,-3284.0881
1244,2024-09-02 14:00:00+02,-3284.365
1245,2024-09-02 14:30:00+02,-3284.365
1246,2024-09-02 15:00:00+02,-3284.4407
1247,2024-09-02 15:30:00+02,-3284.2896
1248,2024-09-02 16:00:00+02,-3284.3901
1249,2024-09-02 16:30:00+02,-3284.2393
1250,2024-09-02 17:00:00+02,-3284.1384
1251,2024-09-02 17:30:00+02,-3284.365
1252,2024-09-02 18:00:00+02,-3284.5413
1253,2024-09-02 18:30:00+02,-3284.491
1254,2024-09-02 19:00:00+02,-3284.3398
1255,2024-09-02 19:30:00+02,-3284.3398
1256,2024-09-02 20:00:00+02,-3284.4407
1257,2024-09-02 20:30:00+02,-3284.2393
1258,2024-09-02 21:00:00+02,-3284.4407
1259,2024-09-02 21:30:00+02,-3284.793
1260,2024-09-02 22:00:00+02,-3284.2139
1261,2024-09-02 22:30:00+02,-3284.2139
1262,2024-09-02 23:00:00+02,-3284.4658
1263,2024-09-02 23:30:00+02,-3284.5413
1264,2024-09-03 00:00:00+02,-3284.4658
1265,2024-09-03 00:30:00+02,-3284.365
1266,2024-09-03 01:00:00+02,-3284.3901
1267,2024-09-03 01:30:00+02,-3284.2896
1268,2024-09-03 02:00:00+02,-3284.1133
1269,2024-09-03 02:30:00+02,-3284.4153
1270,2024-09-03 03:00:00+02,-3284.4407
1271,2024-09-03 03:30:00+02,-3284.1887
1272,2024-09-03 04:00:00+02,-3284.5413
1273,2024-09-03 04:30:00+02,-3284.2393
1274,2024-09-03 05:00:00+02,-3284.3901
1275,2024-09-03 05:30:00+02,-3284.3901
1276,2024-09-03 06:00:00+02,-3284.1636
1277,2024-09-03 06:30:00+02,-3284.491
1278,2024-09-03 07:00:00+02,-3284.4658
1279,2024-09-03 07:30:00+02,-3284.1133
1280,2024-09-03 08:00:00+02,-3284.1887
1281,2024-09-03 08:30:00+02,-3284.2644
1282,2024-09-03 09:00:00+02,-3284.4658
1283,2024-09-03 09:30:00+02,-3284.3398
1284,2024-09-03 10:00:00+02,-3284.365
1285,2024-09-03 10:30:00+02,-3284.4153
1286,2024-09-03 11:00:00+02,-3284.1133
1287,2024-09-03 11:30:00+02,-3284.491
1288,2024-09-03 12:00:00+02,-3284.1636
1289,2024-09-03 12:30:00+02,-3284.4153
1290,2024-09-03 13:00:00+02,-3284.0881
1291,2024-09-03 13:30:00+02,-3284.4407
1292,2024-09-03 14:00:00+02,-3284.0881
1293,2024-09-03 14:30:00+02,-3284.063
1294,2024-09-03 15:00:00+02,-3284.1887
1295,2024-09-03 15:30:00+02,-3284.365
1296,2024-09-03 16:00:00+02,-3284.365
1297,2024-09-03 16:30:00+02,-3284.4407
1298,2024-09-03 17:00:00+02,-3284.4407
1299,2024-09-03 17:30:00+02,-3284.5413
1300,2024-09-03 18:00:00+02,-3284.3901
1301,2024-09-03 18:30:00+02,-3284.0125
1302,2024-09-03 19:00:00+02,-3284.1384
1303,2024-09-03 19:30:00+02,-3284.2896
1304,2024-09-03 20:00:00+02,-3284.3398
1305,2024-09-03 20:30:00+02,-3284.2393
1306,2024-09-03 21:00:00+02,-3284.4153
1307,2024-09-03 21:30:00+02,-3284.3901
1308,2024-09-03 22:00:00+02,-3284.2393
1309,2024-09-03 22:30:00+02,-3284.365
1310,2024-09-03 23:00:00+02,-3284.1887
1311,2024-09-03 23:30:00+02,-3284.2393
1312,2024-09-04 00:00:00+02,-3284.3147
1313,2024-09-04 00:30:00+02,-3284.5413
1314,2024-09-04 01:00:00+02,-3284.1384
1315,2024-09-04 01:30:00+02,-3284.1887
1316,2024-09-04 02:00:00+02,-3284.2644
1317,2024-09-04 02:30:00+02,-3284.1384
1318,2024-09-04 03:00:00+02,-3284.1887
1319,2024-09-04 03:30:00+02,-3284.063
1320,2024-09-04 04:00:00+02,-3284.3901
1321,2024-09-04 04:30:00+02,-3284.1636
1322,2024-09-04 05:00:00+02,-3283.9622
1323,2024-09-04 05:30:00+02,-3284.2896
1324,2024-09-04 06:00:00+02,-3284.3901
1325,2024-09-04 06:30:00+02,-3284.365
1326,2024-09-04 07:00:00+02,-3284.1384
1327,2024-09-04 07:30:00+02,-3284.3147
1328,2024-09-04 08:00:00+02,-3284.365
1329,2024-09-04 08:30:00+02,-3284.2393
1330,2024-09-04 09:00:00+02,-3284.1384
1331,2024-09-04 09:30:00+02,-3284.2896
1332,2024-09-04 10:00:00+02,-3284.491
1333,2024-09-04 10:30:00+02,-3284.2393
1334,2024-09-04 11:00:00+02,-3284.6421
1335,2024-09-04 11:30:00+02,-3284.5161
1336,2024-09-04 12:00:00+02,-3284.4658
1337,2024-09-04 12:30:00+02,-3284.3147
1338,2024-09-04 13:00:00+02,-3284.2644
1339,2024-09-04 13:30:00+02,-3284.5916
1340,2024-09-04 14:00:00+02,-3284.1133
1341,2024-09-04 14:30:00+02,-3284.1133
1342,2024-09-04 15:00:00+02,-3284.063
1343,2024-09-04 15:30:00+02,-3284.1887
1344,2024-09-04 16:00:00+02,-3284.4407
1345,2024-09-04 16:30:00+02,-3284.1384
1346,2024-09-04 17:00:00+02,-3284.1887
1347,2024-09-04 17:30:00+02,-3284.1636
1348,2024-09-04 18:00:00+02,-3284.0378
1349,2024-09-04 18:30:00+02,-3284.2644
1350,2024-09-04 19:00:00+02,-3284.4153
1351,2024-09-04 19:30:00+02,-3284.365
1352,2024-09-04 20:00:00+02,-3284.1636
1353,2024-09-04 20:30:00+02,-3284.0881
1354,2024-09-04 21:00:00+02,-3284.0881
1355,2024-09-04 21:30:00+02,-3284.1887
1356,2024-09-04 22:00:00+02,-3284.2139
1357,2024-09-04 22:30:00+02,-3284.2896
1358,2024-09-04 23:00:00+02,-3284.2393
1359,2024-09-04 23:30:00+02,-3284.1133
1360,2024-09-05 00:00:00+02,-3284.491
1361,2024-09-05 00:30:00+02,-3284.491
1362,2024-09-05 01:00:00+02,-3284.2896
1363,2024-09-05 01:30:00+02,-3284.0125
1364,2024-09-05 02:00:00+02,-3284.3901
1365,2024-09-05 02:30:00+02,-3284.2139
1366,2024-09-05 03:00:00+02,-3284.3398
1367,2024-09-05 03:30:00+02,-3284.2644
1368,2024-09-05 04:00:00+02,-3284.4153
1369,2024-09-05 04:30:00+02,-3284.1636
1370,2024-09-05 05:00:00+02,-3284.491
1371,2024-09-05 05:30:00+02,-3284.1636
1372,2024-09-05 06:00:00+02,-3284.5161
1373,2024-09-05 06:30:00+02,-3284.4407
1374,2024-09-05 07:00:00+02,-3284.2393
1375,2024-09-05 07:30:00+02,-3284.1384
1376,2024-09-05 08:00:00+02,-3284.4658
1377,2024-09-05 08:30:00+02,-3284.2644
1378,2024-09-05 09:00:00+02,-3284.2139
1379,2024-09-05 09:30:00+02,-3284.5161
1380,2024-09-05 10:00:00+02,-3284.4153
1381,2024-09-05 10:30:00+02,-3284.3398
1382,2024-09-05 11:00:00+02,-3284.1887
1383,2024-09-05 11:30:00+02,-3284.1384
1384,2024-09-05 12:00:00+02,-3284.1887
1385,2024-09-05 12:30:00+02,-3284.1887
1386,2024-09-05 13:00:00+02,-3284.5161
1387,2024-09-05 13:30:00+02,-3284.2139
1388,2024-09-05 14:00:00+02,-3284.1384
1389,2024-09-05 14:30:00+02,-3284.2393
1390,2024-09-05 15:00:00+02,-3284.4153
1391,2024-09-05 15:30:00+02,-3284.4407
1392,2024-09-05 16:00:00+02,-3284.2393
1393,2024-09-05 16:30:00+02,-3284.4658
1394,2024-09-05 17:00:00+02,-3284.5664
1395,2024-09-05 17:30:00+02,-3284.063
1396,2024-09-05 18:00:00+02,-3284.5413
1397,2024-09-05 18:30:00+02,-3284.1887
1398,2024-09-05 19:00:00+02,-3284.2393
1399,2024-09-05 19:30:00+02,-3284.5916
1400,2024-09-05 20:00:00+02,-3284.4658
1401,2024-09-05 20:30:00+02,-3284.2644
1402,2024-09-05 21:00:00+02,-3284.1133
1403,2024-09-05 21:30:00+02,-3284.2393
1404,2024-09-05 22:00:00+02,-3284.2896
1405,2024-09-05 22:30:00+02,-3284.0881
1406,2024-09-05 23:00:00+02,-3284.4658
1407,2024-09-05 23:30:00+02,-3284.491
1408,2024-09-06 00:00:00+02,-3284.1133
1409,2024-09-06 00:30:00+02,-3284.4407
1410,2024-09-06 01:00:00+02,-3284.5161
1411,2024-09-06 01:30:00+02,-3284.2896
1412,2024-09-06 02:00:00+02,-3284.2644
1413,2024-09-06 02:30:00+02,-3284.491
1414,2024-09-06 03:00:00+02,-3284.5161
1415,2024-09-06 03:30:00+02,-3284.2139
1416,2024-09-06 04:00:00+02,-3284.063
1417,2024-09-06 04:30:00+02,-3284.491
1418,2024-09-06 05:00:00+02,-3284.2393
1419,2024-09-06 05:30:00+02,-3284.063
1420,2024-09-06 06:00:00+02,-3284.3901
1421,2024-09-06 06:30:00+02,-3284.365
1422,2024-09-06 07:00:00+02,-3284.5161
1423,2024-09-06 07:30:00+02,-3284.4407
1424,2024-09-06 08:00:00+02,-3284.3901
1425,2024-09-06 08:30:00+02,-3284.6421
1426,2024-09-06 09:00:00+02,-3284.2896
1427,2024-09-06 09:30:00+02,-3284.4407
1428,2024-09-06 10:00:00+02,-3284.5916
1429,2024-09-06 10:30:00+02,-3284.3901
1430,2024-09-06 11:00:00+02,-3284.2896
1431,2024-09-06 11:30:00+02,-3284.1384
1432,2024-09-06 12:00:00+02,-3284.4407
1433,2024-09-06 12:30:00+02,-3284.063
1434,2024-09-06 13:00:00+02,-3284.3901
1435,2024-09-06 13:30:00+02,-3284.5413
1436,2024-09-06 14:00:00+02,-3284.1887
1437,2024-09-06 14:30:00+02,-3284.491
1438,2024-09-06 15:00:00+02,-3284.2393
1439,2024-09-06 15:30:00+02,-3284.365
1440,2024-09-06 16:00:00+02,-3284.2139
1441,2024-09-06 16:30:00+02,-3284.5161
1442,2024-09-06 17:00:00+02,-3284.2644
1443,2024-09-06 17:30:00+02,-3284.2139
1444,2024-09-06 18:00:00+02,-3284.5161
1445,2024-09-06 18:30:00+02,-3284.2139
1446,2024-09-06 19:00:00+02,-3284.2896
1447,2024-09-06 19:30:00+02,-3284.3398
1448,2024-09-06 20:00:00+02,-3284.4658
1449,2024-09-06 20:30:00+02,-3284.365
1450,2024-09-06 21:00:00+02,-3284.2896
1451,2024-09-06 21:30:00+02,-3284.2393
1452,2024-09-06 22:00:00+02,-3284.1636
1453,2024-09-06 22:30:00+02,-3284.5664
1454,2024-09-06 23:00:00+02,-3284.0881
1455,2024-09-06 23:30:00+02,-3284.3398
1456,2024-09-07 00:00:00+02,-3284.365
1457,2024-09-07 00:30:00+02,-3284.4153
1458,2024-09-07 01:00:00+02,-3284.2644
1459,2024-09-07 01:30:00+02,-3284.365
1460,2024-09-07 02:00:00+02,-3284.2393
1461,2024-09-07 02:30:00+02,-3284.1636
1462,2024-09-07 03:00:00+02,-3284.4407
1463,2024-09-07 03:30:00+02,-3284.6421
1464,2024-09-07 04:00:00+02,-3284.4153
1465,2024-09-07 04:30:00+02,-3284.4153
1466,2024-09-07 05:00:00+02,-3284.1384
1467,2024-09-07 05:30:00+02,-3284.1636
1468,2024-09-07 06:00:00+02,-3284.4407
1469,2024-09-07 06:30:00+02,-3284.4407
1470,2024-09-07 07:00:00+02,-3284.4658
1471,2024-09-07 07:30:00+02,-3284.0881
1472,2024-09-07 08:00:00+02,-3284.1636
1473,2024-09-07 08:30:00+02,-3284.2644
1474,2024-09-07 09:00:00+02,-3284.3398
1475,2024-09-07 09:30:00+02,-3284.1133
1476,2024-09-07 10:00:00+02,-3284.5413
1477,2024-09-07 10:30:00+02,-3284.491
1478,2024-09-07 11:00:00+02,-3284.063
1479,2024-09-07 11:30:00+02,-3284.5664
1480,2024-09-07 12:00:00+02,-3284.5413
1481,2024-09-07 12:30:00+02,-3284.2393
1482,2024-09-07 13:00:00+02,-3284.4407
1483,2024-09-07 13:30:00+02,-3284.063
1484,2024-09-07 14:00:00+02,-3284.3901
1485,2024-09-07 14:30:00+02,-3284.4407
1486,2024-09-07 15:00:00+02,-3284.3901
1487,2024-09-07 15:30:00+02,-3284.6167
1488,2024-09-07 16:00:00+02,-3284.3147
1489,2024-09-07 16:30:00+02,-3284.4153
1490,2024-09-07 17:00:00+02,-3284.491
1491,2024-09-07 17:30:00+02,-3284.4658
1492,2024-09-07 18:00:00+02,-3284.3147
1493,2024-09-07 18:30:00+02,-3284.365
1494,2024-09-07 19:00:00+02,-3284.3398
1495,2024-09-07 19:30:00+02,-3284.1887
1496,2024-09-07 20:00:00+02,-3284.0881
1497,2024-09-07 20:30:00+02,-3284.5664
1498,2024-09-07 21:00:00+02,-3284.2393
1499,2024-09-07 21:30:00+02,-3284.2896
1500,2024-09-07 22:00:00+02,-3284.4658
1501,2024-09-07 22:30:00+02,-3284.1887
1502,2024-09-07 23:00:00+02,-3284.2644
1503,2024-09-07 23:30:00+02,-3284.4658
1504,2024-09-08 00:00:00+02,-3284.5664
1505,2024-09-08 00:30:00+02,-3284.2896
1506,2024-09-08 01:00:00+02,-3284.4407
1507,2024-09-08 01:30:00+02,-3284.4658
1508,2024-09-08 02:00:00+02,-3284.1384
1509,2024-09-08 02:30:00+02,-3284.2896
1510,2024-09-08 03:00:00+02,-3284.2393
1511,2024-09-08 03:30:00+02,-3284.1384
1512,2024-09-08 04:00:00+02,-3283.937
1513,2024-09-08 04:30:00+02,-3284.491
1514,2024-09-08 05:00:00+02,-3284.1887
1515,2024-09-08 05:30:00+02,-3284.4153
1516,2024-09-08 06:00:00+02,-3284.1636
1517,2024-09-08 06:30:00+02,-3284.4153
1518,2024-09-08 07:00:00+02,-3284.3398
1519,2024-09-08 07:30:00+02,-3284.063
1520,2024-09-08 08:00:00+02,-3284.1887
1521,2024-09-08 08:30:00+02,-3284.7175
1522,2024-09-08 09:00:00+02,-3284.5413
1523,2024-09-08 09:30:00+02,-3284.3901
1524,2024-09-08 10:00:00+02,-3284.0378
1525,2024-09-08 10:30:00+02,-3284.2139
1526,2024-09-08 11:00:00+02,-3284.1887
1527,2024-09-08 11:30:00+02,-3284.2393
1528,2024-09-08 12:00:00+02,-3284.2644
1529,2024-09-08 12:30:00+02,-3284.4407
1530,2024-09-08 13:00:00+02,-3284.4407
1531,2024-09-08 13:30:00+02,-3284.4407
1532,2024-09-08 14:00:00+02,-3284.1887
1533,2024-09-08 14:30:00+02,-3284.491
1534,2024-09-08 15:00:00+02,-3284.5161
1535,2024-09-08 15:30:00+02,-3284.2393
1536,2024-09-08 16:00:00+02,-3284.4153
1537,2024-09-08 16:30:00+02,-3284.491
1538,2024-09-08 17:00:00+02,-3284.1384
1539,2024-09-08 17:30:00+02,-3284.6167
1540,2024-09-08 18:00:00+02,-3284.5161
1541,2024-09-08 18:30:00+02,-3284.2393
1542,2024-09-08 19:00:00+02,-3284.2393
1543,2024-09-08 19:30:00+02,-3284.1384
1544,2024-09-08 20:00:00+02,-3284.2139
1545,2024-09-08 20:30:00+02,-3284.3398
1546,2024-09-08 21:00:00+02,-3284.1384
1547,2024-09-08 21:30:00+02,-3284.5664
1548,2024-09-08 22:00:00+02,-3284.3398
1549,2024-09-08 22:30:00+02,-3284.2393
1550,2024-09-08 23:00:00+02,-3284.1636
1551,2024-09-08 23:30:00+02,-3284.3398
1552,2024-09-09 00:00:00+02,-3284.491
1553,2024-09-09 00:30:00+02,-3284.2139
1554,2024-09-09 01:00:00+02,-3284.1636
1555,2024-09-09 01:30:00+02,-3284.3147
1556,2024-09-09 02:00:00+02,-3284.5413
1557,2024-09-09 02:30:00+02,-3284.4658
1558,2024-09-09 03:00:00+02,-3284.2644
1559,2024-09-09 03:30:00+02,-3284.3901
1560,2024-09-09 04:00:00+02,-3284.4153
1561,2024-09-09 04:30:00+02,-3284.5413
1562,2024-09-09 05:00:00+02,-3284.1384
1563,2024-09-09 05:30:00+02,-3284.063
1564,2024-09-09 06:00:00+02,-3284.2896
1565,2024-09-09 06:30:00+02,-3284.5413
1566,2024-09-09 07:00:00+02,-3284.491
1567,2024-09-09 07:30:00+02,-3284.491
1568,2024-09-09 08:00:00+02,-3284.6167
1569,2024-09-09 08:30:00+02,-3284.063
1570,2024-09-09 09:00:00+02,-3284.2139
1571,2024-09-09 09:30:00+02,-3284.491
1572,2024-09-09 10:00:00+02,-3284.2896
1573,2024-09-09 10:30:00+02,-3284.365
1574,2024-09-09 11:00:00+02,-3284.365
1575,2024-09-09 11:30:00+02,-3284.3147
1576,2024-09-09 12:00:00+02,-3284.1384
1577,2024-09-09 12:30:00+02,-3284.3147
1578,2024-09-09 13:00:00+02,-3284.1636
1579,2024-09-09 13:30:00+02,-3284.0881
1580,2024-09-09 14:00:00+02,-3284.365
1581,2024-09-09 14:30:00+02,-3284.3398
1582,2024-09-09 15:00:00+02,-3284.4153
1583,2024-09-09 15:30:00+02,-3284.4407
1584,2024-09-09 16:00:00+02,-3284.1887
1585,2024-09-09 16:30:00+02,-3284.5161
1586,2024-09-09 17:00:00+02,-3284.5664
1587,2024-09-09 17:30:00+02,-3284.4153
1588,2024-09-09 18:00:00+02,-3284.3901
1589,2024-09-09 18:30:00+02,-3284.3147
1590,2024-09-09 19:00:00+02,-3284.1133
1591,2024-09-09 19:30:00+02,-3284.2139
1592,2024-09-09 20:00:00+02,-3284.1636
1593,2024-09-09 20:30:00+02,-3284.3398
1594,2024-09-09 21:00:00+02,-3284.1133
1595,2024-09-09 21:30:00+02,-3284.2644
1596,2024-09-09 22:00:00+02,-3284.2644
1597,2024-09-09 22:30:00+02,-3284.5413
1598,2024-09-09 23:00:00+02,-3284.491
1599,2024-09-09 23:30:00+02,-3284.1384
1600,2024-09-10 00:00:00+02,-3284.2139
1601,2024-09-10 00:30:00+02,-3284.3901
1602,2024-09-10 01:00:00+02,-3284.1636
1603,2024-09-10 01:30:00+02,-3284.3901
1604,2024-09-10 02:00:00+02,-3284.5664
1605,2024-09-10 02:30:00+02,-3284.5664
1606,2024-09-10 03:00:00+02,-3284.365
1607,2024-09-10 03:30:00+02,-3284.1887
1608,2024-09-10 04:00:00+02,-3284.3901
1609,2024-09-10 04:30:00+02,-3284.3901
1610,2024-09-10 05:00:00+02,-3284.5413
1611,2024-09-10 05:30:00+02,-3284.2139
1612,2024-09-10 06:00:00+02,-3284.4407
1613,2024-09-10 06:30:00+02,-3284.1384
1614,2024-09-10 07:00:00+02,-3284.4658
1615,2024-09-10 07:30:00+02,-3284.3901
1616,2024-09-10 08:00:00+02,-3284.3398
1617,2024-09-10 08:30:00+02,-3284.0881
1618,2024-09-10 09:00:00+02,-3284.5413
1619,2024-09-10 09:30:00+02,-3284.5161
1620,2024-09-10 10:00:00+02,-3284.1887
1621,2024-09-10 10:30:00+02,-3284.365
1622,2024-09-10 11:00:00+02,-3284.2139
1623,2024-09-10 11:30:00+02,-3284.1636
1624,2024-09-10 12:00:00+02,-3284.3398
1625,2024-09-10 12:30:00+02,-3284.4658
1626,2024-09-10 13:00:00+02,-3284.1636
1627,2024-09-10 13:30:00+02,-3284.1636
1628,2024-09-10 14:00:00+02,-3284.2644
1629,2024-09-10 14:30:00+02,-3284.3398
1630,2024-09-10 15:00:00+02,-3284.0881
1631,2024-09-10 15:30:00+02,-3284.1636
1632,2024-09-10 16:00:00+02,-3284.4407
1633,2024-09-10 16:30:00+02,-3284.491
1634,2024-09-10 17:00:00+02,-3284.1384
1635,2024-09-10 17:30:00+02,-3284.5161
1636,2024-09-10 18:00:00+02,-3284.1636
1637,2024-09-10 18:30:00+02,-3284.491
1638,2024-09-10 19:00:00+02,-3284.4153
1639,2024-09-10 19:30:00+02,-3284.5161
1640,2024-09-10 20:00:00+02,-3284.3147
1641,2024-09-10 20:30:00+02,-3284.4658
1642,2024-09-10 21:00:00+02,-3284.2393
1643,2024-09-10 21:30:00+02,-3284.3398
1644,2024-09-10 22:00:00+02,-3284.4153
1645,2024-09-10 22:30:00+02,-3284.491
1646,2024-09-10 23:00:00+02,-3284.3147
1647,2024-09-10 23:30:00+02,-3284.1133
1648,2024-09-11 00:00:00+02,-3284.4658
1649,2024-09-11 00:30:00+02,-3284.5413
1650,2024-09-11 01:00:00+02,-3284.1133
1651,2024-09-11 01:30:00+02,-3284.2896
1652,2024-09-11 02:00:00+02,-3284.1887
1653,2024-09-11 02:30:00+02,-3284.0881
1654,2024-09-11 03:00:00+02,-3284.2393
1655,2024-09-11 03:30:00+02,-3284.1384
1656,2024-09-11 04:00:00+02,-3284.491
1657,2024-09-11 04:30:00+02,-3284.5413
1658,2024-09-11 05:00:00+02,-3284.1887
1659,2024-09-11 05:30:00+02,-3284.491
1660,2024-09-11 06:00:00+02,-3284.2644
1661,2024-09-11 06:30:00+02,-3284.0881
1662,2024-09-11 07:00:00+02,-3284.4407
1663,2024-09-11 07:30:00+02,-3284.3398
1664,2024-09-11 08:00:00+02,-3284.4153
1665,2024-09-11 08:30:00+02,-3284.3398
1666,2024-09-11 09:00:00+02,-3284.1887
1667,2024-09-11 09:30:00+02,-3284.1636
1668,2024-09-11 10:00:00+02,-3284.1887
1669,2024-09-11 10:30:00+02,-3284.1636
1670,2024-09-11 11:00:00+02,-3284.3398
1671,2024-09-11 11:30:00+02,-3284.3147
1672,2024-09-11 12:00:00+02,-3284.1887
1673,2024-09-11 12:30:00+02,-3284.1384
1674,2024-09-11 13:00:00+02,-3284.5161
1675,2024-09-11 13:30:00+02,-3284.1636
1676,2024-09-11 14:00:00+02,-3284.4153
1677,2024-09-11 14:30:00+02,-3284.1636
1678,2024-09-11 15:00:00+02,-3284.3901
1679,2024-09-11 15:30:00+02,-3284.2896
1680,2024-09-11 16:00:00+02,-3284.2896
1681,2024-09-11 16:30:00+02,-3284.4407
1682,2024-09-11 17:00:00+02,-3284.2644
1683,2024-09-11 17:30:00+02,-3284.2393
1684,2024-09-11 18:00:00+02,-3284.4153
1685,2024-09-11 18:30:00+02,-3284.365
1686,2024-09-11 19:00:00+02,-3284.5161
1687,2024-09-11 19:30:00+02,-3284.1887
1688,2024-09-11 20:00:00+02,-3284.1636
1689,2024-09-11 20:30:00+02,-3284.365
1690,2024-09-11 21:00:00+02,-3284.2139
1691,2024-09-11 21:30:00+02,-3284.2896
1692,2024-09-11 22:00:00+02,-3284.1636
1693,2024-09-11 22:30:00+02,-3283.9873
1694,2024-09-11 23:00:00+02,-3284.365
1695,2024-09-11 23:30:00+02,-3284.3398
1696,2024-09-12 00:00:00+02,-3284.3901
1697,2024-09-12 00:30:00+02,-3284.1133
1698,2024-09-12 01:00:00+02,-3284.1887
1699,2024-09-12 01:30:00+02,-3284.3398
1700,2024-09-12 02:00:00+02,-3284.0378
1701,2024-09-12 02:30:00+02,-3284.4658
1702,2024-09-12 03:00:00+02,-3284.2644
1703,2024-09-12 03:30:00+02,-3284.3398
1704,2024-09-12 04:00:00+02,-3284.1384
1705,2024-09-12 04:30:00+02,-3284.2139
1706,2024-09-12 05:00:00+02,-3284.063
1707,2024-09-12 05:30:00+02,-3284.1133
1708,2024-09-12 06:00:00+02,-3284.6421
1709,2024-09-12 06:30:00+02,-3284.3147
1710,2024-09-12 07:00:00+02,-3284.2896
1711,2024-09-12 07:30:00+02,-3284.0881
1712,2024-09-12 08:00:00+02,-3284.1636
1713,2024-09-12 08:30:00+02,-3283.9873
1714,2024-09-12 09:00:00+02,-3284.063
1715,2024-09-12 09:30:00+02,-3284.1636
1716,2024-09-12 10:00:00+02,-3284.3398
1717,2024-09-12 10:30:00+02,-3284.1133
1718,2024-09-12 11:00:00+02,-3284.4153
1719,2024-09-12 11:30:00+02,-3284.1384
1720,2024-09-12 12:00:00+02,-3284.2644
1721,2024-09-12 12:30:00+02,-3284.1384
1722,2024-09-12 13:00:00+02,-3284.3147
1723,2024-09-12 13:30:00+02,-3284.3398
1724,2024-09-12 14:00:00+02,-3284.2139
1725,2024-09-12 14:30:00+02,-3284.3901
1726,2024-09-12 15:00:00+02,-3284.2896
1727,2024-09-12 15:30:00+02,-3284.3147
1728,2024-09-12 16:00:00+02,-3284.1636
1729,2024-09-12 16:30:00+02,-3284.365
1730,2024-09-12 17:00:00+02,-3284.3398
1731,2024-09-12 17:30:00+02,-3284.1636
1732,2024-09-12 18:00:00+02,-3283.9873
1733,2024-09-12 18:30:00+02,-3284.1384
1734,2024-09-12 19:00:00+02,-3284.4153
1735,2024-09-12 19:30:00+02,-3284.2139
1736,2024-09-12 20:00:00+02,-3284.2139
1737,2024-09-12 20:30:00+02,-3284.2896
1738,2024-09-12 21:00:00+02,-3284.1384
1739,2024-09-12 21:30:00+02,-3284.5916
1740,2024-09-12 22:00:00+02,-3284.2139
1741,2024-09-12 22:30:00+02,-3284.1636
1742,2024-09-12 23:00:00+02,-3284.1887
1743,2024-09-12 23:30:00+02,-3284.2393
1744,2024-09-13 00:00:00+02,-3284.2139
1745,2024-09-13 00:30:00+02,-3284.4153
1746,2024-09-13 01:00:00+02,-3284.0881
1747,2024-09-13 01:30:00+02,-3284.4407
1748,2024-09-13 02:00:00+02,-3284.491
1749,2024-09-13 02:30:00+02,-3284.0378
1750,2024-09-13 03:00:00+02,-3284.2644
1751,2024-09-13 03:30:00+02,-3284.4658
1752,2024-09-13 04:00:00+02,-3284.2393
1753,2024-09-13 04:30:00+02,-3284.0881
1754,2024-09-13 05:00:00+02,-3284.4153
1755,2024-09-13 05:30:00+02,-3284.5664
1756,2024-09-13 06:00:00+02,-3284.0378
1757,2024-09-13 06:30:00+02,-3284.3147
1758,2024-09-13 07:00:00+02,-3284.5161
1759,2024-09-13 07:30:00+02,-3284.1887
1760,2024-09-13 08:00:00+02,-3284.365
1761,2024-09-13 08:30:00+02,-3284.4407
1762,2024-09-13 09:00:00+02,-3284.4407
1763,2024-09-13 09:30:00+02,-3284.4658
1764,2024-09-13 10:00:00+02,-3284.063
1765,2024-09-13 10:30:00+02,-3284.0125
1766,2024-09-13 11:00:00+02,-3284.5161
1767,2024-09-13 11:30:00+02,-3284.0881
1768,2024-09-13 12:00:00+02,-3284.063
1769,2024-09-13 12:30:00+02,-3284.1636
1770,2024-09-13 13:00:00+02,-3284.0378
1771,2024-09-13 13:30:00+02,-3284.1887
1772,2024-09-13 14:00:00+02,-3284.2644
1773,2024-09-13 14:30:00+02,-3284.1384
1774,2024-09-13 15:00:00+02,-3284.3147
1775,2024-09-13 15:30:00+02,-3284.3147
1776,2024-09-13 16:00:00+02,-3284.3147
1777,2024-09-13 16:30:00+02,-3284.491
1778,2024-09-13 17:00:00+02,-3284.4153
1779,2024-09-13 17:30:00+02,-3284.2644
1780,2024-09-13 18:00:00+02,-3284.2393
1781,2024-09-13 18:30:00+02,-3284.4407
1782,2024-09-13 19:00:00+02,-3284.3901
1783,2024-09-13 19:30:00+02,-3284.2644
1784,2024-09-13 20:00:00+02,-3284.2393
1785,2024-09-13 20:30:00+02,-3284.4153
1786,2024-09-13 21:00:00+02,-3284.2644
1787,2024-09-13 21:30:00+02,-3284.1384
1788,2024-09-13 22:00:00+02,-3284.365
1789,2024-09-13 22:30:00+02,-3284.3398
1790,2024-09-13 23:00:00+02,-3284.2393
1791,2024-09-13 23:30:00+02,-3284.4407
1792,2024-09-14 00:00:00+02,-3284.365
1793,2024-09-14 00:30:00+02,-3284.1384
1794,2024-09-14 01:00:00+02,-3284.4153
1795,2024-09-14 01:30:00+02,-3284.1133
1796,2024-09-14 02:00:00+02,-3284.1133
1797,2024-09-14 02:30:00+02,-3284.3901
1798,2024-09-14 03:00:00+02,-3284.4153
1799,2024-09-14 03:30:00+02,-3284.2644
1800,2024-09-14 04:00:00+02,-3284.5664
1801,2024-09-14 04:30:00+02,-3284.5161
1802,2024-09-14 05:00:00+02,-3284.491
1803,2024-09-14 05:30:00+02,-3284.4153
1804,2024-09-14 06:00:00+02,-3284.1636
1805,2024-09-14 06:30:00+02,-3284.2896
1806,2024-09-14 07:00:00+02,-3284.491
1807,2024-09-14 07:30:00+02,-3284.1133
1808,2024-09-14 08:00:00+02,-3284.5161
1809,2024-09-14 08:30:00+02,-3284.2139
1810,2024-09-14 09:00:00+02,-3284.3147
1811,2024-09-14 09:30:00+02,-3284.1887
1812,2024-09-14 10:00:00+02,-3284.4153
1813,2024-09-14 10:30:00+02,-3284.6421
1814,2024-09-14 11:00:00+02,-3284.0125
1815,2024-09-14 11:30:00+02,-3284.491
1816,2024-09-14 12:00:00+02,-3284.491
1817,2024-09-14 12:30:00+02,-3284.1887
1818,2024-09-14 13:00:00+02,-3284.1133
1819,2024-09-14 15:00:00+02,-3284.5161
1820,2024-09-14 15:30:00+02,-3284.1636
1821,2024-09-14 16:00:00+02,-3284.1636
1822,2024-09-14 16:30:00+02,-3284.491
1823,2024-09-14 17:00:00+02,-3284.5916
1824,2024-09-14 17:30:00+02,-3284.3901
1825,2024-09-14 18:00:00+02,-3284.0378
1826,2024-09-14 18:30:00+02,-3284.4658
1827,2024-09-14 19:00:00+02,-3284.1636
1828,2024-09-14 19:30:00+02,-3284.5664
1829,2024-09-14 20:00:00+02,-3284.3398
1830,2024-09-14 20:30:00+02,-3284.5161
1831,2024-09-14 21:00:00+02,-3284.4407
1832,2024-09-14 21:30:00+02,-3284.1636
1833,2024-09-14 22:00:00+02,-3284.4153
1834,2024-09-14 22:30:00+02,-3284.5413
1835,2024-09-14 23:00:00+02,-3284.2896
1836,2024-09-14 23:30:00+02,-3284.2393
1837,2024-09-15 00:00:00+02,-3284.3147
1838,2024-09-15 00:30:00+02,-3284.2393
1839,2024-09-15 01:00:00+02,-3284.0881
1840,2024-09-15 01:30:00+02,-3284.3398
1841,2024-09-15 02:00:00+02,-3284.1636
1842,2024-09-15 02:30:00+02,-3284.1384
1843,2024-09-15 03:00:00+02,-3284.4658
1844,2024-09-15 03:30:00+02,-3284.3398
1845,2024-09-15 04:00:00+02,-3284.2896
1846,2024-09-15 04:30:00+02,-3284.0125
1847,2024-09-15 05:00:00+02,-3284.4407
1848,2024-09-15 05:30:00+02,-3284.1887
1849,2024-09-15 06:00:00+02,-3284.365
1850,2024-09-15 06:30:00+02,-3284.1636
1851,2024-09-15 07:00:00+02,-3284.5664
1852,2024-09-15 07:30:00+02,-3284.4407
1853,2024-09-15 08:00:00+02,-3284.2139
1854,2024-09-15 08:30:00+02,-3284.3901
1855,2024-09-15 09:00:00+02,-3284.1887
1856,2024-09-15 09:30:00+02,-3284.4407
1857,2024-09-15 10:00:00+02,-3284.063
1858,2024-09-15 10:30:00+02,-3284.1384
1859,2024-09-15 11:00:00+02,-3284.3398
1860,2024-09-15 11:30:00+02,-3284.0881
1861,2024-09-15 12:00:00+02,-3284.491
1862,2024-09-15 12:30:00+02,-3284.1133
1863,2024-09-15 13:00:00+02,-3284.1636
1864,2024-09-15 13:30:00+02,-3284.365
1865,2024-09-15 14:00:00+02,-3284.2644
1866,2024-09-15 14:30:00+02,-3284.0881
1867,2024-09-15 15:00:00+02,-3284.5161
1868,2024-09-15 15:30:00+02,-3284.365
1869,2024-09-15 16:00:00+02,-3284.3147
1870,2024-09-15 16:30:00+02,-3284.1887
1871,2024-09-15 17:00:00+02,-3284.5161
1872,2024-09-15 17:30:00+02,-3284.1384
1873,2024-09-15 18:00:00+02,-3284.2896
1874,2024-09-15 18:30:00+02,-3284.2896
1875,2024-09-15 19:00:00+02,-3284.3147
1876,2024-09-15 19:30:00+02,-3284.2896
1877,2024-09-15 20:00:00+02,-3284.1384
1878,2024-09-15 20:30:00+02,-3284.3398
1879,2024-09-15 21:00:00+02,-3284.5161
1880,2024-09-15 21:30:00+02,-3284.1887
1881,2024-09-15 22:00:00+02,-3284.2896
1882,2024-09-15 22:30:00+02,-3284.1887
1883,2024-09-15 23:00:00+02,-3284.1636
1884,2024-09-15 23:30:00+02,-3284.1636
1885,2024-09-16 00:00:00+02,-3284.1133
1886,2024-09-16 00:30:00+02,-3284.2644
1887,2024-09-16 01:00:00+02,-3284.6167
1888,2024-09-16 01:30:00+02,-3284.365
1889,2024-09-16 02:00:00+02,-3284.5161
1890,2024-09-16 02:30:00+02,-3284.6167
1891,2024-09-16 03:00:00+02,-3284.3398
1892,2024-09-16 03:30:00+02,-3284.2644
1893,2024-09-16 04:00:00+02,-3284.1133
1894,2024-09-16 04:30:00+02,-3284.1887
1895,2024-09-16 05:00:00+02,-3284.1384
1896,2024-09-16 05:30:00+02,-3284.2139
1897,2024-09-16 06:00:00+02,-3284.2896
1898,2024-09-16 06:30:00+02,-3284.4153
1899,2024-09-16 07:00:00+02,-3284.3901
1900,2024-09-16 07:30:00+02,-3284.5413
1901,2024-09-16 08:00:00+02,-3284.3398
1902,2024-09-16 08:30:00+02,-3284.0881
1903,2024-09-16 09:00:00+02,-3284.1887
1904,2024-09-16 09:30:00+02,-3284.4407
1905,2024-09-16 10:00:00+02,-3284.2644
1906,2024-09-16 10:30:00+02,-3284.1133
1907,2024-09-16 11:00:00+02,-3284.1133
